investor_id,age_group,gender,monthly_sip_amount
1,56-65,Male,17956.0
2,46-55,Male,20042.0
3,26-35,Male,6729.0
4,46-55,Male,5269.0
5,46-55,Female,7900.0
6,26-35,Male,8234.0
7,36-45,Male,6569.0
8,36-45,Male,7217.0
9,26-35,Male,5804.0
10,36-45,Female,10393.0
11,46-55,Male,16362.0
12,46-55,Female,8266.0
13,26-35,Male,10175.0
14,26-35,Female,3649.0
15,36-45,Female,5451.0
16,65+,Male,4487.0
17,56-65,Male,4287.0
18,18-25,Female,2713.0
19,46-55,Female,16508.0
20,26-35,Male,2631.0
21,26-35,Male,17749.0
22,36-45,Male,3864.0
23,46-55,Female,7617.0
24,26-35,Female,10419.0
25,56-65,Female,7246.0
26,26-35,Male,1444.0
27,46-55,Male,10308.0
28,56-65,Male,6952.0
29,26-35,Male,2046.0
30,26-35,Female,10430.0
31,46-55,Male,9284.0
32,26-35,Male,4804.0
33,46-55,Female,6389.0
34,65+,Male,6303.0
35,18-25,Female,698.0
36,36-45,Male,8090.0
37,26-35,Male,5152.0
38,36-45,Male,6157.0
39,46-55,Male,2743.0
40,26-35,Female,5873.0
41,26-35,Male,4901.0
42,26-35,Male,5641.0
43,46-55,Male,4835.0
44,46-55,Male,6416.0
45,46-55,Male,5736.0
46,36-45,Male,3217.0
47,56-65,Male,4081.0
48,26-35,Male,3313.0
49,56-65,Male,16099.0
50,26-35,Female,1024.0
51,26-35,Male,3590.0
52,46-55,Female,4022.0
53,46-55,Female,26014.0
54,18-25,Male,5178.0
55,26-35,Male,4383.0
56,56-65,Male,4095.0
57,26-35,Female,1972.0
58,46-55,Male,10143.0
59,26-35,Male,1641.0
60,26-35,Male,3593.0
61,46-55,Male,16694.0
62,46-55,Male,8525.0
63,18-25,Male,1131.0
64,56-65,Female,8167.0
65,18-25,Male,1977.0
66,36-45,Male,21367.0
67,36-45,Male,13589.0
68,26-35,Male,4620.0
69,65+,Male,4589.0
70,36-45,Male,12710.0
71,56-65,Female,7488.0
72,36-45,Male,4588.0
73,36-45,Male,3942.0
74,26-35,Male,1575.0
75,26-35,Female,2623.0
76,36-45,Male,15288.0
77,18-25,Male,1729.0
78,26-35,Male,5135.0
79,36-45,Male,5052.0
80,36-45,Male,3389.0
81,36-45,Female,8079.0
82,46-55,Male,18071.0
83,36-45,Female,7050.0
84,46-55,Male,6161.0
85,26-35,Male,3728.0
86,46-55,Male,3027.0
87,56-65,Male,9936.0
88,36-45,Male,3581.0
89,36-45,Male,3420.0
90,46-55,Female,5923.0
91,18-25,Male,2881.0
92,46-55,Male,8865.0
93,36-45,Male,6942.0
94,26-35,Male,9465.0
95,36-45,Male,13598.0
96,26-35,Female,1478.0
97,26-35,Male,1770.0
98,46-55,Male,14213.0
99,26-35,Male,8299.0
100,46-55,Male,10959.0
101,65+,Male,3517.0
102,46-55,Male,37878.0
103,26-35,Female,4224.0
104,46-55,Male,4743.0
105,36-45,Female,2107.0
106,46-55,Female,12427.0
107,26-35,Male,4115.0
108,26-35,Female,4389.0
109,36-45,Male,3043.0
110,36-45,Male,4195.0
111,26-35,Male,3913.0
112,46-55,Female,14587.0
113,56-65,Male,4520.0
114,36-45,Male,9673.0
115,36-45,Female,6538.0
116,36-45,Male,9284.0
117,26-35,Male,4262.0
118,26-35,Male,1306.0
119,46-55,Male,5517.0
120,26-35,Male,2891.0
121,26-35,Male,2234.0
122,56-65,Female,10419.0
123,65+,Male,2819.0
124,26-35,Female,2988.0
125,56-65,Female,18083.0
126,26-35,Female,3955.0
127,36-45,Male,5720.0
128,26-35,Female,3386.0
129,26-35,Male,5142.0
130,36-45,Male,6713.0
131,26-35,Male,8948.0
132,36-45,Female,10278.0
133,26-35,Female,4462.0
134,46-55,Female,7873.0
135,46-55,Male,11231.0
136,36-45,Male,14073.0
137,36-45,Female,6735.0
138,46-55,Male,14065.0
139,46-55,Male,21205.0
140,26-35,Male,5466.0
141,46-55,Female,4849.0
142,26-35,Male,1256.0
143,36-45,Female,5451.0
144,46-55,Female,6546.0
145,46-55,Male,5409.0
146,26-35,Male,8669.0
147,26-35,Male,6326.0
148,26-35,Female,2279.0
149,26-35,Male,2918.0
150,46-55,Female,8974.0
151,46-55,Female,4700.0
152,36-45,Male,9884.0
153,46-55,Male,7242.0
154,46-55,Male,4512.0
155,26-35,Male,3181.0
156,26-35,Female,5055.0
157,46-55,Male,7012.0
158,18-25,Male,1436.0
159,26-35,Female,5465.0
160,26-35,Male,6785.0
161,26-35,Male,3173.0
162,26-35,Male,8079.0
163,46-55,Male,9859.0
164,36-45,Female,4309.0
165,46-55,Female,13145.0
166,26-35,Male,1802.0
167,36-45,Male,8365.0
168,26-35,Male,4841.0
169,36-45,Female,15191.0
170,46-55,Male,3950.0
171,36-45,Female,6640.0
172,26-35,Male,5198.0
173,36-45,Male,10603.0
174,46-55,Female,8370.0
175,36-45,Female,6026.0
176,56-65,Female,12615.0
177,46-55,Male,6122.0
178,26-35,Male,11731.0
179,46-55,Male,7467.0
180,36-45,Male,7130.0
181,36-45,Male,8212.0
182,26-35,Male,3499.0
183,18-25,Male,2847.0
184,26-35,Male,8854.0
185,56-65,Male,4444.0
186,36-45,Male,3704.0
187,36-45,Female,7615.0
188,65+,Male,4426.0
189,36-45,Female,5409.0
190,36-45,Male,3950.0
191,26-35,Male,1865.0
192,18-25,Female,2109.0
193,36-45,Male,20513.0
194,36-45,Male,14566.0
195,26-35,Female,2966.0
196,18-25,Male,1355.0
197,26-35,Male,12388.0
198,26-35,Female,1922.0
199,36-45,Female,6849.0
200,46-55,Male,10477.0
201,18-25,Male,5453.0
202,36-45,Female,12179.0
203,26-35,Male,4296.0
204,36-45,Male,6843.0
205,26-35,Female,3068.0
206,18-25,Male,1263.0
207,26-35,Male,8868.0
208,36-45,Male,13312.0
209,26-35,Male,9003.0
210,26-35,Female,2776.0
211,36-45,Male,16332.0
212,26-35,Female,4426.0
213,36-45,Female,7344.0
214,26-35,Male,3450.0
215,36-45,Female,8074.0
216,46-55,Male,36333.0
217,26-35,Female,3887.0
218,46-55,Female,6994.0
219,36-45,Male,4790.0
220,46-55,Male,26627.0
221,36-45,Male,5373.0
222,26-35,Male,6255.0
223,36-45,Male,10674.0
224,26-35,Female,6802.0
225,18-25,Male,1049.0
226,46-55,Male,14919.0
227,46-55,Male,10914.0
228,36-45,Male,15541.0
229,36-45,Male,4200.0
230,46-55,Male,6058.0
231,36-45,Male,8554.0
232,36-45,Female,8727.0
233,36-45,Female,8433.0
234,26-35,Male,9014.0
235,36-45,Male,1998.0
236,26-35,Male,2539.0
237,56-65,Female,10553.0
238,56-65,Female,6393.0
239,36-45,Male,6483.0
240,26-35,Female,3020.0
241,18-25,Female,2894.0
242,36-45,Female,6098.0
243,36-45,Male,1657.0
244,36-45,Male,4469.0
245,26-35,Male,5272.0
246,26-35,Male,4385.0
247,36-45,Male,9316.0
248,56-65,Male,6370.0
249,26-35,Male,3235.0
250,46-55,Male,4331.0
251,26-35,Male,4570.0
252,26-35,Male,3142.0
253,26-35,Male,9789.0
254,26-35,Male,3013.0
255,26-35,Male,2868.0
256,36-45,Female,5211.0
257,36-45,Male,21670.0
258,36-45,Male,2704.0
259,26-35,Male,3231.0
260,36-45,Female,13755.0
261,18-25,Male,1478.0
262,56-65,Male,4468.0
263,26-35,Male,1235.0
264,36-45,Male,9725.0
265,36-45,Male,12309.0
266,36-45,Male,13612.0
267,36-45,Female,9814.0
268,36-45,Male,3717.0
269,26-35,Male,2387.0
270,26-35,Male,2318.0
271,18-25,Female,1133.0
272,46-55,Male,12550.0
273,36-45,Male,4377.0
274,36-45,Male,5539.0
275,26-35,Male,3706.0
276,46-55,Male,7577.0
277,26-35,Male,3594.0
278,46-55,Male,12007.0
279,18-25,Male,6114.0
280,56-65,Male,10299.0
281,46-55,Male,10871.0
282,65+,Female,7786.0
283,36-45,Female,5979.0
284,36-45,Female,4040.0
285,46-55,Female,9609.0
286,26-35,Female,8056.0
287,26-35,Male,3014.0
288,26-35,Male,5696.0
289,18-25,Male,4832.0
290,36-45,Male,12994.0
291,36-45,Male,10965.0
292,56-65,Male,3599.0
293,56-65,Male,5741.0
294,26-35,Male,3082.0
295,36-45,Male,3533.0
296,56-65,Female,14063.0
297,56-65,Male,7502.0
298,26-35,Male,2859.0
299,36-45,Male,5018.0
300,18-25,Male,2065.0
301,26-35,Female,4028.0
302,65+,Male,5179.0
303,26-35,Male,3190.0
304,36-45,Female,4699.0
305,36-45,Male,8351.0
306,56-65,Male,10931.0
307,26-35,Male,1121.0
308,26-35,Male,2725.0
309,46-55,Male,6926.0
310,36-45,Male,8611.0
311,36-45,Male,2606.0
312,18-25,Female,1526.0
313,46-55,Female,11906.0
314,26-35,Male,4119.0
315,26-35,Female,4207.0
316,36-45,Male,4753.0
317,26-35,Female,6596.0
318,26-35,Male,4112.0
319,36-45,Female,5216.0
320,18-25,Female,2117.0
321,46-55,Male,3873.0
322,26-35,Female,5685.0
323,26-35,Male,6331.0
324,26-35,Male,8836.0
325,36-45,Female,4480.0
326,56-65,Male,8464.0
327,46-55,Female,4756.0
328,46-55,Male,12060.0
329,18-25,Female,2218.0
330,46-55,Male,8864.0
331,65+,Male,1503.0
332,56-65,Male,28507.0
333,26-35,Male,5945.0
334,36-45,Male,2109.0
335,36-45,Male,17033.0
336,26-35,Male,3297.0
337,36-45,Female,9289.0
338,18-25,Female,1412.0
339,26-35,Male,3044.0
340,26-35,Male,3391.0
341,36-45,Male,36876.0
342,36-45,Male,8138.0
343,46-55,Male,3586.0
344,18-25,Male,1020.0
345,65+,Male,2871.0
346,46-55,Male,11999.0
347,26-35,Female,3798.0
348,26-35,Female,3385.0
349,26-35,Male,5748.0
350,26-35,Female,4367.0
351,36-45,Male,2925.0
352,36-45,Male,3947.0
353,36-45,Male,5975.0
354,18-25,Male,3637.0
355,36-45,Male,4109.0
356,26-35,Male,6940.0
357,65+,Male,3043.0
358,36-45,Male,7446.0
359,46-55,Male,4127.0
360,46-55,Male,7723.0
361,26-35,Male,4408.0
362,36-45,Male,6778.0
363,18-25,Male,1398.0
364,26-35,Male,4103.0
365,65+,Male,2942.0
366,26-35,Male,9218.0
367,36-45,Male,10495.0
368,56-65,Female,7842.0
369,56-65,Male,3990.0
370,46-55,Male,5507.0
371,36-45,Female,5686.0
372,46-55,Male,13030.0
373,26-35,Male,6767.0
374,26-35,Male,2838.0
375,56-65,Male,8177.0
376,46-55,Male,10703.0
377,26-35,Female,3696.0
378,36-45,Male,10602.0
379,65+,Male,6440.0
380,36-45,Female,4285.0
381,56-65,Female,5307.0
382,56-65,Male,4428.0
383,26-35,Male,2925.0
384,46-55,Female,5267.0
385,26-35,Female,4285.0
386,36-45,Male,4952.0
387,36-45,Male,8088.0
388,36-45,Male,19452.0
389,36-45,Male,6037.0
390,46-55,Female,4884.0
391,36-45,Male,6342.0
392,26-35,Male,2218.0
393,46-55,Male,7781.0
394,26-35,Female,4197.0
395,26-35,Female,2575.0
396,36-45,Male,3941.0
397,65+,Male,10620.0
398,56-65,Female,5677.0
399,36-45,Male,5160.0
400,46-55,Female,11090.0
401,26-35,Female,2323.0
402,36-45,Male,5485.0
403,65+,Male,8478.0
404,26-35,Male,10388.0
405,26-35,Female,5831.0
406,36-45,Male,7300.0
407,56-65,Male,6384.0
408,56-65,Female,5802.0
409,36-45,Male,4178.0
410,46-55,Male,12100.0
411,46-55,Male,4760.0
412,26-35,Male,6981.0
413,36-45,Male,1594.0
414,46-55,Male,6259.0
415,36-45,Male,6681.0
416,26-35,Male,2803.0
417,46-55,Male,8913.0
418,26-35,Male,3124.0
419,26-35,Female,3087.0
420,26-35,Male,4741.0
421,36-45,Female,3814.0
422,26-35,Male,1541.0
423,26-35,Male,5842.0
424,18-25,Male,2632.0
425,36-45,Male,7423.0
426,65+,Female,2994.0
427,46-55,Male,4809.0
428,26-35,Male,6401.0
429,26-35,Female,2504.0
430,65+,Male,12538.0
431,46-55,Male,5356.0
432,36-45,Female,5207.0
433,26-35,Male,2915.0
434,36-45,Male,6589.0
435,56-65,Male,26395.0
436,36-45,Female,6904.0
437,26-35,Male,1104.0
438,65+,Female,5221.0
439,46-55,Male,3782.0
440,36-45,Female,4823.0
441,56-65,Male,8161.0
442,36-45,Male,4610.0
443,36-45,Female,12130.0
444,26-35,Male,1459.0
445,65+,Male,10186.0
446,56-65,Male,10531.0
447,18-25,Female,2246.0
448,26-35,Male,6428.0
449,18-25,Male,2366.0
450,18-25,Female,715.0
451,46-55,Male,6812.0
452,26-35,Male,4737.0
453,18-25,Male,2090.0
454,56-65,Female,11029.0
455,26-35,Male,3208.0
456,56-65,Female,3979.0
457,36-45,Male,3123.0
458,18-25,Male,2304.0
459,36-45,Male,6645.0
460,26-35,Male,3546.0
461,26-35,Male,4302.0
462,18-25,Male,1306.0
463,46-55,Female,11739.0
464,26-35,Male,7587.0
465,36-45,Male,8812.0
466,26-35,Female,1840.0
467,26-35,Female,5966.0
468,56-65,Male,9001.0
469,26-35,Male,4993.0
470,36-45,Male,7787.0
471,36-45,Male,8313.0
472,56-65,Male,7293.0
473,36-45,Male,11261.0
474,36-45,Male,4528.0
475,26-35,Female,3609.0
476,46-55,Female,8889.0
477,26-35,Male,16386.0
478,18-25,Male,3731.0
479,18-25,Male,1935.0
480,46-55,Male,4748.0
481,46-55,Male,12701.0
482,46-55,Male,6092.0
483,46-55,Female,8991.0
484,18-25,Male,2003.0
485,26-35,Female,3010.0
486,36-45,Male,17967.0
487,26-35,Male,7669.0
488,36-45,Male,4232.0
489,36-45,Male,16097.0
490,36-45,Female,4894.0
491,36-45,Male,7467.0
492,26-35,Male,1583.0
493,26-35,Male,5710.0
494,56-65,Female,12129.0
495,26-35,Male,3293.0
496,46-55,Male,5977.0
497,36-45,Male,2936.0
498,36-45,Male,6137.0
499,18-25,Male,895.0
500,65+,Male,5102.0
501,26-35,Male,1701.0
502,18-25,Male,2363.0
503,18-25,Male,2213.0
504,46-55,Male,8014.0
505,26-35,Male,10915.0
506,46-55,Male,3710.0
507,26-35,Female,3601.0
508,36-45,Male,5517.0
509,26-35,Male,1632.0
510,46-55,Male,9271.0
511,56-65,Female,5209.0
512,26-35,Female,5872.0
513,26-35,Male,2347.0
514,26-35,Male,3479.0
515,26-35,Male,2991.0
516,36-45,Male,3279.0
517,36-45,Male,6081.0
518,26-35,Male,4152.0
519,18-25,Male,5791.0
520,46-55,Female,7573.0
521,36-45,Female,13230.0
522,18-25,Female,3951.0
523,18-25,Male,2885.0
524,26-35,Male,3023.0
525,26-35,Male,6604.0
526,36-45,Male,7759.0
527,26-35,Male,2472.0
528,18-25,Male,2231.0
529,26-35,Male,3351.0
530,46-55,Male,10374.0
531,26-35,Female,1359.0
532,46-55,Male,10280.0
533,26-35,Male,6136.0
534,36-45,Male,5468.0
535,36-45,Female,9777.0
536,26-35,Male,3902.0
537,56-65,Male,9595.0
538,26-35,Female,3604.0
539,56-65,Male,3251.0
540,26-35,Male,4017.0
541,26-35,Male,3439.0
542,26-35,Male,3813.0
543,36-45,Male,12172.0
544,46-55,Male,5524.0
545,46-55,Female,5839.0
546,36-45,Female,10417.0
547,26-35,Male,1500.0
548,26-35,Female,10004.0
549,36-45,Male,10754.0
550,36-45,Male,7727.0
551,36-45,Male,5223.0
552,26-35,Male,2134.0
553,56-65,Male,4517.0
554,26-35,Female,2758.0
555,36-45,Male,3296.0
556,36-45,Male,14307.0
557,36-45,Female,3327.0
558,36-45,Male,13774.0
559,36-45,Female,4952.0
560,46-55,Male,14468.0
561,26-35,Male,6113.0
562,56-65,Male,9889.0
563,18-25,Male,4296.0
564,36-45,Male,3930.0
565,26-35,Male,11578.0
566,36-45,Female,15361.0
567,46-55,Female,3944.0
568,26-35,Female,2586.0
569,46-55,Male,8363.0
570,26-35,Female,871.0
571,26-35,Male,4957.0
572,26-35,Male,5004.0
573,18-25,Female,2150.0
574,26-35,Male,4873.0
575,46-55,Male,5816.0
576,26-35,Male,3425.0
577,56-65,Male,11187.0
578,36-45,Female,13642.0
579,26-35,Male,6189.0
580,65+,Male,2939.0
581,26-35,Female,3374.0
582,26-35,Male,3977.0
583,36-45,Male,8472.0
584,26-35,Male,2791.0
585,46-55,Male,5006.0
586,26-35,Female,1866.0
587,36-45,Male,12073.0
588,36-45,Male,7092.0
589,36-45,Female,14299.0
590,36-45,Male,10215.0
591,46-55,Male,3782.0
592,65+,Male,9264.0
593,26-35,Male,4840.0
594,26-35,Female,4085.0
595,36-45,Male,11379.0
596,26-35,Male,5378.0
597,36-45,Female,5179.0
598,46-55,Female,10067.0
599,26-35,Male,10314.0
600,26-35,Male,3131.0
601,46-55,Female,4513.0
602,46-55,Male,5003.0
603,36-45,Male,8810.0
604,36-45,Male,11311.0
605,26-35,Male,1771.0
606,36-45,Female,8203.0
607,46-55,Female,15039.0
608,36-45,Female,10934.0
609,36-45,Male,9265.0
610,36-45,Female,3933.0
611,46-55,Male,9150.0
612,65+,Male,6998.0
613,65+,Male,4780.0
614,26-35,Female,6255.0
615,36-45,Male,5105.0
616,36-45,Male,3375.0
617,36-45,Male,3698.0
618,46-55,Male,8091.0
619,18-25,Male,3255.0
620,26-35,Female,4613.0
621,36-45,Female,11665.0
622,46-55,Male,13281.0
623,26-35,Male,6013.0
624,26-35,Male,1514.0
625,36-45,Female,8817.0
626,36-45,Male,4043.0
627,56-65,Female,10665.0
628,56-65,Male,5108.0
629,56-65,Female,5183.0
630,46-55,Female,7116.0
631,36-45,Male,6446.0
632,36-45,Male,5635.0
633,46-55,Male,9566.0
634,46-55,Female,8351.0
635,26-35,Male,3026.0
636,36-45,Male,2236.0
637,56-65,Male,6348.0
638,26-35,Male,4908.0
639,46-55,Male,13810.0
640,36-45,Male,18437.0
641,18-25,Female,1078.0
642,18-25,Female,2627.0
643,26-35,Male,3583.0
644,36-45,Female,5898.0
645,26-35,Female,3587.0
646,26-35,Male,3655.0
647,26-35,Female,4692.0
648,26-35,Male,10038.0
649,46-55,Female,10429.0
650,26-35,Female,4186.0
651,26-35,Male,2653.0
652,56-65,Female,11696.0
653,26-35,Male,2263.0
654,26-35,Male,7710.0
655,26-35,Male,4107.0
656,36-45,Male,4683.0
657,36-45,Male,2170.0
658,46-55,Female,3583.0
659,36-45,Female,8109.0
660,26-35,Male,4275.0
661,56-65,Female,12662.0
662,26-35,Female,2703.0
663,36-45,Male,8571.0
664,36-45,Female,6708.0
665,26-35,Male,5082.0
666,26-35,Male,6287.0
667,36-45,Female,13132.0
668,26-35,Male,11023.0
669,56-65,Male,6079.0
670,26-35,Female,2053.0
671,36-45,Male,8187.0
672,36-45,Female,4013.0
673,46-55,Female,7785.0
674,36-45,Female,4175.0
675,56-65,Male,4841.0
676,26-35,Male,2604.0
677,26-35,Male,3767.0
678,26-35,Female,2067.0
679,36-45,Male,2294.0
680,18-25,Male,3471.0
681,56-65,Male,10525.0
682,46-55,Female,5090.0
683,36-45,Female,4975.0
684,36-45,Male,7363.0
685,26-35,Male,5026.0
686,46-55,Female,17423.0
687,36-45,Female,4239.0
688,18-25,Male,2570.0
689,56-65,Male,5867.0
690,26-35,Male,5035.0
691,46-55,Female,9312.0
692,46-55,Male,13838.0
693,36-45,Male,3583.0
694,26-35,Male,1847.0
695,36-45,Male,5056.0
696,26-35,Male,2911.0
697,36-45,Male,9030.0
698,18-25,Male,1336.0
699,65+,Female,6688.0
700,36-45,Male,8613.0
701,26-35,Male,5748.0
702,26-35,Male,8292.0
703,36-45,Male,4714.0
704,18-25,Female,1119.0
705,46-55,Male,3433.0
706,36-45,Male,5109.0
707,56-65,Female,21988.0
708,26-35,Female,4171.0
709,26-35,Male,5009.0
710,26-35,Male,8255.0
711,18-25,Male,2504.0
712,36-45,Female,7026.0
713,65+,Female,13273.0
714,26-35,Male,2363.0
715,46-55,Male,11221.0
716,26-35,Male,1627.0
717,36-45,Female,4385.0
718,36-45,Female,4529.0
719,18-25,Female,1079.0
720,56-65,Female,18056.0
721,18-25,Male,3392.0
722,18-25,Male,5237.0
723,65+,Female,10733.0
724,46-55,Male,15569.0
725,46-55,Male,6384.0
726,36-45,Male,8574.0
727,36-45,Male,2656.0
728,26-35,Male,9481.0
729,36-45,Male,4340.0
730,46-55,Male,20946.0
731,36-45,Male,11219.0
732,18-25,Female,1723.0
733,26-35,Male,8049.0
734,18-25,Male,6968.0
735,36-45,Female,9699.0
736,36-45,Male,17503.0
737,46-55,Male,6602.0
738,36-45,Male,3630.0
739,36-45,Male,6761.0
740,26-35,Male,1808.0
741,46-55,Male,15943.0
742,46-55,Male,11557.0
743,36-45,Male,4637.0
744,36-45,Female,12461.0
745,46-55,Male,24418.0
746,46-55,Female,14436.0
747,18-25,Male,2143.0
748,56-65,Male,4368.0
749,26-35,Female,4531.0
750,36-45,Male,10421.0
751,65+,Male,1706.0
752,46-55,Male,3399.0
753,26-35,Female,2832.0
754,65+,Male,7251.0
755,26-35,Male,2531.0
756,26-35,Female,3653.0
757,26-35,Male,4691.0
758,36-45,Male,4669.0
759,56-65,Male,8742.0
760,56-65,Male,7268.0
761,56-65,Male,24732.0
762,56-65,Male,10433.0
763,36-45,Female,9668.0
764,18-25,Female,991.0
765,18-25,Male,2123.0
766,26-35,Male,5217.0
767,36-45,Male,5687.0
768,26-35,Male,2022.0
769,36-45,Female,4229.0
770,36-45,Female,6302.0
771,36-45,Male,13403.0
772,46-55,Female,13129.0
773,36-45,Female,8633.0
774,26-35,Male,5149.0
775,56-65,Male,10899.0
776,36-45,Male,4753.0
777,46-55,Female,11132.0
778,26-35,Male,2828.0
779,46-55,Male,6277.0
780,46-55,Male,5438.0
781,36-45,Female,6272.0
782,18-25,Male,2791.0
783,26-35,Male,5945.0
784,26-35,Male,2464.0
785,36-45,Male,3198.0
786,36-45,Male,6215.0
787,26-35,Female,3436.0
788,26-35,Male,4611.0
789,26-35,Male,7621.0
790,36-45,Male,4389.0
791,26-35,Male,7006.0
792,36-45,Male,4743.0
793,65+,Male,5061.0
794,36-45,Female,9818.0
795,26-35,Male,1497.0
796,26-35,Male,2691.0
797,36-45,Male,11154.0
798,26-35,Male,3277.0
799,26-35,Female,2139.0
800,46-55,Male,4446.0
801,26-35,Male,6735.0
802,26-35,Female,2780.0
803,18-25,Male,907.0
804,46-55,Female,7027.0
805,36-45,Male,5002.0
806,26-35,Male,1776.0
807,26-35,Male,4165.0
808,46-55,Male,14933.0
809,26-35,Male,2997.0
810,46-55,Male,8892.0
811,36-45,Male,3322.0
812,26-35,Male,3821.0
813,46-55,Male,5852.0
814,26-35,Male,2203.0
815,36-45,Male,7826.0
816,26-35,Male,4426.0
817,46-55,Male,10043.0
818,36-45,Female,24802.0
819,56-65,Female,2787.0
820,36-45,Male,19987.0
821,26-35,Male,4444.0
822,26-35,Male,3153.0
823,46-55,Male,10791.0
824,26-35,Female,3454.0
825,26-35,Male,3301.0
826,46-55,Male,21590.0
827,26-35,Male,8544.0
828,36-45,Male,14383.0
829,46-55,Male,9053.0
830,26-35,Female,9618.0
831,56-65,Male,10226.0
832,46-55,Male,13795.0
833,26-35,Male,3845.0
834,36-45,Male,8665.0
835,18-25,Male,1054.0
836,46-55,Male,3089.0
837,56-65,Male,2869.0
838,46-55,Male,1470.0
839,56-65,Male,8367.0
840,36-45,Male,7435.0
841,26-35,Male,3623.0
842,26-35,Male,6139.0
843,26-35,Male,6374.0
844,18-25,Male,2888.0
845,26-35,Male,4709.0
846,26-35,Male,2732.0
847,26-35,Male,4322.0
848,26-35,Male,5539.0
849,36-45,Female,5605.0
850,36-45,Male,6062.0
851,26-35,Male,1863.0
852,18-25,Male,1312.0
853,46-55,Male,11914.0
854,36-45,Female,4152.0
855,18-25,Male,5065.0
856,36-45,Male,3211.0
857,56-65,Male,4246.0
858,26-35,Male,15385.0
859,26-35,Male,2899.0
860,26-35,Male,4346.0
861,46-55,Female,5964.0
862,26-35,Male,7312.0
863,36-45,Male,3181.0
864,46-55,Female,10877.0
865,46-55,Female,23410.0
866,46-55,Male,5646.0
867,36-45,Male,2506.0
868,36-45,Male,5140.0
869,18-25,Male,3327.0
870,26-35,Male,11518.0
871,46-55,Female,8531.0
872,46-55,Male,7405.0
873,36-45,Female,3556.0
874,36-45,Male,8463.0
875,36-45,Male,6051.0
876,36-45,Male,10629.0
877,26-35,Male,2220.0
878,36-45,Male,3466.0
879,18-25,Male,1931.0
880,26-35,Female,3578.0
881,26-35,Male,3872.0
882,26-35,Male,2841.0
883,36-45,Male,8725.0
884,36-45,Male,14721.0
885,36-45,Female,3907.0
886,36-45,Female,6709.0
887,26-35,Male,1807.0
888,36-45,Female,3325.0
889,26-35,Female,3269.0
890,26-35,Female,4724.0
891,56-65,Male,6165.0
892,26-35,Male,2530.0
893,26-35,Female,7638.0
894,46-55,Male,3386.0
895,36-45,Male,6842.0
896,26-35,Male,5990.0
897,26-35,Female,3862.0
898,56-65,Female,8487.0
899,26-35,Male,2830.0
900,36-45,Male,2966.0
901,46-55,Male,3474.0
902,26-35,Female,9092.0
903,46-55,Male,10468.0
904,46-55,Female,9636.0
905,26-35,Female,2771.0
906,46-55,Male,3967.0
907,46-55,Male,14323.0
908,26-35,Male,6515.0
909,36-45,Female,6535.0
910,46-55,Male,7202.0
911,36-45,Male,22252.0
912,18-25,Female,1385.0
913,18-25,Male,3507.0
914,36-45,Female,6599.0
915,46-55,Male,22968.0
916,36-45,Male,6008.0
917,36-45,Male,9280.0
918,36-45,Male,6894.0
919,36-45,Male,5207.0
920,18-25,Male,2854.0
921,56-65,Female,1857.0
922,46-55,Female,6746.0
923,18-25,Female,2834.0
924,36-45,Female,1929.0
925,46-55,Female,5751.0
926,56-65,Male,2626.0
927,56-65,Male,5274.0
928,36-45,Male,5853.0
929,36-45,Female,10797.0
930,26-35,Male,5562.0
931,36-45,Male,3554.0
932,56-65,Male,10438.0
933,36-45,Female,15067.0
934,36-45,Male,5604.0
935,26-35,Male,4604.0
936,56-65,Female,12221.0
937,36-45,Male,5586.0
938,26-35,Male,3554.0
939,56-65,Male,7629.0
940,36-45,Female,8669.0
941,26-35,Male,3994.0
942,36-45,Male,5856.0
943,36-45,Male,7448.0
944,26-35,Female,4005.0
945,36-45,Male,5247.0
946,26-35,Male,7243.0
947,56-65,Female,3832.0
948,46-55,Female,8131.0
949,56-65,Male,13589.0
950,26-35,Male,4523.0
951,46-55,Female,4503.0
952,26-35,Male,5022.0
953,26-35,Male,6756.0
954,26-35,Male,7177.0
955,26-35,Male,3023.0
956,26-35,Female,5696.0
957,36-45,Female,8670.0
958,46-55,Male,17676.0
959,26-35,Male,3171.0
960,26-35,Male,3085.0
961,18-25,Male,3558.0
962,36-45,Male,14128.0
963,36-45,Male,6746.0
964,56-65,Male,15491.0
965,46-55,Male,4306.0
966,46-55,Female,29596.0
967,36-45,Male,4850.0
968,36-45,Female,11863.0
969,18-25,Male,803.0
970,26-35,Male,8171.0
971,26-35,Male,4576.0
972,36-45,Female,3561.0
973,26-35,Female,9552.0
974,36-45,Male,11231.0
975,36-45,Female,8102.0
976,36-45,Male,4777.0
977,26-35,Female,2359.0
978,18-25,Male,2867.0
979,18-25,Male,2849.0
980,26-35,Male,3467.0
981,36-45,Male,7245.0
982,36-45,Male,7254.0
983,26-35,Male,1573.0
984,26-35,Female,2848.0
985,46-55,Male,2065.0
986,46-55,Male,5942.0
987,56-65,Female,8460.0
988,36-45,Male,6283.0
989,36-45,Female,5326.0
990,26-35,Male,2850.0
991,36-45,Male,2466.0
992,26-35,Male,4194.0
993,26-35,Male,9099.0
994,36-45,Female,4419.0
995,18-25,Male,1851.0
996,26-35,Male,4407.0
997,46-55,Female,5689.0
998,46-55,Male,5893.0
999,46-55,Male,4708.0
1000,18-25,Male,6623.0
1001,36-45,Male,5750.0
1002,46-55,Male,11183.0
1003,26-35,Female,3743.0
1004,46-55,Male,11099.0
1005,36-45,Female,6219.0
1006,36-45,Female,2436.0
1007,46-55,Male,14666.0
1008,36-45,Female,7692.0
1009,26-35,Female,6090.0
1010,26-35,Female,1732.0
1011,36-45,Female,5914.0
1012,36-45,Male,3346.0
1013,18-25,Male,4281.0
1014,18-25,Male,2433.0
1015,18-25,Female,2114.0
1016,36-45,Male,9993.0
1017,26-35,Male,1435.0
1018,46-55,Male,6943.0
1019,46-55,Male,2543.0
1020,26-35,Male,2787.0
1021,26-35,Male,4125.0
1022,46-55,Male,11042.0
1023,36-45,Male,3552.0
1024,36-45,Female,4772.0
1025,36-45,Male,3736.0
1026,46-55,Male,14003.0
1027,56-65,Male,3540.0
1028,56-65,Male,21364.0
1029,26-35,Female,1918.0
1030,36-45,Male,5840.0
1031,26-35,Male,1607.0
1032,26-35,Female,10549.0
1033,36-45,Male,28732.0
1034,36-45,Male,22745.0
1035,26-35,Male,6196.0
1036,26-35,Female,2061.0
1037,36-45,Male,4600.0
1038,26-35,Female,5569.0
1039,56-65,Male,4516.0
1040,36-45,Female,7850.0
1041,26-35,Male,4325.0
1042,36-45,Male,11011.0
1043,46-55,Female,12759.0
1044,18-25,Male,1354.0
1045,65+,Male,10860.0
1046,26-35,Female,9846.0
1047,36-45,Male,4770.0
1048,26-35,Male,3722.0
1049,26-35,Male,1875.0
1050,26-35,Male,1489.0
1051,56-65,Male,3548.0
1052,26-35,Male,4097.0
1053,36-45,Female,3316.0
1054,26-35,Female,7298.0
1055,26-35,Male,8174.0
1056,65+,Male,5292.0
1057,65+,Female,5930.0
1058,26-35,Male,4593.0
1059,36-45,Male,2710.0
1060,36-45,Male,4499.0
1061,26-35,Male,2510.0
1062,46-55,Male,10243.0
1063,46-55,Male,12089.0
1064,36-45,Male,7587.0
1065,46-55,Male,7075.0
1066,26-35,Male,5217.0
1067,26-35,Male,8855.0
1068,36-45,Male,13061.0
1069,36-45,Female,2431.0
1070,36-45,Male,5566.0
1071,65+,Male,10960.0
1072,46-55,Male,9571.0
1073,56-65,Male,11454.0
1074,36-45,Male,12071.0
1075,46-55,Male,14057.0
1076,18-25,Male,2014.0
1077,26-35,Male,4688.0
1078,26-35,Female,8552.0
1079,36-45,Male,8697.0
1080,46-55,Male,6103.0
1081,36-45,Female,12476.0
1082,36-45,Male,11539.0
1083,46-55,Male,28349.0
1084,18-25,Female,3443.0
1085,46-55,Male,7186.0
1086,18-25,Male,1906.0
1087,36-45,Male,12898.0
1088,65+,Female,7169.0
1089,46-55,Male,14403.0
1090,46-55,Male,5006.0
1091,26-35,Male,5111.0
1092,36-45,Male,6404.0
1093,26-35,Male,1850.0
1094,26-35,Female,3194.0
1095,46-55,Male,7403.0
1096,36-45,Male,8842.0
1097,36-45,Male,1799.0
1098,36-45,Male,5788.0
1099,26-35,Female,2804.0
1100,26-35,Male,6518.0
1101,36-45,Female,10242.0
1102,46-55,Male,5276.0
1103,18-25,Male,1898.0
1104,26-35,Female,4337.0
1105,36-45,Male,7047.0
1106,36-45,Male,7263.0
1107,56-65,Male,11840.0
1108,56-65,Male,8885.0
1109,46-55,Male,9293.0
1110,46-55,Male,19834.0
1111,18-25,Female,944.0
1112,26-35,Male,1298.0
1113,56-65,Male,5434.0
1114,56-65,Male,10689.0
1115,46-55,Male,10966.0
1116,18-25,Female,1780.0
1117,26-35,Male,3096.0
1118,36-45,Female,7468.0
1119,65+,Female,2768.0
1120,26-35,Male,2200.0
1121,56-65,Male,5136.0
1122,26-35,Male,4762.0
1123,18-25,Male,3944.0
1124,26-35,Female,4376.0
1125,26-35,Female,3224.0
1126,26-35,Male,3602.0
1127,36-45,Female,6698.0
1128,56-65,Female,19572.0
1129,36-45,Male,4118.0
1130,26-35,Male,1372.0
1131,36-45,Male,6973.0
1132,26-35,Male,1828.0
1133,46-55,Male,4367.0
1134,18-25,Female,854.0
1135,46-55,Male,7603.0
1136,36-45,Male,6901.0
1137,46-55,Male,7394.0
1138,56-65,Female,3400.0
1139,26-35,Male,14879.0
1140,26-35,Female,3203.0
1141,26-35,Female,4841.0
1142,46-55,Female,11469.0
1143,26-35,Female,6832.0
1144,26-35,Male,1114.0
1145,36-45,Female,5279.0
1146,46-55,Male,4684.0
1147,26-35,Male,6146.0
1148,26-35,Female,1893.0
1149,18-25,Male,3290.0
1150,56-65,Male,18712.0
1151,46-55,Female,5529.0
1152,18-25,Male,1322.0
1153,26-35,Female,3040.0
1154,65+,Male,2058.0
1155,26-35,Female,10541.0
1156,26-35,Male,6185.0
1157,26-35,Female,3628.0
1158,36-45,Female,6818.0
1159,36-45,Female,8929.0
1160,56-65,Male,3920.0
1161,36-45,Male,12828.0
1162,36-45,Male,2632.0
1163,56-65,Male,5661.0
1164,65+,Male,7062.0
1165,26-35,Male,1004.0
1166,26-35,Male,2768.0
1167,36-45,Female,14488.0
1168,56-65,Male,2355.0
1169,36-45,Male,10603.0
1170,26-35,Male,3393.0
1171,26-35,Female,5849.0
1172,36-45,Male,8174.0
1173,56-65,Female,5829.0
1174,18-25,Female,3490.0
1175,26-35,Female,6390.0
1176,36-45,Male,11031.0
1177,36-45,Male,5432.0
1178,65+,Male,3525.0
1179,18-25,Male,2875.0
1180,46-55,Male,4352.0
1181,26-35,Male,3194.0
1182,36-45,Male,8078.0
1183,36-45,Male,3692.0
1184,26-35,Male,1848.0
1185,36-45,Female,3555.0
1186,26-35,Female,3802.0
1187,56-65,Male,6390.0
1188,26-35,Male,6374.0
1189,46-55,Male,11222.0
1190,26-35,Female,3095.0
1191,36-45,Female,12719.0
1192,26-35,Male,18370.0
1193,36-45,Male,4678.0
1194,26-35,Male,3310.0
1195,18-25,Male,3210.0
1196,18-25,Male,3696.0
1197,36-45,Female,13866.0
1198,36-45,Male,8077.0
1199,36-45,Male,7562.0
1200,36-45,Female,2630.0
1201,56-65,Male,9880.0
1202,56-65,Male,6200.0
1203,26-35,Male,4566.0
1204,26-35,Male,2583.0
1205,36-45,Male,7999.0
1206,36-45,Male,10131.0
1207,26-35,Male,3428.0
1208,36-45,Male,5484.0
1209,36-45,Female,7432.0
1210,26-35,Male,6136.0
1211,36-45,Male,17146.0
1212,36-45,Male,7136.0
1213,36-45,Male,10764.0
1214,26-35,Female,2033.0
1215,65+,Male,4665.0
1216,26-35,Female,3747.0
1217,36-45,Male,17868.0
1218,26-35,Male,2731.0
1219,36-45,Female,10433.0
1220,18-25,Male,1281.0
1221,26-35,Male,3845.0
1222,36-45,Male,4681.0
1223,46-55,Male,11604.0
1224,18-25,Female,2298.0
1225,26-35,Male,4559.0
1226,46-55,Male,6171.0
1227,36-45,Female,4220.0
1228,46-55,Male,4867.0
1229,18-25,Male,976.0
1230,46-55,Female,5167.0
1231,46-55,Female,9605.0
1232,36-45,Male,4600.0
1233,46-55,Male,6434.0
1234,26-35,Male,3033.0
1235,26-35,Male,2240.0
1236,18-25,Male,2790.0
1237,18-25,Female,3153.0
1238,36-45,Male,7845.0
1239,36-45,Male,6173.0
1240,36-45,Male,10171.0
1241,26-35,Male,3834.0
1242,18-25,Male,2311.0
1243,36-45,Male,4644.0
1244,36-45,Male,8405.0
1245,36-45,Male,2358.0
1246,36-45,Male,5924.0
1247,56-65,Male,3917.0
1248,46-55,Male,7448.0
1249,46-55,Male,7811.0
1250,36-45,Male,6381.0
1251,18-25,Male,2815.0
1252,26-35,Male,5244.0
1253,26-35,Male,4286.0
1254,65+,Male,3272.0
1255,56-65,Male,3352.0
1256,46-55,Male,6450.0
1257,26-35,Male,7853.0
1258,36-45,Male,7406.0
1259,36-45,Male,3878.0
1260,36-45,Male,6006.0
1261,26-35,Male,2693.0
1262,65+,Female,4972.0
1263,26-35,Male,6291.0
1264,26-35,Female,6871.0
1265,26-35,Female,5123.0
1266,26-35,Male,6019.0
1267,26-35,Female,21548.0
1268,36-45,Male,5087.0
1269,18-25,Female,1647.0
1270,46-55,Male,11818.0
1271,46-55,Male,11690.0
1272,65+,Male,3373.0
1273,36-45,Male,3866.0
1274,36-45,Male,15825.0
1275,46-55,Male,6394.0
1276,36-45,Male,8001.0
1277,36-45,Female,4653.0
1278,26-35,Male,5786.0
1279,36-45,Male,6668.0
1280,46-55,Male,16271.0
1281,26-35,Female,3790.0
1282,36-45,Female,3760.0
1283,26-35,Male,5385.0
1284,46-55,Male,5444.0
1285,26-35,Female,4556.0
1286,46-55,Female,20441.0
1287,56-65,Male,3111.0
1288,36-45,Female,8532.0
1289,36-45,Male,4136.0
1290,36-45,Female,11224.0
1291,46-55,Male,4567.0
1292,26-35,Male,5308.0
1293,46-55,Female,6742.0
1294,36-45,Male,2967.0
1295,36-45,Male,7343.0
1296,26-35,Male,8926.0
1297,26-35,Female,2905.0
1298,36-45,Male,5399.0
1299,36-45,Male,4703.0
1300,46-55,Male,10754.0
1301,26-35,Male,2921.0
1302,26-35,Male,2096.0
1303,56-65,Female,11875.0
1304,36-45,Male,6611.0
1305,36-45,Male,4102.0
1306,46-55,Female,2906.0
1307,65+,Female,3944.0
1308,26-35,Male,4013.0
1309,26-35,Male,3567.0
1310,56-65,Male,6472.0
1311,56-65,Male,6944.0
1312,36-45,Female,6349.0
1313,46-55,Female,17503.0
1314,26-35,Male,9267.0
1315,36-45,Male,8415.0
1316,36-45,Female,6232.0
1317,26-35,Male,2014.0
1318,36-45,Male,14629.0
1319,36-45,Male,11070.0
1320,56-65,Female,8737.0
1321,36-45,Female,12665.0
1322,26-35,Male,2832.0
1323,36-45,Male,1834.0
1324,36-45,Male,5253.0
1325,65+,Female,4851.0
1326,26-35,Male,2498.0
1327,36-45,Male,3567.0
1328,26-35,Female,2416.0
1329,36-45,Male,3273.0
1330,56-65,Female,4608.0
1331,26-35,Male,5502.0
1332,26-35,Female,2781.0
1333,18-25,Male,3556.0
1334,26-35,Female,2869.0
1335,36-45,Male,6959.0
1336,26-35,Female,5896.0
1337,65+,Male,5758.0
1338,26-35,Male,4756.0
1339,36-45,Male,4473.0
1340,46-55,Male,10764.0
1341,56-65,Female,2319.0
1342,36-45,Male,13964.0
1343,18-25,Female,2231.0
1344,26-35,Male,3048.0
1345,65+,Female,6473.0
1346,36-45,Female,8239.0
1347,46-55,Male,9646.0
1348,26-35,Male,8415.0
1349,46-55,Female,7169.0
1350,46-55,Female,11248.0
1351,26-35,Female,3168.0
1352,36-45,Male,10690.0
1353,36-45,Female,12488.0
1354,36-45,Male,8112.0
1355,36-45,Male,2964.0
1356,36-45,Female,5334.0
1357,46-55,Female,6245.0
1358,26-35,Female,6221.0
1359,26-35,Male,3627.0
1360,26-35,Female,3243.0
1361,36-45,Male,7166.0
1362,26-35,Male,2227.0
1363,26-35,Male,2716.0
1364,26-35,Male,2846.0
1365,26-35,Male,8092.0
1366,56-65,Female,17882.0
1367,36-45,Male,5275.0
1368,46-55,Male,2105.0
1369,36-45,Female,10572.0
1370,36-45,Female,29988.0
1371,36-45,Male,7459.0
1372,36-45,Male,3908.0
1373,46-55,Male,13041.0
1374,36-45,Male,25565.0
1375,65+,Male,3922.0
1376,26-35,Male,6501.0
1377,26-35,Male,4393.0
1378,26-35,Male,6013.0
1379,36-45,Female,8123.0
1380,26-35,Male,2732.0
1381,46-55,Male,2409.0
1382,56-65,Male,4722.0
1383,18-25,Male,1364.0
1384,36-45,Female,9068.0
1385,36-45,Female,6633.0
1386,18-25,Male,2034.0
1387,26-35,Male,1155.0
1388,18-25,Male,4127.0
1389,26-35,Male,6443.0
1390,46-55,Male,10352.0
1391,36-45,Male,2727.0
1392,36-45,Male,4340.0
1393,26-35,Male,3495.0
1394,26-35,Female,2195.0
1395,26-35,Male,4409.0
1396,26-35,Male,2704.0
1397,46-55,Male,5089.0
1398,18-25,Male,1558.0
1399,26-35,Female,3225.0
1400,18-25,Female,1011.0
1401,36-45,Male,7458.0
1402,46-55,Female,9693.0
1403,26-35,Male,1833.0
1404,46-55,Male,8102.0
1405,26-35,Male,6047.0
1406,26-35,Female,6105.0
1407,26-35,Male,6623.0
1408,46-55,Male,23792.0
1409,36-45,Male,2942.0
1410,36-45,Female,4691.0
1411,65+,Male,4980.0
1412,36-45,Male,20563.0
1413,26-35,Male,2006.0
1414,65+,Female,2323.0
1415,26-35,Male,4553.0
1416,46-55,Male,4975.0
1417,18-25,Female,3824.0
1418,26-35,Male,1951.0
1419,46-55,Male,13306.0
1420,36-45,Female,14642.0
1421,65+,Female,5083.0
1422,26-35,Male,2239.0
1423,56-65,Male,4266.0
1424,46-55,Female,3750.0
1425,26-35,Male,5241.0
1426,56-65,Male,4173.0
1427,36-45,Male,4216.0
1428,36-45,Male,6133.0
1429,26-35,Male,3137.0
1430,26-35,Male,3189.0
1431,26-35,Female,3039.0
1432,36-45,Male,12296.0
1433,36-45,Male,9455.0
1434,46-55,Female,18930.0
1435,56-65,Male,2933.0
1436,26-35,Male,3715.0
1437,46-55,Male,12730.0
1438,26-35,Male,1086.0
1439,36-45,Male,7759.0
1440,56-65,Male,14972.0
1441,36-45,Female,4216.0
1442,46-55,Male,4606.0
1443,36-45,Male,6101.0
1444,26-35,Female,2022.0
1445,46-55,Male,12441.0
1446,56-65,Male,18123.0
1447,18-25,Male,2125.0
1448,36-45,Male,8724.0
1449,36-45,Male,7306.0
1450,26-35,Male,4242.0
1451,18-25,Male,1894.0
1452,36-45,Female,18851.0
1453,46-55,Male,5925.0
1454,36-45,Male,9911.0
1455,36-45,Male,5382.0
1456,36-45,Male,9462.0
1457,36-45,Male,2817.0
1458,36-45,Male,5412.0
1459,26-35,Female,2661.0
1460,36-45,Male,6675.0
1461,26-35,Male,2964.0
1462,26-35,Male,4104.0
1463,46-55,Male,7216.0
1464,26-35,Male,4475.0
1465,26-35,Male,6065.0
1466,46-55,Female,6015.0
1467,36-45,Male,5122.0
1468,46-55,Male,12257.0
1469,18-25,Female,2609.0
1470,36-45,Female,4858.0
1471,26-35,Male,7284.0
1472,46-55,Female,6140.0
1473,46-55,Male,9848.0
1474,56-65,Female,8397.0
1475,46-55,Male,5187.0
1476,56-65,Male,5293.0
1477,36-45,Male,22571.0
1478,26-35,Male,4985.0
1479,26-35,Female,1833.0
1480,46-55,Male,10007.0
1481,36-45,Male,10353.0
1482,26-35,Male,3804.0
1483,36-45,Male,3026.0
1484,46-55,Male,18652.0
1485,46-55,Male,9738.0
1486,26-35,Male,6335.0
1487,26-35,Male,6072.0
1488,36-45,Male,20704.0
1489,46-55,Male,14383.0
1490,18-25,Male,1793.0
1491,26-35,Male,4864.0
1492,36-45,Male,10483.0
1493,18-25,Female,979.0
1494,26-35,Female,3483.0
1495,46-55,Female,9409.0
1496,36-45,Female,6213.0
1497,46-55,Male,8923.0
1498,26-35,Male,3941.0
1499,36-45,Female,11499.0
1500,65+,Female,5784.0
1501,56-65,Male,5036.0
1502,36-45,Female,4940.0
1503,26-35,Female,2235.0
1504,56-65,Male,13850.0
1505,46-55,Male,5710.0
1506,46-55,Male,14141.0
1507,26-35,Male,6360.0
1508,26-35,Female,6176.0
1509,46-55,Female,19077.0
1510,26-35,Male,3211.0
1511,36-45,Female,8041.0
1512,26-35,Male,5824.0
1513,18-25,Male,4127.0
1514,36-45,Male,12912.0
1515,36-45,Female,3671.0
1516,36-45,Female,4122.0
1517,56-65,Male,5354.0
1518,56-65,Male,8702.0
1519,46-55,Male,12967.0
1520,36-45,Male,2636.0
1521,26-35,Male,6117.0
1522,36-45,Male,6795.0
1523,46-55,Male,8152.0
1524,26-35,Female,4125.0
1525,46-55,Male,6706.0
1526,56-65,Female,3818.0
1527,18-25,Female,3616.0
1528,65+,Female,4788.0
1529,56-65,Female,9641.0
1530,18-25,Male,3784.0
1531,36-45,Male,5960.0
1532,26-35,Male,5690.0
1533,26-35,Male,7931.0
1534,36-45,Male,5552.0
1535,46-55,Male,7892.0
1536,26-35,Female,1546.0
1537,26-35,Female,4408.0
1538,36-45,Male,20864.0
1539,46-55,Female,2631.0
1540,65+,Male,6249.0
1541,36-45,Male,4863.0
1542,26-35,Male,1524.0
1543,36-45,Male,5229.0
1544,36-45,Male,2558.0
1545,18-25,Female,3881.0
1546,46-55,Female,6485.0
1547,46-55,Female,12085.0
1548,36-45,Female,7670.0
1549,18-25,Female,5637.0
1550,56-65,Male,7683.0
1551,56-65,Female,5200.0
1552,26-35,Female,4813.0
1553,26-35,Female,3788.0
1554,36-45,Male,15468.0
1555,26-35,Female,6437.0
1556,36-45,Male,7621.0
1557,36-45,Female,12032.0
1558,56-65,Male,4784.0
1559,46-55,Male,11799.0
1560,36-45,Male,4938.0
1561,36-45,Male,12583.0
1562,36-45,Male,7807.0
1563,26-35,Male,2936.0
1564,36-45,Male,3511.0
1565,26-35,Male,6546.0
1566,26-35,Male,2099.0
1567,46-55,Male,9763.0
1568,36-45,Female,13853.0
1569,26-35,Female,1560.0
1570,46-55,Female,5074.0
1571,26-35,Male,2931.0
1572,26-35,Male,4378.0
1573,36-45,Male,10806.0
1574,46-55,Male,11497.0
1575,56-65,Female,6529.0
1576,18-25,Male,1598.0
1577,26-35,Female,2317.0
1578,26-35,Male,1356.0
1579,46-55,Male,9668.0
1580,18-25,Male,3418.0
1581,46-55,Male,6502.0
1582,56-65,Male,5620.0
1583,26-35,Male,2666.0
1584,36-45,Male,5190.0
1585,36-45,Male,9302.0
1586,46-55,Male,12717.0
1587,36-45,Female,4496.0
1588,26-35,Male,7116.0
1589,36-45,Male,5509.0
1590,26-35,Female,2814.0
1591,36-45,Male,6570.0
1592,56-65,Male,7352.0
1593,56-65,Male,3287.0
1594,26-35,Male,4462.0
1595,46-55,Male,18526.0
1596,36-45,Male,12288.0
1597,36-45,Female,7543.0
1598,26-35,Male,1698.0
1599,26-35,Male,3474.0
1600,26-35,Female,3095.0
1601,56-65,Male,5192.0
1602,26-35,Female,5956.0
1603,26-35,Male,6580.0
1604,36-45,Male,11261.0
1605,26-35,Female,2950.0
1606,36-45,Male,5054.0
1607,46-55,Male,6602.0
1608,46-55,Male,9020.0
1609,46-55,Male,8836.0
1610,26-35,Male,8457.0
1611,46-55,Male,7460.0
1612,26-35,Male,2327.0
1613,46-55,Female,7844.0
1614,26-35,Male,4768.0
1615,46-55,Male,7909.0
1616,36-45,Male,2514.0
1617,56-65,Female,2276.0
1618,36-45,Male,15086.0
1619,46-55,Female,22252.0
1620,18-25,Male,2153.0
1621,36-45,Male,4727.0
1622,36-45,Male,12072.0
1623,36-45,Male,6138.0
1624,26-35,Male,4493.0
1625,56-65,Male,5001.0
1626,26-35,Male,6951.0
1627,26-35,Male,8903.0
1628,26-35,Male,4077.0
1629,36-45,Female,9066.0
1630,36-45,Male,3289.0
1631,46-55,Male,5618.0
1632,46-55,Male,10250.0
1633,26-35,Male,7395.0
1634,46-55,Female,9365.0
1635,36-45,Male,16936.0
1636,36-45,Male,7307.0
1637,18-25,Female,974.0
1638,36-45,Female,12790.0
1639,26-35,Female,5064.0
1640,26-35,Female,2732.0
1641,18-25,Male,1790.0
1642,26-35,Male,3436.0
1643,56-65,Female,13544.0
1644,18-25,Female,2278.0
1645,46-55,Male,5459.0
1646,36-45,Male,10194.0
1647,26-35,Male,8794.0
1648,36-45,Female,8273.0
1649,36-45,Female,5601.0
1650,46-55,Male,10369.0
1651,26-35,Male,4642.0
1652,26-35,Male,3112.0
1653,36-45,Male,7492.0
1654,46-55,Male,11826.0
1655,26-35,Male,7495.0
1656,46-55,Male,6684.0
1657,18-25,Male,2484.0
1658,26-35,Male,8664.0
1659,26-35,Male,5155.0
1660,46-55,Male,6088.0
1661,18-25,Female,1570.0
1662,56-65,Male,6010.0
1663,46-55,Male,18743.0
1664,46-55,Male,9383.0
1665,36-45,Male,6046.0
1666,26-35,Male,3516.0
1667,26-35,Male,2074.0
1668,36-45,Male,4971.0
1669,26-35,Male,3879.0
1670,56-65,Male,6679.0
1671,26-35,Female,5175.0
1672,46-55,Female,15486.0
1673,18-25,Male,3674.0
1674,26-35,Female,2352.0
1675,36-45,Male,5187.0
1676,18-25,Male,4219.0
1677,18-25,Female,993.0
1678,26-35,Male,3735.0
1679,46-55,Male,5618.0
1680,26-35,Female,15802.0
1681,46-55,Male,5685.0
1682,26-35,Male,2565.0
1683,26-35,Female,2958.0
1684,36-45,Male,14124.0
1685,26-35,Female,2642.0
1686,36-45,Male,9854.0
1687,46-55,Male,3350.0
1688,18-25,Female,1127.0
1689,36-45,Male,4970.0
1690,26-35,Male,9432.0
1691,26-35,Female,5734.0
1692,46-55,Female,8523.0
1693,36-45,Female,9062.0
1694,46-55,Male,13267.0
1695,18-25,Male,1588.0
1696,36-45,Male,8443.0
1697,56-65,Male,9867.0
1698,26-35,Female,3380.0
1699,36-45,Male,3670.0
1700,46-55,Male,13439.0
1701,56-65,Male,4739.0
1702,36-45,Male,3888.0
1703,26-35,Female,2435.0
1704,18-25,Male,1072.0
1705,56-65,Female,2515.0
1706,36-45,Male,6300.0
1707,26-35,Female,5698.0
1708,26-35,Male,3736.0
1709,26-35,Male,7317.0
1710,46-55,Female,7251.0
1711,46-55,Male,12798.0
1712,26-35,Male,2594.0
1713,18-25,Female,2161.0
1714,26-35,Male,4543.0
1715,36-45,Male,5049.0
1716,26-35,Male,3253.0
1717,26-35,Male,4387.0
1718,26-35,Male,8560.0
1719,36-45,Male,15133.0
1720,65+,Female,6820.0
1721,26-35,Male,7357.0
1722,26-35,Male,5110.0
1723,46-55,Male,3214.0
1724,36-45,Male,4403.0
1725,36-45,Male,8548.0
1726,36-45,Male,7254.0
1727,26-35,Female,3000.0
1728,56-65,Female,6719.0
1729,36-45,Male,6278.0
1730,26-35,Male,1858.0
1731,26-35,Female,1995.0
1732,56-65,Female,15907.0
1733,46-55,Male,4782.0
1734,26-35,Male,931.0
1735,26-35,Female,7129.0
1736,36-45,Male,4664.0
1737,26-35,Male,1892.0
1738,26-35,Female,5880.0
1739,26-35,Female,2680.0
1740,26-35,Female,2835.0
1741,26-35,Male,13787.0
1742,26-35,Male,3369.0
1743,26-35,Male,2775.0
1744,26-35,Male,2404.0
1745,36-45,Female,4515.0
1746,36-45,Female,7756.0
1747,46-55,Male,11142.0
1748,26-35,Male,5553.0
1749,65+,Male,4294.0
1750,46-55,Male,9705.0
1751,36-45,Male,7022.0
1752,36-45,Male,5625.0
1753,56-65,Male,4946.0
1754,36-45,Female,5872.0
1755,26-35,Male,1985.0
1756,46-55,Male,12994.0
1757,36-45,Male,25732.0
1758,18-25,Male,5691.0
1759,18-25,Male,2519.0
1760,65+,Male,5917.0
1761,46-55,Female,16816.0
1762,46-55,Male,14039.0
1763,26-35,Male,1685.0
1764,36-45,Male,20900.0
1765,18-25,Male,1678.0
1766,36-45,Male,7264.0
1767,46-55,Female,10170.0
1768,36-45,Male,3760.0
1769,26-35,Male,6336.0
1770,26-35,Male,6603.0
1771,26-35,Female,1857.0
1772,36-45,Male,10848.0
1773,26-35,Female,3605.0
1774,26-35,Male,9508.0
1775,56-65,Male,5772.0
1776,56-65,Male,10495.0
1777,26-35,Male,3921.0
1778,26-35,Female,5920.0
1779,26-35,Male,15645.0
1780,36-45,Female,9702.0
1781,65+,Male,5369.0
1782,26-35,Female,5783.0
1783,18-25,Male,1115.0
1784,36-45,Male,4246.0
1785,26-35,Female,4018.0
1786,26-35,Female,2782.0
1787,36-45,Male,8067.0
1788,46-55,Male,4299.0
1789,26-35,Male,2807.0
1790,56-65,Female,4741.0
1791,46-55,Male,15067.0
1792,26-35,Male,6696.0
1793,46-55,Male,16477.0
1794,18-25,Male,3341.0
1795,46-55,Male,13738.0
1796,36-45,Female,6341.0
1797,26-35,Female,5939.0
1798,26-35,Female,3466.0
1799,36-45,Male,9815.0
1800,26-35,Male,2998.0
1801,26-35,Male,4704.0
1802,36-45,Male,1756.0
1803,65+,Male,3467.0
1804,26-35,Male,4674.0
1805,26-35,Male,1780.0
1806,36-45,Male,7739.0
1807,36-45,Male,4090.0
1808,18-25,Male,1062.0
1809,46-55,Male,8243.0
1810,36-45,Male,18866.0
1811,46-55,Male,2586.0
1812,26-35,Female,16309.0
1813,26-35,Female,10463.0
1814,65+,Male,14840.0
1815,26-35,Female,2844.0
1816,46-55,Male,8351.0
1817,65+,Male,4341.0
1818,18-25,Female,3724.0
1819,26-35,Male,12690.0
1820,56-65,Male,6372.0
1821,26-35,Female,1384.0
1822,46-55,Female,7557.0
1823,36-45,Female,13500.0
1824,46-55,Female,4766.0
1825,36-45,Male,13541.0
1826,26-35,Female,2490.0
1827,36-45,Female,4739.0
1828,56-65,Male,22101.0
1829,46-55,Male,10276.0
1830,18-25,Male,3721.0
1831,36-45,Female,15635.0
1832,26-35,Male,2612.0
1833,36-45,Female,3383.0
1834,36-45,Female,11903.0
1835,56-65,Male,11225.0
1836,36-45,Male,7719.0
1837,26-35,Male,7886.0
1838,26-35,Female,2905.0
1839,26-35,Male,4956.0
1840,26-35,Male,3625.0
1841,36-45,Male,9190.0
1842,56-65,Female,10878.0
1843,36-45,Male,6316.0
1844,36-45,Female,5694.0
1845,18-25,Female,843.0
1846,26-35,Male,5379.0
1847,46-55,Female,9019.0
1848,46-55,Male,7072.0
1849,18-25,Female,3093.0
1850,26-35,Male,7629.0
1851,26-35,Male,15455.0
1852,36-45,Male,8245.0
1853,26-35,Male,2451.0
1854,26-35,Female,2422.0
1855,26-35,Female,2577.0
1856,26-35,Male,792.0
1857,36-45,Female,4181.0
1858,46-55,Male,7129.0
1859,46-55,Male,5389.0
1860,26-35,Female,5506.0
1861,46-55,Female,6329.0
1862,36-45,Male,4688.0
1863,36-45,Male,5649.0
1864,36-45,Female,6911.0
1865,26-35,Male,4261.0
1866,46-55,Male,10004.0
1867,36-45,Female,3907.0
1868,26-35,Male,3033.0
1869,46-55,Male,18310.0
1870,26-35,Male,7932.0
1871,26-35,Male,1404.0
1872,46-55,Male,7746.0
1873,46-55,Male,3981.0
1874,26-35,Female,3942.0
1875,26-35,Male,3162.0
1876,26-35,Male,1673.0
1877,18-25,Male,2128.0
1878,56-65,Male,17646.0
1879,18-25,Female,1583.0
1880,26-35,Female,3915.0
1881,36-45,Male,19771.0
1882,26-35,Male,3446.0
1883,36-45,Female,8916.0
1884,18-25,Female,2321.0
1885,56-65,Male,20218.0
1886,36-45,Male,5811.0
1887,26-35,Male,4415.0
1888,18-25,Male,2117.0
1889,36-45,Male,2247.0
1890,26-35,Male,1857.0
1891,36-45,Female,9309.0
1892,36-45,Female,6049.0
1893,46-55,Male,5475.0
1894,18-25,Male,1591.0
1895,36-45,Male,10038.0
1896,26-35,Male,10553.0
1897,46-55,Male,7539.0
1898,36-45,Male,4597.0
1899,26-35,Male,5399.0
1900,26-35,Female,5346.0
1901,36-45,Male,6938.0
1902,56-65,Male,5619.0
1903,36-45,Female,4831.0
1904,26-35,Male,3611.0
1905,26-35,Female,3442.0
1906,36-45,Female,25682.0
1907,26-35,Male,4050.0
1908,46-55,Female,12569.0
1909,36-45,Male,21743.0
1910,26-35,Female,16671.0
1911,26-35,Male,2547.0
1912,26-35,Male,5678.0
1913,36-45,Male,3967.0
1914,18-25,Male,2194.0
1915,56-65,Male,5233.0
1916,26-35,Male,5387.0
1917,18-25,Male,2729.0
1918,56-65,Male,9917.0
1919,18-25,Male,5989.0
1920,46-55,Female,6647.0
1921,26-35,Male,2170.0
1922,56-65,Male,6047.0
1923,56-65,Male,11498.0
1924,36-45,Male,4814.0
1925,18-25,Male,1920.0
1926,26-35,Male,2008.0
1927,26-35,Female,8120.0
1928,26-35,Male,6300.0
1929,26-35,Female,9564.0
1930,65+,Female,3345.0
1931,18-25,Male,2439.0
1932,36-45,Male,3266.0
1933,18-25,Male,1877.0
1934,36-45,Male,7868.0
1935,46-55,Male,13478.0
1936,36-45,Male,15430.0
1937,36-45,Male,5147.0
1938,36-45,Male,6177.0
1939,65+,Male,2075.0
1940,36-45,Female,15670.0
1941,26-35,Male,15726.0
1942,36-45,Female,3252.0
1943,46-55,Female,2268.0
1944,26-35,Male,3004.0
1945,46-55,Female,22821.0
1946,26-35,Male,1565.0
1947,26-35,Male,2994.0
1948,26-35,Male,6694.0
1949,18-25,Male,1704.0
1950,36-45,Male,5017.0
1951,36-45,Male,3298.0
1952,36-45,Female,5184.0
1953,26-35,Female,894.0
1954,36-45,Male,3128.0
1955,26-35,Male,5760.0
1956,26-35,Female,2409.0
1957,26-35,Male,10061.0
1958,26-35,Female,2480.0
1959,26-35,Male,3336.0
1960,36-45,Male,8022.0
1961,36-45,Male,1911.0
1962,36-45,Male,11104.0
1963,26-35,Male,4954.0
1964,26-35,Male,3057.0
1965,36-45,Male,11701.0
1966,46-55,Male,3995.0
1967,36-45,Male,3416.0
1968,36-45,Male,7499.0
1969,36-45,Male,13699.0
1970,26-35,Male,3576.0
1971,36-45,Female,5687.0
1972,46-55,Male,4773.0
1973,36-45,Female,16589.0
1974,36-45,Male,3980.0
1975,26-35,Male,2397.0
1976,26-35,Female,2265.0
1977,36-45,Male,3862.0
1978,36-45,Male,12631.0
1979,46-55,Female,11906.0
1980,36-45,Female,6481.0
1981,26-35,Female,3441.0
1982,36-45,Female,4854.0
1983,26-35,Female,5524.0
1984,26-35,Male,2486.0
1985,46-55,Male,8142.0
1986,26-35,Male,5755.0
1987,26-35,Male,7449.0
1988,26-35,Female,3977.0
1989,46-55,Male,4701.0
1990,36-45,Male,5525.0
1991,18-25,Male,1535.0
1992,46-55,Male,2457.0
1993,36-45,Male,2490.0
1994,36-45,Female,18803.0
1995,36-45,Male,8909.0
1996,46-55,Male,3712.0
1997,18-25,Male,1772.0
1998,26-35,Female,4227.0
1999,46-55,Male,10387.0
2000,26-35,Male,7359.0
2001,36-45,Female,3446.0
2002,46-55,Male,19464.0
2003,36-45,Male,4691.0
2004,56-65,Male,6574.0
2005,26-35,Male,2158.0
2006,36-45,Male,3292.0
2007,36-45,Female,8238.0
2008,36-45,Male,14440.0
2009,36-45,Male,3797.0
2010,46-55,Male,5215.0
2011,26-35,Male,11767.0
2012,18-25,Male,1864.0
2013,26-35,Male,2901.0
2014,26-35,Male,1095.0
2015,36-45,Female,3303.0
2016,26-35,Male,6211.0
2017,56-65,Male,4995.0
2018,26-35,Male,9270.0
2019,56-65,Female,6872.0
2020,56-65,Female,9877.0
2021,46-55,Male,12076.0
2022,36-45,Male,7496.0
2023,36-45,Male,10577.0
2024,26-35,Male,4688.0
2025,18-25,Male,4362.0
2026,36-45,Female,4577.0
2027,46-55,Male,19138.0
2028,36-45,Male,9588.0
2029,36-45,Male,11311.0
2030,56-65,Male,15797.0
2031,26-35,Male,1327.0
2032,46-55,Female,3368.0
2033,56-65,Female,6485.0
2034,46-55,Male,5468.0
2035,36-45,Male,8609.0
2036,26-35,Male,3000.0
2037,46-55,Male,4684.0
2038,46-55,Male,4150.0
2039,26-35,Male,11036.0
2040,46-55,Male,8214.0
2041,46-55,Male,9292.0
2042,18-25,Male,3049.0
2043,26-35,Male,1617.0
2044,36-45,Male,7273.0
2045,36-45,Female,5942.0
2046,18-25,Female,776.0
2047,26-35,Male,8989.0
2048,36-45,Female,13404.0
2049,36-45,Male,3226.0
2050,26-35,Female,4840.0
2051,26-35,Male,3357.0
2052,65+,Male,2461.0
2053,36-45,Male,11484.0
2054,36-45,Female,5261.0
2055,56-65,Male,8745.0
2056,36-45,Male,10798.0
2057,26-35,Male,1515.0
2058,18-25,Male,1104.0
2059,36-45,Male,18137.0
2060,56-65,Male,7243.0
2061,65+,Male,2706.0
2062,56-65,Male,7550.0
2063,26-35,Female,3704.0
2064,56-65,Male,9680.0
2065,26-35,Male,1171.0
2066,65+,Male,5435.0
2067,46-55,Male,9924.0
2068,18-25,Male,1652.0
2069,36-45,Female,6098.0
2070,18-25,Male,1381.0
2071,36-45,Female,6572.0
2072,65+,Female,11466.0
2073,26-35,Female,5305.0
2074,46-55,Female,8846.0
2075,26-35,Male,6496.0
2076,26-35,Male,5471.0
2077,36-45,Male,13677.0
2078,46-55,Male,3534.0
2079,26-35,Male,10663.0
2080,18-25,Male,2905.0
2081,46-55,Male,6929.0
2082,26-35,Female,2316.0
2083,36-45,Female,9096.0
2084,46-55,Male,6483.0
2085,56-65,Male,3940.0
2086,26-35,Male,4404.0
2087,18-25,Male,2392.0
2088,46-55,Female,12465.0
2089,26-35,Female,13235.0
2090,56-65,Male,15198.0
2091,18-25,Male,3144.0
2092,46-55,Female,6918.0
2093,26-35,Male,3685.0
2094,26-35,Male,4645.0
2095,36-45,Male,7254.0
2096,46-55,Male,16177.0
2097,36-45,Female,2237.0
2098,36-45,Female,1638.0
2099,26-35,Male,3815.0
2100,36-45,Male,8564.0
2101,36-45,Male,9633.0
2102,56-65,Male,15278.0
2103,36-45,Male,6483.0
2104,46-55,Female,4696.0
2105,36-45,Male,8197.0
2106,36-45,Female,3225.0
2107,26-35,Female,10973.0
2108,56-65,Female,20749.0
2109,46-55,Male,11041.0
2110,56-65,Female,4457.0
2111,26-35,Female,5749.0
2112,36-45,Male,4802.0
2113,36-45,Female,4120.0
2114,56-65,Male,9960.0
2115,46-55,Male,8762.0
2116,26-35,Male,9270.0
2117,26-35,Male,7219.0
2118,36-45,Male,19076.0
2119,26-35,Female,2026.0
2120,36-45,Male,9588.0
2121,46-55,Male,5704.0
2122,36-45,Male,5993.0
2123,26-35,Male,3598.0
2124,56-65,Male,32337.0
2125,26-35,Male,8597.0
2126,26-35,Male,3397.0
2127,65+,Male,9420.0
2128,26-35,Male,5035.0
2129,36-45,Male,9208.0
2130,36-45,Female,11525.0
2131,36-45,Male,13411.0
2132,36-45,Male,11967.0
2133,56-65,Male,10028.0
2134,36-45,Male,5558.0
2135,36-45,Female,6468.0
2136,36-45,Male,4804.0
2137,26-35,Male,2556.0
2138,26-35,Female,18540.0
2139,18-25,Male,1358.0
2140,56-65,Male,12941.0
2141,26-35,Female,5135.0
2142,56-65,Male,6042.0
2143,36-45,Female,3751.0
2144,46-55,Male,3280.0
2145,26-35,Female,3023.0
2146,26-35,Female,3860.0
2147,36-45,Male,6104.0
2148,18-25,Male,1909.0
2149,26-35,Male,4387.0
2150,26-35,Female,4092.0
2151,56-65,Male,10499.0
2152,26-35,Male,3917.0
2153,46-55,Male,2235.0
2154,26-35,Female,4169.0
2155,36-45,Female,3270.0
2156,26-35,Male,6078.0
2157,46-55,Male,9800.0
2158,26-35,Male,2556.0
2159,56-65,Female,4330.0
2160,36-45,Female,8162.0
2161,46-55,Male,5896.0
2162,26-35,Male,1672.0
2163,56-65,Male,6548.0
2164,36-45,Male,6165.0
2165,26-35,Male,1883.0
2166,26-35,Male,12890.0
2167,36-45,Male,6416.0
2168,46-55,Male,3953.0
2169,36-45,Male,5808.0
2170,65+,Female,4531.0
2171,26-35,Female,2743.0
2172,26-35,Male,10816.0
2173,26-35,Male,5330.0
2174,46-55,Male,7700.0
2175,36-45,Female,10301.0
2176,26-35,Male,2336.0
2177,56-65,Male,3006.0
2178,26-35,Male,2606.0
2179,46-55,Female,8322.0
2180,18-25,Male,1529.0
2181,46-55,Male,19649.0
2182,56-65,Male,10931.0
2183,26-35,Male,7714.0
2184,36-45,Male,7834.0
2185,56-65,Male,7691.0
2186,56-65,Male,21219.0
2187,26-35,Female,3667.0
2188,26-35,Male,2172.0
2189,26-35,Female,4239.0
2190,26-35,Male,3330.0
2191,26-35,Male,5357.0
2192,36-45,Female,6149.0
2193,46-55,Male,7146.0
2194,56-65,Male,8726.0
2195,26-35,Male,3457.0
2196,36-45,Male,21267.0
2197,36-45,Male,13994.0
2198,36-45,Male,6291.0
2199,36-45,Female,6736.0
2200,56-65,Male,12970.0
2201,36-45,Female,5453.0
2202,36-45,Male,2904.0
2203,36-45,Female,3165.0
2204,26-35,Male,3047.0
2205,36-45,Male,6034.0
2206,46-55,Female,3696.0
2207,56-65,Female,3591.0
2208,18-25,Female,1693.0
2209,26-35,Female,5516.0
2210,36-45,Male,9166.0
2211,36-45,Female,7030.0
2212,56-65,Male,5696.0
2213,26-35,Male,1929.0
2214,26-35,Male,1999.0
2215,26-35,Female,2904.0
2216,26-35,Male,3208.0
2217,36-45,Male,14085.0
2218,26-35,Male,2891.0
2219,36-45,Male,12766.0
2220,36-45,Male,7398.0
2221,36-45,Male,8004.0
2222,46-55,Male,4628.0
2223,46-55,Male,10838.0
2224,26-35,Male,4138.0
2225,18-25,Male,5093.0
2226,18-25,Female,1654.0
2227,26-35,Male,4644.0
2228,18-25,Female,2927.0
2229,26-35,Male,14781.0
2230,46-55,Female,7590.0
2231,46-55,Female,18385.0
2232,46-55,Male,4069.0
2233,26-35,Male,7943.0
2234,56-65,Female,16727.0
2235,36-45,Male,4989.0
2236,46-55,Male,10595.0
2237,18-25,Male,758.0
2238,56-65,Female,11524.0
2239,26-35,Male,7353.0
2240,26-35,Male,9916.0
2241,36-45,Male,10352.0
2242,26-35,Male,13280.0
2243,46-55,Female,2136.0
2244,36-45,Male,7450.0
2245,36-45,Male,2709.0
2246,26-35,Male,3988.0
2247,36-45,Male,9870.0
2248,56-65,Male,16282.0
2249,56-65,Male,3663.0
2250,36-45,Female,13248.0
2251,36-45,Male,6864.0
2252,26-35,Female,2312.0
2253,46-55,Female,25763.0
2254,26-35,Female,1338.0
2255,46-55,Male,11367.0
2256,18-25,Male,690.0
2257,26-35,Female,6713.0
2258,18-25,Male,1302.0
2259,26-35,Male,4776.0
2260,26-35,Female,13593.0
2261,46-55,Male,7254.0
2262,56-65,Female,3243.0
2263,36-45,Female,4728.0
2264,26-35,Male,2198.0
2265,26-35,Male,4424.0
2266,26-35,Male,2633.0
2267,26-35,Male,4083.0
2268,26-35,Male,3979.0
2269,26-35,Male,6876.0
2270,46-55,Female,6060.0
2271,26-35,Male,4865.0
2272,26-35,Female,5520.0
2273,26-35,Male,2745.0
2274,56-65,Male,5123.0
2275,36-45,Female,3603.0
2276,56-65,Male,1648.0
2277,46-55,Male,4864.0
2278,36-45,Male,3941.0
2279,36-45,Male,4099.0
2280,36-45,Male,9001.0
2281,18-25,Female,2138.0
2282,46-55,Male,7742.0
2283,26-35,Male,17768.0
2284,26-35,Male,4717.0
2285,56-65,Female,11307.0
2286,56-65,Female,4287.0
2287,26-35,Male,8226.0
2288,26-35,Male,2866.0
2289,26-35,Female,6123.0
2290,36-45,Male,8824.0
2291,26-35,Female,12192.0
2292,46-55,Male,9765.0
2293,26-35,Female,4640.0
2294,36-45,Male,7174.0
2295,36-45,Female,10875.0
2296,26-35,Male,5049.0
2297,36-45,Male,5364.0
2298,26-35,Female,12316.0
2299,26-35,Female,4328.0
2300,26-35,Female,10942.0
2301,26-35,Male,1947.0
2302,36-45,Male,5077.0
2303,26-35,Male,5221.0
2304,36-45,Female,13604.0
2305,26-35,Male,1128.0
2306,18-25,Female,1288.0
2307,36-45,Male,2872.0
2308,18-25,Female,2737.0
2309,26-35,Male,2776.0
2310,26-35,Male,2934.0
2311,36-45,Female,5056.0
2312,26-35,Male,8061.0
2313,46-55,Male,13802.0
2314,36-45,Female,10468.0
2315,36-45,Male,4219.0
2316,26-35,Male,5812.0
2317,56-65,Male,9638.0
2318,36-45,Male,11422.0
2319,46-55,Male,12043.0
2320,36-45,Female,9189.0
2321,46-55,Male,4102.0
2322,26-35,Male,3926.0
2323,46-55,Male,15380.0
2324,36-45,Male,10017.0
2325,46-55,Male,12591.0
2326,46-55,Male,8269.0
2327,26-35,Male,3059.0
2328,65+,Male,10004.0
2329,36-45,Female,3995.0
2330,26-35,Female,3037.0
2331,26-35,Male,3408.0
2332,46-55,Male,17654.0
2333,36-45,Male,4743.0
2334,46-55,Male,9796.0
2335,26-35,Male,1309.0
2336,46-55,Female,9543.0
2337,46-55,Male,6259.0
2338,36-45,Male,3545.0
2339,26-35,Male,8354.0
2340,18-25,Male,2039.0
2341,56-65,Male,9076.0
2342,46-55,Male,5502.0
2343,26-35,Female,4807.0
2344,26-35,Female,5944.0
2345,46-55,Male,5913.0
2346,26-35,Male,11471.0
2347,46-55,Male,4023.0
2348,18-25,Female,1300.0
2349,46-55,Male,4799.0
2350,26-35,Male,9093.0
2351,46-55,Male,12095.0
2352,36-45,Male,8773.0
2353,26-35,Male,2025.0
2354,26-35,Female,14597.0
2355,56-65,Male,5728.0
2356,56-65,Female,5936.0
2357,26-35,Female,10069.0
2358,18-25,Male,3108.0
2359,65+,Male,7258.0
2360,46-55,Male,4001.0
2361,56-65,Male,2656.0
2362,26-35,Male,5355.0
2363,46-55,Female,16292.0
2364,46-55,Male,6925.0
2365,36-45,Male,11110.0
2366,26-35,Female,3306.0
2367,36-45,Male,10756.0
2368,26-35,Male,3416.0
2369,36-45,Male,23295.0
2370,36-45,Male,3914.0
2371,46-55,Male,8860.0
2372,26-35,Male,4976.0
2373,18-25,Female,1672.0
2374,26-35,Female,5106.0
2375,26-35,Female,3315.0
2376,26-35,Male,3503.0
2377,26-35,Male,7719.0
2378,26-35,Female,2858.0
2379,26-35,Male,3248.0
2380,26-35,Male,2632.0
2381,46-55,Male,8483.0
2382,26-35,Male,3028.0
2383,46-55,Male,10758.0
2384,46-55,Male,19151.0
2385,36-45,Male,4075.0
2386,56-65,Male,8143.0
2387,36-45,Female,14938.0
2388,46-55,Female,12802.0
2389,36-45,Male,4661.0
2390,36-45,Male,12572.0
2391,26-35,Female,6111.0
2392,26-35,Male,3947.0
2393,26-35,Male,10734.0
2394,56-65,Female,8343.0
2395,46-55,Male,11436.0
2396,46-55,Male,7353.0
2397,46-55,Female,8985.0
2398,36-45,Male,4883.0
2399,46-55,Male,9082.0
2400,36-45,Male,17502.0
2401,65+,Male,6391.0
2402,36-45,Male,3705.0
2403,26-35,Female,4076.0
2404,46-55,Male,13921.0
2405,36-45,Male,8527.0
2406,36-45,Male,4676.0
2407,46-55,Male,12448.0
2408,36-45,Female,9958.0
2409,36-45,Male,4609.0
2410,26-35,Male,3383.0
2411,46-55,Male,13418.0
2412,36-45,Male,5230.0
2413,36-45,Female,6483.0
2414,46-55,Female,14074.0
2415,56-65,Female,6916.0
2416,26-35,Male,3405.0
2417,26-35,Male,2960.0
2418,36-45,Male,5817.0
2419,36-45,Male,11600.0
2420,36-45,Male,6460.0
2421,56-65,Male,4752.0
2422,56-65,Male,6228.0
2423,36-45,Male,6277.0
2424,36-45,Male,5838.0
2425,36-45,Male,3169.0
2426,26-35,Male,5607.0
2427,26-35,Male,7165.0
2428,26-35,Female,2948.0
2429,46-55,Male,2091.0
2430,36-45,Female,5076.0
2431,26-35,Female,2444.0
2432,26-35,Female,10043.0
2433,26-35,Female,1529.0
2434,46-55,Female,11335.0
2435,26-35,Male,3768.0
2436,36-45,Male,7418.0
2437,26-35,Male,3280.0
2438,56-65,Male,6514.0
2439,36-45,Male,9188.0
2440,36-45,Male,11442.0
2441,26-35,Male,4518.0
2442,26-35,Male,1841.0
2443,36-45,Female,7853.0
2444,36-45,Female,5126.0
2445,56-65,Female,7778.0
2446,36-45,Male,11142.0
2447,36-45,Male,3810.0
2448,46-55,Male,5784.0
2449,65+,Male,6360.0
2450,46-55,Male,7602.0
2451,26-35,Male,3339.0
2452,26-35,Male,6978.0
2453,26-35,Male,7026.0
2454,26-35,Female,4597.0
2455,18-25,Female,2571.0
2456,36-45,Female,3257.0
2457,18-25,Male,2413.0
2458,26-35,Male,3413.0
2459,26-35,Male,4781.0
2460,26-35,Male,4092.0
2461,26-35,Male,6748.0
2462,36-45,Female,6671.0
2463,56-65,Male,5593.0
2464,56-65,Male,2709.0
2465,46-55,Female,5669.0
2466,36-45,Female,9801.0
2467,56-65,Male,6027.0
2468,26-35,Female,4155.0
2469,46-55,Male,7237.0
2470,26-35,Male,2043.0
2471,26-35,Male,1948.0
2472,26-35,Female,2190.0
2473,36-45,Male,15702.0
2474,26-35,Male,1925.0
2475,46-55,Female,11061.0
2476,26-35,Female,2099.0
2477,36-45,Female,3785.0
2478,46-55,Male,9163.0
2479,36-45,Male,7157.0
2480,36-45,Male,3980.0
2481,46-55,Female,10875.0
2482,36-45,Female,3650.0
2483,26-35,Male,5020.0
2484,26-35,Male,2316.0
2485,46-55,Male,10063.0
2486,46-55,Male,22897.0
2487,46-55,Male,4650.0
2488,18-25,Male,1532.0
2489,26-35,Male,2703.0
2490,18-25,Male,2188.0
2491,56-65,Male,4106.0
2492,36-45,Female,16923.0
2493,36-45,Male,9856.0
2494,26-35,Female,2303.0
2495,26-35,Female,2627.0
2496,18-25,Male,1232.0
2497,26-35,Male,7682.0
2498,56-65,Male,10114.0
2499,36-45,Female,5565.0
2500,36-45,Male,3249.0
2501,36-45,Male,10772.0
2502,46-55,Male,10730.0
2503,26-35,Male,3238.0
2504,46-55,Male,23999.0
2505,56-65,Male,3690.0
2506,26-35,Female,4168.0
2507,56-65,Male,4828.0
2508,26-35,Male,4116.0
2509,26-35,Male,2831.0
2510,36-45,Male,5138.0
2511,26-35,Male,2807.0
2512,26-35,Male,2236.0
2513,26-35,Male,5154.0
2514,56-65,Male,3598.0
2515,46-55,Male,14889.0
2516,36-45,Male,3404.0
2517,36-45,Female,9661.0
2518,36-45,Male,14318.0
2519,36-45,Male,6143.0
2520,26-35,Female,11057.0
2521,26-35,Male,2771.0
2522,18-25,Male,1762.0
2523,26-35,Male,5551.0
2524,36-45,Male,5559.0
2525,26-35,Male,1980.0
2526,56-65,Female,18858.0
2527,36-45,Male,5075.0
2528,26-35,Male,10498.0
2529,26-35,Male,2419.0
2530,26-35,Male,8963.0
2531,18-25,Female,1400.0
2532,26-35,Male,5588.0
2533,36-45,Male,10112.0
2534,26-35,Male,4900.0
2535,26-35,Male,2253.0
2536,46-55,Male,10306.0
2537,36-45,Male,7119.0
2538,26-35,Male,4112.0
2539,56-65,Male,5843.0
2540,26-35,Male,4404.0
2541,36-45,Female,6603.0
2542,36-45,Male,4353.0
2543,26-35,Female,2238.0
2544,18-25,Male,3198.0
2545,18-25,Male,2088.0
2546,46-55,Female,10979.0
2547,26-35,Male,10271.0
2548,36-45,Male,4892.0
2549,26-35,Male,5396.0
2550,36-45,Male,11255.0
2551,46-55,Male,9011.0
2552,46-55,Male,9572.0
2553,56-65,Female,24180.0
2554,26-35,Male,5854.0
2555,26-35,Male,7860.0
2556,36-45,Male,8727.0
2557,36-45,Male,4826.0
2558,26-35,Female,3951.0
2559,36-45,Male,16564.0
2560,56-65,Male,4204.0
2561,46-55,Male,8759.0
2562,46-55,Female,13800.0
2563,26-35,Male,6322.0
2564,18-25,Female,1590.0
2565,36-45,Female,2261.0
2566,26-35,Male,5136.0
2567,65+,Female,2361.0
2568,46-55,Male,7046.0
2569,46-55,Male,16907.0
2570,26-35,Male,7922.0
2571,56-65,Male,2360.0
2572,36-45,Male,3603.0
2573,26-35,Male,3716.0
2574,26-35,Male,3301.0
2575,26-35,Male,4163.0
2576,36-45,Male,5570.0
2577,36-45,Male,5286.0
2578,36-45,Male,7862.0
2579,65+,Female,2730.0
2580,46-55,Male,12286.0
2581,46-55,Male,6357.0
2582,26-35,Male,4329.0
2583,46-55,Female,14785.0
2584,26-35,Male,4389.0
2585,26-35,Female,3156.0
2586,26-35,Male,5346.0
2587,26-35,Male,5329.0
2588,46-55,Male,7814.0
2589,26-35,Male,4526.0
2590,26-35,Female,4178.0
2591,36-45,Female,3831.0
2592,56-65,Female,4427.0
2593,56-65,Female,5446.0
2594,36-45,Male,16630.0
2595,46-55,Male,8918.0
2596,56-65,Male,20998.0
2597,46-55,Male,18953.0
2598,46-55,Female,13292.0
2599,26-35,Female,2582.0
2600,36-45,Male,10861.0
2601,36-45,Male,7525.0
2602,46-55,Female,8095.0
2603,18-25,Male,2494.0
2604,36-45,Male,16683.0
2605,26-35,Male,5163.0
2606,26-35,Female,8774.0
2607,56-65,Male,2735.0
2608,65+,Male,5374.0
2609,36-45,Male,3288.0
2610,36-45,Female,18005.0
2611,18-25,Female,1232.0
2612,26-35,Male,3516.0
2613,26-35,Male,6201.0
2614,36-45,Male,5736.0
2615,36-45,Male,11965.0
2616,46-55,Male,18048.0
2617,36-45,Male,8192.0
2618,36-45,Male,2034.0
2619,36-45,Male,7032.0
2620,36-45,Male,14057.0
2621,46-55,Male,3192.0
2622,26-35,Male,3138.0
2623,56-65,Female,7898.0
2624,46-55,Male,6845.0
2625,56-65,Female,6762.0
2626,26-35,Male,7220.0
2627,18-25,Male,1175.0
2628,36-45,Male,1399.0
2629,46-55,Male,6514.0
2630,26-35,Female,3407.0
2631,18-25,Male,4336.0
2632,46-55,Male,5610.0
2633,65+,Male,4277.0
2634,26-35,Male,21820.0
2635,46-55,Male,9816.0
2636,18-25,Male,1541.0
2637,26-35,Female,4180.0
2638,46-55,Male,7704.0
2639,46-55,Female,9802.0
2640,36-45,Male,5868.0
2641,26-35,Male,7344.0
2642,56-65,Male,13343.0
2643,56-65,Male,8217.0
2644,18-25,Male,2513.0
2645,26-35,Male,2077.0
2646,36-45,Female,11945.0
2647,46-55,Female,23721.0
2648,36-45,Male,5602.0
2649,36-45,Male,3440.0
2650,26-35,Male,4483.0
2651,26-35,Male,1845.0
2652,26-35,Female,11232.0
2653,46-55,Male,15126.0
2654,36-45,Female,5551.0
2655,46-55,Female,8135.0
2656,26-35,Male,3741.0
2657,46-55,Male,12002.0
2658,26-35,Female,2223.0
2659,18-25,Male,3568.0
2660,65+,Male,4579.0
2661,26-35,Male,3021.0
2662,36-45,Male,14946.0
2663,26-35,Male,8493.0
2664,65+,Male,2767.0
2665,36-45,Male,15025.0
2666,36-45,Male,3359.0
2667,56-65,Female,4271.0
2668,36-45,Male,10487.0
2669,26-35,Male,4654.0
2670,36-45,Female,18868.0
2671,56-65,Male,14690.0
2672,36-45,Male,6349.0
2673,46-55,Male,5899.0
2674,36-45,Female,5928.0
2675,18-25,Male,1581.0
2676,36-45,Male,11733.0
2677,65+,Male,4645.0
2678,36-45,Male,6524.0
2679,46-55,Male,7619.0
2680,26-35,Female,1574.0
2681,36-45,Female,12921.0
2682,46-55,Female,8265.0
2683,36-45,Male,7809.0
2684,26-35,Male,2354.0
2685,26-35,Male,10896.0
2686,26-35,Male,5156.0
2687,56-65,Male,11650.0
2688,26-35,Male,6294.0
2689,36-45,Female,11451.0
2690,36-45,Male,2951.0
2691,36-45,Male,10469.0
2692,26-35,Male,7411.0
2693,36-45,Female,8832.0
2694,46-55,Female,9031.0
2695,56-65,Male,4923.0
2696,36-45,Male,7503.0
2697,26-35,Male,2186.0
2698,46-55,Male,14971.0
2699,56-65,Female,7970.0
2700,56-65,Female,15563.0
2701,36-45,Male,4016.0
2702,46-55,Male,5702.0
2703,56-65,Male,6170.0
2704,26-35,Female,4220.0
2705,36-45,Male,5489.0
2706,36-45,Male,12268.0
2707,36-45,Male,11500.0
2708,18-25,Male,2047.0
2709,46-55,Male,30817.0
2710,46-55,Male,9321.0
2711,26-35,Female,4712.0
2712,18-25,Male,2108.0
2713,18-25,Female,2431.0
2714,36-45,Female,9114.0
2715,36-45,Female,4037.0
2716,36-45,Male,3997.0
2717,26-35,Female,3309.0
2718,26-35,Male,7484.0
2719,26-35,Male,2627.0
2720,26-35,Female,2805.0
2721,26-35,Male,7950.0
2722,36-45,Female,8851.0
2723,46-55,Female,7291.0
2724,36-45,Male,6361.0
2725,26-35,Female,7391.0
2726,26-35,Female,9805.0
2727,36-45,Male,6228.0
2728,26-35,Male,4630.0
2729,56-65,Male,4294.0
2730,36-45,Female,4205.0
2731,46-55,Male,14721.0
2732,26-35,Male,2109.0
2733,26-35,Male,5758.0
2734,26-35,Female,9444.0
2735,36-45,Male,9123.0
2736,46-55,Female,11840.0
2737,36-45,Male,8419.0
2738,56-65,Female,4580.0
2739,46-55,Female,9615.0
2740,46-55,Male,16359.0
2741,36-45,Male,18182.0
2742,26-35,Female,1766.0
2743,46-55,Male,8068.0
2744,26-35,Male,7902.0
2745,18-25,Male,4195.0
2746,46-55,Female,5196.0
2747,56-65,Male,5704.0
2748,26-35,Male,4765.0
2749,65+,Male,5025.0
2750,26-35,Male,2506.0
2751,26-35,Female,10378.0
2752,18-25,Female,1266.0
2753,26-35,Female,6458.0
2754,56-65,Male,6809.0
2755,26-35,Male,4543.0
2756,26-35,Male,9101.0
2757,26-35,Male,4340.0
2758,36-45,Male,4734.0
2759,56-65,Male,7425.0
2760,36-45,Female,3458.0
2761,26-35,Male,2522.0
2762,26-35,Male,8099.0
2763,26-35,Female,5438.0
2764,46-55,Female,8928.0
2765,56-65,Male,6989.0
2766,46-55,Male,10931.0
2767,36-45,Male,5748.0
2768,36-45,Male,3682.0
2769,36-45,Female,3870.0
2770,56-65,Female,15084.0
2771,36-45,Male,2386.0
2772,36-45,Male,13275.0
2773,36-45,Male,12484.0
2774,36-45,Female,13341.0
2775,36-45,Male,2588.0
2776,36-45,Male,7767.0
2777,46-55,Female,15042.0
2778,56-65,Male,4952.0
2779,36-45,Male,2309.0
2780,18-25,Male,1683.0
2781,36-45,Female,5275.0
2782,26-35,Male,4824.0
2783,56-65,Male,15031.0
2784,26-35,Male,4503.0
2785,36-45,Male,5227.0
2786,26-35,Female,2034.0
2787,36-45,Male,3720.0
2788,36-45,Male,2274.0
2789,46-55,Male,13440.0
2790,36-45,Male,3317.0
2791,46-55,Male,30931.0
2792,46-55,Male,5283.0
2793,26-35,Female,5443.0
2794,36-45,Male,4166.0
2795,46-55,Male,15106.0
2796,46-55,Male,5110.0
2797,26-35,Male,3578.0
2798,36-45,Female,6666.0
2799,26-35,Male,3862.0
2800,18-25,Female,2387.0
2801,36-45,Male,8729.0
2802,46-55,Male,6857.0
2803,36-45,Male,5360.0
2804,26-35,Female,2893.0
2805,26-35,Male,5099.0
2806,46-55,Male,19848.0
2807,56-65,Female,3727.0
2808,36-45,Male,5584.0
2809,26-35,Male,3860.0
2810,18-25,Male,1792.0
2811,46-55,Female,10107.0
2812,36-45,Female,4650.0
2813,18-25,Male,4343.0
2814,36-45,Female,14610.0
2815,36-45,Male,7970.0
2816,36-45,Male,3837.0
2817,26-35,Female,10783.0
2818,36-45,Male,16740.0
2819,26-35,Male,1634.0
2820,26-35,Female,3976.0
2821,56-65,Male,14014.0
2822,26-35,Male,3882.0
2823,46-55,Male,12148.0
2824,26-35,Male,6612.0
2825,26-35,Male,1671.0
2826,46-55,Male,18504.0
2827,26-35,Male,3595.0
2828,26-35,Male,2694.0
2829,26-35,Male,2642.0
2830,26-35,Male,5606.0
2831,26-35,Male,4154.0
2832,18-25,Male,500.0
2833,46-55,Male,2086.0
2834,26-35,Male,4480.0
2835,56-65,Male,12705.0
2836,46-55,Male,7559.0
2837,26-35,Male,3534.0
2838,26-35,Male,3777.0
2839,26-35,Male,5315.0
2840,18-25,Male,5064.0
2841,46-55,Female,4819.0
2842,36-45,Male,5502.0
2843,36-45,Male,6058.0
2844,26-35,Female,7489.0
2845,46-55,Male,12254.0
2846,26-35,Female,4494.0
2847,18-25,Male,1235.0
2848,26-35,Male,2860.0
2849,36-45,Male,9761.0
2850,46-55,Male,12236.0
2851,46-55,Male,15945.0
2852,26-35,Female,4836.0
2853,56-65,Male,5497.0
2854,65+,Male,4994.0
2855,36-45,Male,14995.0
2856,36-45,Male,11784.0
2857,26-35,Female,3147.0
2858,36-45,Male,5512.0
2859,26-35,Male,5128.0
2860,26-35,Female,4576.0
2861,36-45,Female,15984.0
2862,46-55,Male,10137.0
2863,26-35,Male,4130.0
2864,36-45,Male,3816.0
2865,46-55,Male,9422.0
2866,26-35,Male,5048.0
2867,46-55,Male,4991.0
2868,26-35,Male,3566.0
2869,46-55,Male,10925.0
2870,46-55,Female,8725.0
2871,36-45,Male,3506.0
2872,26-35,Male,6163.0
2873,26-35,Male,4012.0
2874,26-35,Male,11658.0
2875,56-65,Male,7281.0
2876,26-35,Male,3113.0
2877,56-65,Female,5581.0
2878,26-35,Male,2894.0
2879,18-25,Female,1430.0
2880,36-45,Female,11950.0
2881,26-35,Male,6352.0
2882,46-55,Female,7398.0
2883,36-45,Female,9176.0
2884,26-35,Male,9239.0
2885,26-35,Male,6015.0
2886,26-35,Male,3002.0
2887,26-35,Male,2123.0
2888,46-55,Male,6442.0
2889,36-45,Male,2709.0
2890,36-45,Female,7921.0
2891,36-45,Male,11448.0
2892,26-35,Male,2505.0
2893,65+,Female,3953.0
2894,36-45,Male,13642.0
2895,26-35,Male,2230.0
2896,36-45,Female,17134.0
2897,56-65,Female,6918.0
2898,36-45,Male,10037.0
2899,36-45,Female,9735.0
2900,65+,Male,5819.0
2901,65+,Male,2712.0
2902,36-45,Male,9245.0
2903,46-55,Male,4440.0
2904,56-65,Male,7897.0
2905,56-65,Male,6819.0
2906,46-55,Male,14903.0
2907,26-35,Male,3764.0
2908,46-55,Female,13408.0
2909,26-35,Male,2634.0
2910,26-35,Female,3456.0
2911,36-45,Male,12503.0
2912,46-55,Male,3870.0
2913,18-25,Female,2335.0
2914,26-35,Female,7093.0
2915,65+,Male,5828.0
2916,26-35,Female,4539.0
2917,18-25,Male,1257.0
2918,56-65,Male,3126.0
2919,26-35,Male,6759.0
2920,26-35,Female,7287.0
2921,36-45,Male,6489.0
2922,26-35,Female,8446.0
2923,36-45,Male,14203.0
2924,26-35,Female,3899.0
2925,36-45,Male,19025.0
2926,26-35,Male,5063.0
2927,65+,Male,2666.0
2928,36-45,Male,3265.0
2929,26-35,Female,2405.0
2930,36-45,Male,6021.0
2931,18-25,Male,1961.0
2932,26-35,Female,1624.0
2933,36-45,Male,5783.0
2934,56-65,Female,9268.0
2935,18-25,Male,1046.0
2936,56-65,Female,3082.0
2937,56-65,Male,3879.0
2938,26-35,Male,2003.0
2939,26-35,Male,4766.0
2940,36-45,Male,11503.0
2941,56-65,Male,2867.0
2942,36-45,Male,17424.0
2943,46-55,Male,9617.0
2944,36-45,Male,9969.0
2945,46-55,Male,14778.0
2946,46-55,Female,6797.0
2947,36-45,Male,9146.0
2948,36-45,Male,3237.0
2949,26-35,Male,5947.0
2950,26-35,Male,6001.0
2951,65+,Male,3043.0
2952,18-25,Female,1932.0
2953,26-35,Male,1869.0
2954,26-35,Male,6910.0
2955,26-35,Female,5162.0
2956,36-45,Female,10556.0
2957,36-45,Male,6849.0
2958,26-35,Male,2971.0
2959,26-35,Male,4919.0
2960,26-35,Male,4527.0
2961,18-25,Male,2459.0
2962,56-65,Male,7329.0
2963,26-35,Male,2398.0
2964,18-25,Male,2550.0
2965,46-55,Male,17308.0
2966,46-55,Female,6054.0
2967,26-35,Male,4934.0
2968,36-45,Male,3914.0
2969,36-45,Male,15633.0
2970,36-45,Male,5785.0
2971,18-25,Male,1381.0
2972,26-35,Male,5942.0
2973,46-55,Female,10722.0
2974,36-45,Male,3577.0
2975,65+,Male,2718.0
2976,26-35,Male,5138.0
2977,36-45,Female,12289.0
2978,18-25,Male,2272.0
2979,26-35,Male,5818.0
2980,36-45,Female,4330.0
2981,36-45,Male,9459.0
2982,26-35,Male,2543.0
2983,26-35,Male,9041.0
2984,18-25,Male,4246.0
2985,46-55,Male,5263.0
2986,46-55,Female,12188.0
2987,36-45,Male,8530.0
2988,36-45,Male,7173.0
2989,26-35,Male,3338.0
2990,56-65,Male,8219.0
2991,26-35,Male,3265.0
2992,26-35,Male,2817.0
2993,26-35,Male,5196.0
2994,26-35,Male,7255.0
2995,18-25,Male,3177.0
2996,26-35,Male,4924.0
2997,65+,Male,11236.0
2998,26-35,Male,2526.0
2999,18-25,Male,1501.0
3000,36-45,Female,14459.0
3001,65+,Male,3037.0
3002,26-35,Female,4576.0
3003,46-55,Male,7597.0
3004,36-45,Male,4004.0
3005,65+,Male,4299.0
3006,65+,Male,4721.0
3007,36-45,Male,11772.0
3008,65+,Male,7788.0
3009,56-65,Female,18964.0
3010,26-35,Male,5271.0
3011,36-45,Female,7123.0
3012,18-25,Male,2080.0
3013,46-55,Male,5885.0
3014,56-65,Male,5413.0
3015,56-65,Male,6420.0
3016,46-55,Male,4283.0
3017,65+,Male,11947.0
3018,18-25,Male,2294.0
3019,65+,Female,8658.0
3020,36-45,Female,7234.0
3021,36-45,Female,7682.0
3022,56-65,Male,7589.0
3023,26-35,Male,7097.0
3024,26-35,Male,3489.0
3025,36-45,Female,5073.0
3026,18-25,Male,2942.0
3027,56-65,Female,8963.0
3028,26-35,Female,6573.0
3029,36-45,Male,12649.0
3030,26-35,Male,3613.0
3031,46-55,Male,3400.0
3032,26-35,Male,7314.0
3033,26-35,Male,9155.0
3034,36-45,Male,19067.0
3035,26-35,Male,2290.0
3036,26-35,Female,2068.0
3037,26-35,Male,2162.0
3038,36-45,Female,5629.0
3039,26-35,Female,5248.0
3040,26-35,Male,3049.0
3041,56-65,Female,6216.0
3042,46-55,Male,28599.0
3043,36-45,Male,14287.0
3044,46-55,Male,10049.0
3045,18-25,Female,3201.0
3046,26-35,Female,2834.0
3047,36-45,Female,5287.0
3048,26-35,Female,2923.0
3049,18-25,Female,2128.0
3050,36-45,Male,7376.0
3051,18-25,Male,1114.0
3052,36-45,Male,6046.0
3053,46-55,Female,6685.0
3054,26-35,Male,8100.0
3055,36-45,Male,11479.0
3056,18-25,Female,4005.0
3057,18-25,Female,2973.0
3058,46-55,Female,8199.0
3059,46-55,Male,3459.0
3060,26-35,Male,4721.0
3061,36-45,Male,9906.0
3062,46-55,Female,11630.0
3063,18-25,Male,1646.0
3064,26-35,Female,3532.0
3065,36-45,Male,5135.0
3066,36-45,Female,3535.0
3067,46-55,Male,5045.0
3068,26-35,Male,3529.0
3069,46-55,Male,9872.0
3070,26-35,Male,14973.0
3071,36-45,Male,4809.0
3072,46-55,Male,6799.0
3073,26-35,Male,4177.0
3074,56-65,Male,7771.0
3075,26-35,Female,6563.0
3076,46-55,Female,10062.0
3077,46-55,Male,4324.0
3078,46-55,Female,2098.0
3079,46-55,Female,18492.0
3080,56-65,Male,5655.0
3081,26-35,Female,7708.0
3082,56-65,Male,2789.0
3083,18-25,Male,1161.0
3084,46-55,Female,5861.0
3085,18-25,Male,1101.0
3086,26-35,Male,3737.0
3087,46-55,Male,25538.0
3088,26-35,Male,2366.0
3089,26-35,Male,6169.0
3090,18-25,Female,3150.0
3091,36-45,Male,12787.0
3092,46-55,Male,7096.0
3093,26-35,Female,2094.0
3094,18-25,Female,3243.0
3095,46-55,Male,19217.0
3096,46-55,Female,5302.0
3097,36-45,Male,5922.0
3098,46-55,Male,10219.0
3099,36-45,Male,5274.0
3100,18-25,Male,2563.0
3101,26-35,Male,6472.0
3102,26-35,Male,2415.0
3103,46-55,Female,11374.0
3104,18-25,Male,1272.0
3105,26-35,Female,3586.0
3106,46-55,Male,15711.0
3107,26-35,Male,4148.0
3108,56-65,Male,5735.0
3109,18-25,Male,2688.0
3110,26-35,Male,1846.0
3111,56-65,Male,4656.0
3112,26-35,Male,4483.0
3113,46-55,Male,7689.0
3114,36-45,Female,11280.0
3115,18-25,Male,3071.0
3116,46-55,Male,3852.0
3117,46-55,Male,5375.0
3118,46-55,Female,7384.0
3119,26-35,Male,3088.0
3120,46-55,Female,19285.0
3121,56-65,Male,5930.0
3122,36-45,Male,4695.0
3123,26-35,Female,4858.0
3124,46-55,Male,2171.0
3125,56-65,Male,5476.0
3126,26-35,Female,11103.0
3127,26-35,Female,1718.0
3128,26-35,Male,10058.0
3129,36-45,Female,5661.0
3130,26-35,Male,5634.0
3131,46-55,Male,9748.0
3132,26-35,Male,4712.0
3133,46-55,Female,8886.0
3134,26-35,Male,4071.0
3135,36-45,Male,12036.0
3136,26-35,Male,4747.0
3137,36-45,Male,10155.0
3138,36-45,Male,9070.0
3139,36-45,Male,4399.0
3140,56-65,Male,3311.0
3141,26-35,Female,1784.0
3142,56-65,Female,11561.0
3143,56-65,Male,5903.0
3144,26-35,Male,12685.0
3145,26-35,Male,11424.0
3146,26-35,Female,3440.0
3147,46-55,Female,19002.0
3148,36-45,Male,18314.0
3149,56-65,Male,5565.0
3150,36-45,Male,13868.0
3151,26-35,Male,2538.0
3152,46-55,Male,6116.0
3153,26-35,Male,3049.0
3154,36-45,Male,2285.0
3155,36-45,Male,12091.0
3156,36-45,Male,5625.0
3157,36-45,Female,3459.0
3158,56-65,Male,3786.0
3159,46-55,Male,5388.0
3160,26-35,Male,8760.0
3161,36-45,Female,10562.0
3162,36-45,Male,21268.0
3163,56-65,Male,4163.0
3164,36-45,Female,11409.0
3165,26-35,Male,4670.0
3166,46-55,Male,10905.0
3167,46-55,Male,12911.0
3168,26-35,Male,1695.0
3169,26-35,Male,1649.0
3170,46-55,Male,6251.0
3171,26-35,Female,5516.0
3172,36-45,Female,6786.0
3173,26-35,Male,2779.0
3174,26-35,Male,11674.0
3175,36-45,Male,5639.0
3176,26-35,Male,7109.0
3177,46-55,Female,6618.0
3178,56-65,Female,4288.0
3179,46-55,Female,8636.0
3180,26-35,Male,4289.0
3181,46-55,Male,11904.0
3182,26-35,Female,6451.0
3183,36-45,Male,2754.0
3184,36-45,Male,15471.0
3185,36-45,Female,13957.0
3186,36-45,Male,5180.0
3187,26-35,Male,10648.0
3188,36-45,Male,4355.0
3189,18-25,Female,2963.0
3190,26-35,Female,3418.0
3191,18-25,Male,3049.0
3192,26-35,Male,9291.0
3193,36-45,Male,6626.0
3194,26-35,Male,3848.0
3195,46-55,Female,13865.0
3196,26-35,Male,2254.0
3197,46-55,Male,8119.0
3198,18-25,Male,2927.0
3199,56-65,Female,8966.0
3200,46-55,Male,2346.0
3201,36-45,Male,14065.0
3202,46-55,Male,7311.0
3203,18-25,Male,1542.0
3204,36-45,Male,5077.0
3205,46-55,Male,2725.0
3206,36-45,Male,13995.0
3207,46-55,Male,11726.0
3208,46-55,Male,7318.0
3209,36-45,Male,6446.0
3210,36-45,Male,6538.0
3211,56-65,Male,10600.0
3212,46-55,Female,3668.0
3213,46-55,Male,6972.0
3214,36-45,Male,14999.0
3215,46-55,Female,5975.0
3216,18-25,Female,3015.0
3217,36-45,Male,7826.0
3218,26-35,Male,6015.0
3219,56-65,Male,11412.0
3220,26-35,Male,2223.0
3221,36-45,Male,11639.0
3222,36-45,Male,4914.0
3223,26-35,Male,3082.0
3224,36-45,Male,9543.0
3225,56-65,Male,4980.0
3226,26-35,Male,10399.0
3227,26-35,Male,2228.0
3228,26-35,Male,1728.0
3229,26-35,Male,6089.0
3230,26-35,Female,14799.0
3231,26-35,Male,2978.0
3232,18-25,Female,1782.0
3233,36-45,Male,5407.0
3234,36-45,Male,11598.0
3235,26-35,Male,3969.0
3236,26-35,Male,7204.0
3237,36-45,Male,8679.0
3238,26-35,Female,6173.0
3239,46-55,Male,39090.0
3240,36-45,Male,4027.0
3241,36-45,Male,7407.0
3242,46-55,Male,7847.0
3243,36-45,Male,13295.0
3244,56-65,Male,7127.0
3245,36-45,Female,6200.0
3246,46-55,Female,3239.0
3247,56-65,Female,7959.0
3248,36-45,Male,10077.0
3249,26-35,Female,2531.0
3250,26-35,Male,3468.0
3251,36-45,Male,14531.0
3252,46-55,Male,10604.0
3253,36-45,Male,6972.0
3254,26-35,Male,1102.0
3255,56-65,Male,12893.0
3256,36-45,Male,7568.0
3257,18-25,Male,548.0
3258,36-45,Female,6754.0
3259,26-35,Male,2555.0
3260,46-55,Male,13391.0
3261,26-35,Male,8214.0
3262,36-45,Female,11947.0
3263,36-45,Male,5114.0
3264,26-35,Male,5779.0
3265,46-55,Male,7209.0
3266,26-35,Female,4375.0
3267,46-55,Male,7909.0
3268,65+,Male,2425.0
3269,26-35,Female,643.0
3270,46-55,Female,10483.0
3271,36-45,Male,5645.0
3272,46-55,Male,14661.0
3273,46-55,Male,11110.0
3274,56-65,Male,11429.0
3275,56-65,Male,6292.0
3276,26-35,Male,3909.0
3277,26-35,Male,10479.0
3278,65+,Male,3654.0
3279,26-35,Male,1404.0
3280,36-45,Female,5496.0
3281,56-65,Male,7519.0
3282,46-55,Male,9511.0
3283,56-65,Female,5960.0
3284,36-45,Male,3126.0
3285,26-35,Male,2492.0
3286,46-55,Female,13856.0
3287,26-35,Male,3589.0
3288,36-45,Male,12340.0
3289,26-35,Male,4276.0
3290,36-45,Male,7944.0
3291,36-45,Male,15839.0
3292,36-45,Male,6959.0
3293,18-25,Male,1652.0
3294,46-55,Female,2311.0
3295,46-55,Male,24757.0
3296,26-35,Male,4459.0
3297,26-35,Male,6375.0
3298,36-45,Male,5851.0
3299,26-35,Female,2310.0
3300,46-55,Male,6385.0
3301,36-45,Male,5333.0
3302,36-45,Male,2315.0
3303,18-25,Male,2564.0
3304,18-25,Male,2039.0
3305,36-45,Male,12064.0
3306,26-35,Male,4712.0
3307,26-35,Male,3137.0
3308,26-35,Male,3476.0
3309,26-35,Male,7408.0
3310,26-35,Male,4354.0
3311,26-35,Female,3824.0
3312,36-45,Male,23330.0
3313,18-25,Male,3906.0
3314,46-55,Female,6898.0
3315,18-25,Male,2128.0
3316,36-45,Male,5146.0
3317,36-45,Male,12846.0
3318,26-35,Female,3265.0
3319,56-65,Male,10101.0
3320,26-35,Male,3270.0
3321,26-35,Male,3616.0
3322,36-45,Male,16854.0
3323,56-65,Female,13733.0
3324,18-25,Male,2105.0
3325,36-45,Female,8189.0
3326,46-55,Female,4739.0
3327,26-35,Female,5738.0
3328,26-35,Male,16296.0
3329,26-35,Female,4107.0
3330,26-35,Female,5803.0
3331,36-45,Female,4115.0
3332,26-35,Female,2951.0
3333,46-55,Male,5622.0
3334,65+,Male,2368.0
3335,56-65,Male,10103.0
3336,26-35,Male,9195.0
3337,26-35,Male,7133.0
3338,18-25,Female,2664.0
3339,46-55,Female,8619.0
3340,46-55,Male,15655.0
3341,26-35,Female,4155.0
3342,26-35,Female,14180.0
3343,26-35,Male,12987.0
3344,36-45,Male,2865.0
3345,46-55,Male,14596.0
3346,26-35,Male,1325.0
3347,65+,Female,11650.0
3348,26-35,Male,4094.0
3349,46-55,Male,6077.0
3350,36-45,Male,10477.0
3351,36-45,Male,8724.0
3352,36-45,Male,3748.0
3353,26-35,Male,5455.0
3354,26-35,Male,14510.0
3355,26-35,Male,7663.0
3356,36-45,Male,5154.0
3357,26-35,Male,4310.0
3358,36-45,Male,3505.0
3359,18-25,Female,2006.0
3360,46-55,Male,5949.0
3361,46-55,Male,15671.0
3362,26-35,Male,4244.0
3363,36-45,Female,6105.0
3364,56-65,Male,11754.0
3365,46-55,Male,6171.0
3366,56-65,Female,14478.0
3367,26-35,Female,3739.0
3368,26-35,Male,6319.0
3369,26-35,Male,5638.0
3370,26-35,Female,6109.0
3371,18-25,Male,2014.0
3372,36-45,Female,3396.0
3373,56-65,Male,2901.0
3374,26-35,Male,5952.0
3375,46-55,Male,10802.0
3376,36-45,Female,7429.0
3377,46-55,Male,3243.0
3378,26-35,Female,6627.0
3379,36-45,Female,13074.0
3380,46-55,Male,30762.0
3381,26-35,Male,7966.0
3382,36-45,Male,18160.0
3383,18-25,Male,2348.0
3384,18-25,Male,3377.0
3385,46-55,Male,5986.0
3386,18-25,Female,4167.0
3387,26-35,Male,6686.0
3388,26-35,Female,3559.0
3389,36-45,Female,3809.0
3390,18-25,Male,3657.0
3391,46-55,Male,7342.0
3392,26-35,Male,2059.0
3393,65+,Male,4663.0
3394,56-65,Male,9872.0
3395,46-55,Male,10860.0
3396,26-35,Male,6011.0
3397,46-55,Female,7120.0
3398,36-45,Male,3667.0
3399,26-35,Male,2184.0
3400,56-65,Male,7749.0
3401,26-35,Female,12390.0
3402,26-35,Male,4197.0
3403,36-45,Male,8133.0
3404,46-55,Male,8933.0
3405,36-45,Female,6991.0
3406,26-35,Male,2116.0
3407,46-55,Male,5455.0
3408,26-35,Male,5206.0
3409,26-35,Female,2821.0
3410,26-35,Female,2391.0
3411,36-45,Female,1862.0
3412,36-45,Male,4755.0
3413,46-55,Female,3572.0
3414,46-55,Female,6429.0
3415,56-65,Male,3101.0
3416,26-35,Male,9194.0
3417,56-65,Female,5129.0
3418,18-25,Male,1722.0
3419,36-45,Male,4216.0
3420,26-35,Male,3514.0
3421,26-35,Male,3359.0
3422,46-55,Male,20865.0
3423,26-35,Male,2209.0
3424,56-65,Male,12274.0
3425,26-35,Male,3548.0
3426,26-35,Female,3256.0
3427,56-65,Female,10365.0
3428,18-25,Male,1757.0
3429,46-55,Male,6853.0
3430,46-55,Male,11394.0
3431,26-35,Female,1311.0
3432,36-45,Female,5979.0
3433,36-45,Female,30463.0
3434,56-65,Male,8880.0
3435,18-25,Male,1773.0
3436,46-55,Male,14512.0
3437,36-45,Male,12000.0
3438,46-55,Female,23150.0
3439,26-35,Male,7006.0
3440,18-25,Male,2089.0
3441,46-55,Female,9692.0
3442,18-25,Male,3155.0
3443,65+,Male,5019.0
3444,26-35,Female,3304.0
3445,26-35,Male,3673.0
3446,26-35,Female,8354.0
3447,46-55,Male,13640.0
3448,65+,Male,4614.0
3449,18-25,Male,2586.0
3450,18-25,Male,2762.0
3451,26-35,Male,5916.0
3452,18-25,Male,1917.0
3453,18-25,Female,1745.0
3454,26-35,Female,3011.0
3455,26-35,Male,4155.0
3456,26-35,Female,2025.0
3457,36-45,Female,21051.0
3458,26-35,Male,16390.0
3459,26-35,Male,1971.0
3460,65+,Male,4769.0
3461,36-45,Male,8529.0
3462,36-45,Male,3646.0
3463,36-45,Male,15211.0
3464,36-45,Male,11104.0
3465,18-25,Male,1486.0
3466,36-45,Female,3377.0
3467,36-45,Female,6371.0
3468,56-65,Female,6976.0
3469,36-45,Female,4217.0
3470,56-65,Female,11110.0
3471,26-35,Male,2014.0
3472,26-35,Female,4895.0
3473,56-65,Male,11015.0
3474,26-35,Male,3770.0
3475,36-45,Female,5086.0
3476,36-45,Female,14088.0
3477,26-35,Female,6088.0
3478,46-55,Male,17587.0
3479,36-45,Female,3819.0
3480,18-25,Male,3276.0
3481,56-65,Male,8650.0
3482,26-35,Female,2976.0
3483,36-45,Male,6108.0
3484,36-45,Male,3241.0
3485,36-45,Male,12794.0
3486,26-35,Male,6970.0
3487,36-45,Female,7437.0
3488,26-35,Female,2952.0
3489,26-35,Male,2733.0
3490,46-55,Male,15871.0
3491,46-55,Female,9588.0
3492,18-25,Male,2259.0
3493,46-55,Male,4071.0
3494,26-35,Male,2833.0
3495,56-65,Female,6890.0
3496,36-45,Male,4688.0
3497,36-45,Male,3609.0
3498,46-55,Male,8572.0
3499,26-35,Male,3523.0
3500,36-45,Male,4830.0
3501,46-55,Male,31568.0
3502,46-55,Male,5083.0
3503,26-35,Female,7663.0
3504,36-45,Male,11287.0
3505,18-25,Female,6886.0
3506,26-35,Female,2567.0
3507,36-45,Male,4922.0
3508,26-35,Female,1541.0
3509,46-55,Male,10122.0
3510,46-55,Male,5421.0
3511,26-35,Male,10868.0
3512,18-25,Male,1740.0
3513,36-45,Female,11143.0
3514,36-45,Male,7641.0
3515,26-35,Male,4125.0
3516,26-35,Male,14927.0
3517,36-45,Male,18220.0
3518,36-45,Male,10320.0
3519,46-55,Male,6552.0
3520,26-35,Male,5407.0
3521,26-35,Male,5969.0
3522,36-45,Male,3217.0
3523,26-35,Male,4258.0
3524,46-55,Male,9427.0
3525,18-25,Male,2603.0
3526,46-55,Male,11653.0
3527,46-55,Male,6473.0
3528,26-35,Male,2642.0
3529,36-45,Female,11682.0
3530,46-55,Male,14047.0
3531,18-25,Male,1621.0
3532,46-55,Male,26072.0
3533,36-45,Male,7653.0
3534,26-35,Male,2443.0
3535,18-25,Female,2385.0
3536,36-45,Female,2903.0
3537,18-25,Male,2181.0
3538,26-35,Male,4808.0
3539,26-35,Male,3131.0
3540,18-25,Male,1145.0
3541,46-55,Male,17456.0
3542,36-45,Female,5308.0
3543,56-65,Male,8306.0
3544,26-35,Male,3043.0
3545,18-25,Male,2322.0
3546,36-45,Male,6941.0
3547,46-55,Male,8846.0
3548,36-45,Female,7371.0
3549,65+,Male,11809.0
3550,46-55,Female,16534.0
3551,26-35,Male,6352.0
3552,36-45,Male,5833.0
3553,36-45,Male,5283.0
3554,26-35,Male,1099.0
3555,18-25,Female,4669.0
3556,18-25,Male,2035.0
3557,26-35,Male,3038.0
3558,46-55,Female,25090.0
3559,36-45,Male,4415.0
3560,26-35,Male,2170.0
3561,26-35,Male,2188.0
3562,36-45,Male,9043.0
3563,26-35,Female,5406.0
3564,26-35,Female,7567.0
3565,36-45,Male,4205.0
3566,26-35,Male,15606.0
3567,36-45,Female,10599.0
3568,18-25,Male,1998.0
3569,26-35,Male,8303.0
3570,26-35,Male,2756.0
3571,26-35,Male,3492.0
3572,18-25,Male,1723.0
3573,56-65,Female,3432.0
3574,26-35,Male,4544.0
3575,26-35,Female,9381.0
3576,56-65,Male,7371.0
3577,26-35,Male,3192.0
3578,65+,Male,7572.0
3579,36-45,Male,9876.0
3580,36-45,Female,2062.0
3581,36-45,Male,8670.0
3582,36-45,Female,5323.0
3583,26-35,Male,1651.0
3584,56-65,Male,2459.0
3585,56-65,Female,10301.0
3586,56-65,Male,3792.0
3587,26-35,Male,1591.0
3588,18-25,Male,1434.0
3589,56-65,Female,7126.0
3590,36-45,Male,4070.0
3591,46-55,Male,7334.0
3592,26-35,Male,7320.0
3593,36-45,Male,8908.0
3594,26-35,Male,3554.0
3595,36-45,Male,3804.0
3596,26-35,Female,5472.0
3597,46-55,Female,55059.0
3598,36-45,Male,5992.0
3599,56-65,Male,11525.0
3600,46-55,Female,18966.0
3601,36-45,Female,9976.0
3602,18-25,Male,3439.0
3603,18-25,Male,6332.0
3604,65+,Male,9715.0
3605,46-55,Female,17874.0
3606,36-45,Female,9124.0
3607,46-55,Male,23951.0
3608,56-65,Female,14964.0
3609,36-45,Male,6193.0
3610,65+,Male,7649.0
3611,65+,Female,10690.0
3612,26-35,Male,4008.0
3613,46-55,Male,8785.0
3614,46-55,Female,9840.0
3615,26-35,Male,1969.0
3616,46-55,Male,11950.0
3617,36-45,Male,20104.0
3618,56-65,Male,3479.0
3619,46-55,Male,12790.0
3620,36-45,Male,8200.0
3621,36-45,Male,5595.0
3622,18-25,Female,3552.0
3623,26-35,Female,5957.0
3624,36-45,Female,4675.0
3625,36-45,Male,9376.0
3626,46-55,Male,13734.0
3627,18-25,Female,1872.0
3628,36-45,Male,6064.0
3629,26-35,Male,3001.0
3630,36-45,Female,2395.0
3631,26-35,Male,3209.0
3632,56-65,Male,7136.0
3633,26-35,Male,2791.0
3634,46-55,Male,8294.0
3635,18-25,Male,1632.0
3636,36-45,Male,10135.0
3637,46-55,Female,21926.0
3638,56-65,Male,7618.0
3639,56-65,Male,2147.0
3640,56-65,Male,10306.0
3641,36-45,Female,12909.0
3642,26-35,Male,4789.0
3643,26-35,Male,1131.0
3644,36-45,Female,7733.0
3645,26-35,Male,6237.0
3646,36-45,Male,5737.0
3647,36-45,Male,6472.0
3648,46-55,Male,13300.0
3649,26-35,Male,3616.0
3650,65+,Male,8026.0
3651,26-35,Male,7610.0
3652,36-45,Male,9831.0
3653,46-55,Male,5429.0
3654,46-55,Male,6526.0
3655,36-45,Female,2726.0
3656,36-45,Female,12043.0
3657,36-45,Female,8905.0
3658,26-35,Male,2749.0
3659,26-35,Male,5342.0
3660,26-35,Female,3599.0
3661,26-35,Male,1738.0
3662,36-45,Male,16576.0
3663,26-35,Male,6078.0
3664,56-65,Male,4375.0
3665,26-35,Female,1186.0
3666,46-55,Male,5354.0
3667,26-35,Male,6407.0
3668,56-65,Male,4413.0
3669,26-35,Male,3594.0
3670,56-65,Female,8574.0
3671,36-45,Male,4104.0
3672,36-45,Female,20760.0
3673,36-45,Female,3489.0
3674,18-25,Male,2272.0
3675,36-45,Male,6346.0
3676,18-25,Male,2648.0
3677,26-35,Male,1991.0
3678,36-45,Female,2463.0
3679,36-45,Female,12279.0
3680,26-35,Female,1586.0
3681,36-45,Female,6803.0
3682,36-45,Male,3997.0
3683,26-35,Male,5878.0
3684,46-55,Female,15033.0
3685,26-35,Male,4173.0
3686,56-65,Male,8018.0
3687,18-25,Male,1999.0
3688,46-55,Male,9455.0
3689,26-35,Female,2029.0
3690,36-45,Male,4776.0
3691,36-45,Male,12811.0
3692,26-35,Female,10354.0
3693,26-35,Female,1817.0
3694,26-35,Male,4677.0
3695,36-45,Male,5466.0
3696,26-35,Male,5847.0
3697,26-35,Male,5233.0
3698,36-45,Male,17362.0
3699,46-55,Female,12979.0
3700,36-45,Female,4140.0
3701,36-45,Male,4118.0
3702,18-25,Male,3417.0
3703,26-35,Male,2881.0
3704,36-45,Female,11314.0
3705,26-35,Male,6224.0
3706,36-45,Male,9007.0
3707,26-35,Female,3829.0
3708,26-35,Male,4843.0
3709,26-35,Male,5694.0
3710,26-35,Male,7592.0
3711,26-35,Female,4976.0
3712,36-45,Male,4892.0
3713,26-35,Male,2836.0
3714,26-35,Male,6760.0
3715,36-45,Male,14915.0
3716,26-35,Female,1816.0
3717,36-45,Male,8816.0
3718,26-35,Male,4045.0
3719,26-35,Male,2654.0
3720,18-25,Male,2226.0
3721,46-55,Male,9807.0
3722,36-45,Male,5072.0
3723,26-35,Male,5505.0
3724,26-35,Female,5665.0
3725,46-55,Male,11569.0
3726,26-35,Female,3100.0
3727,36-45,Female,8580.0
3728,26-35,Female,4966.0
3729,26-35,Male,4018.0
3730,56-65,Male,2552.0
3731,26-35,Male,3269.0
3732,46-55,Male,23450.0
3733,36-45,Male,3780.0
3734,26-35,Male,4896.0
3735,46-55,Female,5509.0
3736,56-65,Male,13904.0
3737,56-65,Male,7608.0
3738,26-35,Male,2697.0
3739,26-35,Male,7744.0
3740,26-35,Male,3515.0
3741,46-55,Male,4947.0
3742,36-45,Female,9866.0
3743,46-55,Male,6863.0
3744,46-55,Male,6172.0
3745,36-45,Female,4188.0
3746,26-35,Male,14526.0
3747,65+,Male,7621.0
3748,26-35,Male,6012.0
3749,18-25,Male,3205.0
3750,26-35,Male,3208.0
3751,26-35,Female,4028.0
3752,26-35,Male,7797.0
3753,36-45,Female,5086.0
3754,36-45,Male,3664.0
3755,36-45,Male,4518.0
3756,26-35,Male,6051.0
3757,36-45,Male,7073.0
3758,46-55,Female,4687.0
3759,36-45,Female,4498.0
3760,36-45,Male,5382.0
3761,36-45,Male,11137.0
3762,36-45,Male,6002.0
3763,36-45,Male,6154.0
3764,36-45,Male,6217.0
3765,36-45,Male,5164.0
3766,36-45,Female,2809.0
3767,26-35,Male,4433.0
3768,46-55,Male,21297.0
3769,46-55,Male,5913.0
3770,56-65,Male,9094.0
3771,46-55,Male,6177.0
3772,36-45,Male,7479.0
3773,18-25,Female,3133.0
3774,26-35,Male,4372.0
3775,26-35,Male,1455.0
3776,26-35,Female,1291.0
3777,18-25,Male,1237.0
3778,26-35,Male,1955.0
3779,36-45,Male,8354.0
3780,36-45,Male,7379.0
3781,26-35,Male,2116.0
3782,36-45,Male,11404.0
3783,26-35,Male,6956.0
3784,18-25,Male,4342.0
3785,26-35,Male,6366.0
3786,26-35,Female,2366.0
3787,18-25,Female,5824.0
3788,46-55,Male,21161.0
3789,26-35,Female,8033.0
3790,56-65,Male,5175.0
3791,26-35,Female,10931.0
3792,56-65,Male,4974.0
3793,18-25,Male,3403.0
3794,56-65,Male,9861.0
3795,36-45,Male,6571.0
3796,56-65,Male,5793.0
3797,26-35,Male,2296.0
3798,26-35,Female,4461.0
3799,26-35,Male,3606.0
3800,36-45,Male,5421.0
3801,46-55,Male,8722.0
3802,56-65,Male,13122.0
3803,26-35,Male,5989.0
3804,26-35,Male,9806.0
3805,36-45,Male,4951.0
3806,36-45,Male,8354.0
3807,36-45,Male,6097.0
3808,18-25,Male,4917.0
3809,26-35,Male,4478.0
3810,36-45,Male,2066.0
3811,56-65,Male,8054.0
3812,36-45,Male,4095.0
3813,26-35,Male,3699.0
3814,36-45,Female,5894.0
3815,56-65,Male,10374.0
3816,36-45,Male,7440.0
3817,36-45,Male,7841.0
3818,26-35,Male,7509.0
3819,36-45,Male,8384.0
3820,36-45,Male,7924.0
3821,46-55,Female,24072.0
3822,36-45,Male,5616.0
3823,56-65,Male,4261.0
3824,26-35,Female,2710.0
3825,26-35,Male,2320.0
3826,56-65,Male,11507.0
3827,36-45,Female,10222.0
3828,46-55,Male,10304.0
3829,26-35,Male,4056.0
3830,36-45,Male,11008.0
3831,18-25,Male,3125.0
3832,65+,Female,3876.0
3833,36-45,Female,6140.0
3834,46-55,Male,11422.0
3835,36-45,Female,9019.0
3836,26-35,Male,3696.0
3837,18-25,Male,1077.0
3838,65+,Female,2305.0
3839,46-55,Male,14014.0
3840,65+,Female,2502.0
3841,56-65,Male,5566.0
3842,26-35,Male,5243.0
3843,26-35,Male,6938.0
3844,36-45,Male,10880.0
3845,65+,Male,6535.0
3846,26-35,Male,6347.0
3847,36-45,Female,53204.0
3848,26-35,Male,2544.0
3849,26-35,Male,4879.0
3850,36-45,Female,10986.0
3851,26-35,Male,1633.0
3852,26-35,Male,4422.0
3853,65+,Male,3927.0
3854,56-65,Male,6533.0
3855,26-35,Male,2129.0
3856,26-35,Male,2906.0
3857,26-35,Male,1721.0
3858,46-55,Male,11013.0
3859,65+,Female,2250.0
3860,36-45,Male,10823.0
3861,26-35,Male,2374.0
3862,26-35,Female,2985.0
3863,46-55,Male,8091.0
3864,26-35,Female,15320.0
3865,46-55,Male,15155.0
3866,46-55,Male,6944.0
3867,36-45,Male,14275.0
3868,56-65,Male,8505.0
3869,46-55,Male,11306.0
3870,46-55,Female,10312.0
3871,26-35,Female,2605.0
3872,26-35,Male,5972.0
3873,26-35,Male,2917.0
3874,56-65,Male,7620.0
3875,26-35,Male,3114.0
3876,36-45,Male,3705.0
3877,18-25,Male,2836.0
3878,26-35,Female,5221.0
3879,46-55,Male,8147.0
3880,26-35,Female,4498.0
3881,46-55,Female,9560.0
3882,56-65,Male,4255.0
3883,56-65,Male,2650.0
3884,46-55,Male,9799.0
3885,46-55,Male,8386.0
3886,26-35,Male,1618.0
3887,46-55,Male,7124.0
3888,26-35,Male,5356.0
3889,56-65,Male,7791.0
3890,36-45,Female,5450.0
3891,46-55,Male,4966.0
3892,26-35,Male,4889.0
3893,26-35,Male,2614.0
3894,56-65,Male,5010.0
3895,46-55,Male,17678.0
3896,26-35,Female,8385.0
3897,26-35,Female,8986.0
3898,56-65,Female,3436.0
3899,26-35,Male,2208.0
3900,46-55,Male,11598.0
3901,46-55,Female,14279.0
3902,65+,Male,4856.0
3903,46-55,Male,14899.0
3904,56-65,Male,7738.0
3905,36-45,Male,7728.0
3906,26-35,Male,7771.0
3907,18-25,Male,2000.0
3908,46-55,Male,14823.0
3909,18-25,Male,622.0
3910,56-65,Male,8272.0
3911,46-55,Female,12286.0
3912,36-45,Female,4865.0
3913,36-45,Female,5172.0
3914,36-45,Male,11076.0
3915,26-35,Male,5795.0
3916,46-55,Female,6551.0
3917,36-45,Male,9953.0
3918,36-45,Male,8900.0
3919,26-35,Female,1788.0
3920,46-55,Female,9980.0
3921,26-35,Female,6117.0
3922,46-55,Male,9633.0
3923,46-55,Female,12241.0
3924,26-35,Male,5211.0
3925,26-35,Male,2768.0
3926,56-65,Male,10742.0
3927,18-25,Male,2316.0
3928,36-45,Male,3234.0
3929,26-35,Male,12447.0
3930,26-35,Male,1826.0
3931,56-65,Male,4300.0
3932,36-45,Male,8824.0
3933,18-25,Male,4851.0
3934,26-35,Male,3447.0
3935,56-65,Male,6413.0
3936,36-45,Male,18265.0
3937,18-25,Male,2743.0
3938,26-35,Male,4412.0
3939,26-35,Male,1987.0
3940,26-35,Female,4750.0
3941,26-35,Male,2140.0
3942,26-35,Male,20919.0
3943,26-35,Male,2908.0
3944,36-45,Male,4412.0
3945,26-35,Male,5720.0
3946,36-45,Female,15551.0
3947,26-35,Male,2958.0
3948,46-55,Male,4840.0
3949,26-35,Male,6023.0
3950,26-35,Male,6070.0
3951,36-45,Male,6044.0
3952,36-45,Male,16145.0
3953,26-35,Male,3533.0
3954,26-35,Female,11934.0
3955,26-35,Male,5864.0
3956,26-35,Male,1270.0
3957,36-45,Male,10800.0
3958,46-55,Female,6898.0
3959,36-45,Male,2682.0
3960,36-45,Female,7674.0
3961,46-55,Male,39258.0
3962,46-55,Female,6356.0
3963,36-45,Female,6471.0
3964,36-45,Male,5264.0
3965,46-55,Male,4892.0
3966,18-25,Male,3460.0
3967,36-45,Female,5075.0
3968,26-35,Male,6907.0
3969,56-65,Male,13417.0
3970,18-25,Female,2660.0
3971,36-45,Female,8605.0
3972,26-35,Male,7778.0
3973,26-35,Male,1831.0
3974,26-35,Female,4089.0
3975,18-25,Female,2060.0
3976,46-55,Male,5552.0
3977,36-45,Male,3319.0
3978,46-55,Female,3548.0
3979,18-25,Male,3914.0
3980,18-25,Female,2513.0
3981,18-25,Male,4931.0
3982,56-65,Male,5830.0
3983,36-45,Male,9707.0
3984,46-55,Female,8155.0
3985,56-65,Male,10221.0
3986,26-35,Female,5223.0
3987,36-45,Male,6447.0
3988,18-25,Male,2205.0
3989,18-25,Male,2826.0
3990,26-35,Male,4867.0
3991,46-55,Female,4454.0
3992,36-45,Male,7458.0
3993,46-55,Male,11913.0
3994,26-35,Male,4086.0
3995,36-45,Female,9126.0
3996,18-25,Male,1002.0
3997,26-35,Female,3456.0
3998,46-55,Male,10748.0
3999,26-35,Male,3212.0
4000,26-35,Male,4141.0
4001,36-45,Male,8152.0
4002,36-45,Female,11749.0
4003,36-45,Male,12480.0
4004,18-25,Male,1362.0
4005,65+,Male,3042.0
4006,26-35,Male,9548.0
4007,46-55,Male,6202.0
4008,65+,Male,4660.0
4009,26-35,Female,4049.0
4010,56-65,Male,12722.0
4011,26-35,Male,4095.0
4012,18-25,Female,3777.0
4013,26-35,Male,3188.0
4014,36-45,Female,6488.0
4015,18-25,Female,1038.0
4016,36-45,Female,6707.0
4017,26-35,Female,13235.0
4018,56-65,Male,9910.0
4019,46-55,Male,8890.0
4020,46-55,Male,9376.0
4021,46-55,Male,11395.0
4022,18-25,Male,1706.0
4023,46-55,Female,7226.0
4024,26-35,Male,8117.0
4025,18-25,Female,4501.0
4026,26-35,Male,5836.0
4027,65+,Male,2825.0
4028,46-55,Male,6096.0
4029,36-45,Male,12592.0
4030,26-35,Female,2076.0
4031,46-55,Male,6417.0
4032,26-35,Female,3397.0
4033,18-25,Male,1581.0
4034,46-55,Male,15733.0
4035,18-25,Male,3213.0
4036,26-35,Female,3232.0
4037,36-45,Male,10785.0
4038,56-65,Male,3354.0
4039,36-45,Male,4871.0
4040,36-45,Female,3741.0
4041,36-45,Male,3119.0
4042,26-35,Female,3140.0
4043,36-45,Male,4766.0
4044,26-35,Male,5416.0
4045,36-45,Male,7020.0
4046,26-35,Male,7690.0
4047,56-65,Male,7409.0
4048,36-45,Male,13137.0
4049,46-55,Female,20532.0
4050,65+,Male,5001.0
4051,46-55,Male,9922.0
4052,26-35,Female,6213.0
4053,46-55,Male,6779.0
4054,36-45,Male,4673.0
4055,46-55,Male,8870.0
4056,46-55,Male,16430.0
4057,26-35,Female,2739.0
4058,26-35,Female,5691.0
4059,26-35,Female,2181.0
4060,36-45,Female,19455.0
4061,36-45,Male,5770.0
4062,46-55,Male,7799.0
4063,56-65,Female,7792.0
4064,46-55,Male,5431.0
4065,46-55,Male,12158.0
4066,26-35,Male,19542.0
4067,26-35,Male,2149.0
4068,56-65,Female,3975.0
4069,36-45,Female,5547.0
4070,36-45,Female,8207.0
4071,36-45,Male,3017.0
4072,18-25,Male,1709.0
4073,56-65,Male,16027.0
4074,36-45,Male,9530.0
4075,46-55,Male,5201.0
4076,26-35,Male,1018.0
4077,36-45,Male,4184.0
4078,26-35,Male,4223.0
4079,26-35,Male,1904.0
4080,36-45,Female,5726.0
4081,46-55,Male,7851.0
4082,26-35,Female,5284.0
4083,56-65,Male,7184.0
4084,46-55,Male,10917.0
4085,26-35,Female,1172.0
4086,26-35,Male,14157.0
4087,26-35,Male,3181.0
4088,26-35,Male,2189.0
4089,26-35,Male,3696.0
4090,36-45,Male,13931.0
4091,26-35,Male,3251.0
4092,36-45,Male,9195.0
4093,18-25,Male,2282.0
4094,36-45,Male,16848.0
4095,26-35,Male,5232.0
4096,26-35,Male,4246.0
4097,26-35,Male,2367.0
4098,26-35,Male,1650.0
4099,36-45,Male,3677.0
4100,36-45,Female,26913.0
4101,46-55,Male,3184.0
4102,26-35,Male,1199.0
4103,26-35,Female,3972.0
4104,26-35,Female,1906.0
4105,36-45,Male,10493.0
4106,26-35,Female,2448.0
4107,36-45,Male,16976.0
4108,36-45,Male,7709.0
4109,26-35,Female,2116.0
4110,46-55,Male,16438.0
4111,26-35,Male,4953.0
4112,46-55,Male,1620.0
4113,36-45,Male,7138.0
4114,26-35,Female,14285.0
4115,56-65,Female,5594.0
4116,26-35,Male,4278.0
4117,18-25,Male,4759.0
4118,36-45,Male,5998.0
4119,56-65,Female,4743.0
4120,36-45,Male,4311.0
4121,36-45,Female,4286.0
4122,46-55,Male,15581.0
4123,36-45,Male,3236.0
4124,26-35,Male,1844.0
4125,26-35,Male,2684.0
4126,18-25,Male,4690.0
4127,46-55,Male,8583.0
4128,56-65,Male,16168.0
4129,65+,Male,6284.0
4130,36-45,Male,3386.0
4131,56-65,Female,10170.0
4132,36-45,Male,7303.0
4133,36-45,Female,5741.0
4134,26-35,Male,6657.0
4135,26-35,Female,6065.0
4136,18-25,Male,2158.0
4137,36-45,Male,10258.0
4138,46-55,Male,7384.0
4139,26-35,Female,5338.0
4140,36-45,Female,8257.0
4141,65+,Female,15056.0
4142,36-45,Female,11993.0
4143,26-35,Male,3727.0
4144,46-55,Male,3834.0
4145,18-25,Female,10117.0
4146,56-65,Male,5936.0
4147,65+,Male,4727.0
4148,26-35,Male,8592.0
4149,56-65,Female,8787.0
4150,36-45,Male,12886.0
4151,26-35,Male,4421.0
4152,56-65,Male,9585.0
4153,56-65,Male,10336.0
4154,26-35,Male,3726.0
4155,36-45,Male,29017.0
4156,36-45,Male,9999.0
4157,36-45,Male,14172.0
4158,56-65,Male,4273.0
4159,46-55,Female,5229.0
4160,36-45,Male,6562.0
4161,36-45,Male,3966.0
4162,26-35,Male,6647.0
4163,46-55,Male,5663.0
4164,26-35,Female,9368.0
4165,56-65,Male,13579.0
4166,26-35,Male,2515.0
4167,36-45,Female,4955.0
4168,26-35,Female,3758.0
4169,26-35,Female,4416.0
4170,36-45,Female,7902.0
4171,26-35,Male,10049.0
4172,46-55,Male,20601.0
4173,36-45,Female,13129.0
4174,65+,Male,9533.0
4175,26-35,Female,4438.0
4176,26-35,Female,8729.0
4177,18-25,Male,2514.0
4178,26-35,Female,1243.0
4179,18-25,Female,821.0
4180,56-65,Male,7632.0
4181,56-65,Female,7367.0
4182,36-45,Male,7608.0
4183,56-65,Male,6488.0
4184,26-35,Male,3667.0
4185,56-65,Female,11715.0
4186,18-25,Male,4817.0
4187,26-35,Male,3866.0
4188,56-65,Female,3134.0
4189,56-65,Male,2651.0
4190,26-35,Male,6237.0
4191,36-45,Female,8540.0
4192,26-35,Male,5850.0
4193,26-35,Male,2258.0
4194,36-45,Male,10765.0
4195,65+,Male,5605.0
4196,36-45,Male,5113.0
4197,36-45,Female,10579.0
4198,36-45,Male,8436.0
4199,26-35,Male,3127.0
4200,26-35,Female,3524.0
4201,26-35,Male,7306.0
4202,36-45,Male,9157.0
4203,18-25,Male,2021.0
4204,26-35,Female,4098.0
4205,46-55,Male,38254.0
4206,56-65,Male,5783.0
4207,56-65,Female,9332.0
4208,65+,Female,3920.0
4209,36-45,Female,7858.0
4210,26-35,Male,10747.0
4211,18-25,Female,3199.0
4212,26-35,Male,7703.0
4213,36-45,Male,7372.0
4214,36-45,Male,11662.0
4215,56-65,Male,6125.0
4216,65+,Male,4541.0
4217,36-45,Male,5967.0
4218,26-35,Male,12845.0
4219,36-45,Female,7114.0
4220,36-45,Male,7637.0
4221,56-65,Female,13693.0
4222,36-45,Male,12429.0
4223,36-45,Male,4324.0
4224,36-45,Male,3635.0
4225,36-45,Male,19725.0
4226,26-35,Male,2547.0
4227,46-55,Female,6646.0
4228,46-55,Female,6682.0
4229,26-35,Male,5859.0
4230,46-55,Male,13794.0
4231,46-55,Male,10741.0
4232,46-55,Male,20791.0
4233,36-45,Male,12806.0
4234,36-45,Male,5829.0
4235,56-65,Male,5239.0
4236,46-55,Female,8005.0
4237,36-45,Female,12066.0
4238,36-45,Female,8999.0
4239,18-25,Female,4696.0
4240,36-45,Female,3376.0
4241,18-25,Female,934.0
4242,36-45,Female,5670.0
4243,56-65,Female,9528.0
4244,46-55,Male,10289.0
4245,26-35,Male,7568.0
4246,36-45,Male,9160.0
4247,18-25,Male,2145.0
4248,46-55,Male,3831.0
4249,36-45,Male,3565.0
4250,56-65,Male,7172.0
4251,36-45,Male,5489.0
4252,65+,Female,8195.0
4253,18-25,Male,1714.0
4254,46-55,Female,15045.0
4255,18-25,Male,3577.0
4256,26-35,Male,6557.0
4257,36-45,Male,13052.0
4258,46-55,Female,1693.0
4259,26-35,Female,3518.0
4260,56-65,Female,10560.0
4261,26-35,Male,2777.0
4262,26-35,Female,4143.0
4263,18-25,Female,3441.0
4264,26-35,Male,3734.0
4265,36-45,Male,3039.0
4266,46-55,Female,7362.0
4267,36-45,Male,7335.0
4268,46-55,Female,5889.0
4269,46-55,Male,10371.0
4270,26-35,Male,4889.0
4271,26-35,Female,2766.0
4272,26-35,Male,3651.0
4273,36-45,Male,10895.0
4274,56-65,Male,5297.0
4275,18-25,Male,1274.0
4276,26-35,Male,6131.0
4277,46-55,Male,5240.0
4278,56-65,Female,14780.0
4279,56-65,Male,7012.0
4280,36-45,Female,9338.0
4281,26-35,Female,17678.0
4282,46-55,Female,7138.0
4283,36-45,Male,14602.0
4284,65+,Male,7290.0
4285,26-35,Female,2740.0
4286,26-35,Male,4465.0
4287,26-35,Male,3673.0
4288,65+,Female,3654.0
4289,46-55,Female,11696.0
4290,36-45,Male,11982.0
4291,26-35,Female,6078.0
4292,18-25,Male,2332.0
4293,18-25,Male,767.0
4294,26-35,Male,11510.0
4295,18-25,Female,5453.0
4296,26-35,Male,2207.0
4297,26-35,Male,11553.0
4298,46-55,Male,11151.0
4299,36-45,Female,18661.0
4300,18-25,Male,5603.0
4301,26-35,Male,3836.0
4302,26-35,Male,5345.0
4303,46-55,Male,5064.0
4304,56-65,Female,6244.0
4305,36-45,Male,10525.0
4306,18-25,Female,846.0
4307,18-25,Male,6324.0
4308,46-55,Male,10364.0
4309,26-35,Male,4814.0
4310,26-35,Female,1356.0
4311,46-55,Female,5863.0
4312,36-45,Male,2632.0
4313,26-35,Female,5608.0
4314,46-55,Male,8792.0
4315,18-25,Female,1509.0
4316,26-35,Male,2537.0
4317,36-45,Male,4637.0
4318,36-45,Male,6723.0
4319,36-45,Male,3382.0
4320,36-45,Male,4942.0
4321,18-25,Female,2065.0
4322,36-45,Female,8163.0
4323,36-45,Female,2853.0
4324,56-65,Male,8152.0
4325,65+,Male,4709.0
4326,46-55,Female,11735.0
4327,56-65,Female,9983.0
4328,26-35,Male,5234.0
4329,36-45,Male,16298.0
4330,26-35,Male,2429.0
4331,36-45,Male,3786.0
4332,26-35,Male,3058.0
4333,36-45,Female,12993.0
4334,36-45,Male,5230.0
4335,46-55,Female,7693.0
4336,36-45,Female,15482.0
4337,26-35,Male,6475.0
4338,26-35,Male,6268.0
4339,36-45,Female,3574.0
4340,26-35,Male,12074.0
4341,26-35,Male,4403.0
4342,46-55,Male,19895.0
4343,36-45,Male,2994.0
4344,36-45,Male,17570.0
4345,36-45,Female,8531.0
4346,36-45,Male,5397.0
4347,36-45,Male,2959.0
4348,56-65,Male,12804.0
4349,26-35,Female,4784.0
4350,26-35,Male,2991.0
4351,36-45,Male,4890.0
4352,46-55,Male,3832.0
4353,18-25,Male,1555.0
4354,36-45,Male,5872.0
4355,26-35,Female,2924.0
4356,26-35,Male,2342.0
4357,26-35,Female,4498.0
4358,26-35,Male,2258.0
4359,36-45,Male,6157.0
4360,26-35,Female,4802.0
4361,18-25,Male,1265.0
4362,46-55,Male,16902.0
4363,26-35,Male,5561.0
4364,56-65,Male,11386.0
4365,26-35,Female,4513.0
4366,36-45,Female,2098.0
4367,26-35,Male,5688.0
4368,36-45,Female,8692.0
4369,65+,Male,7648.0
4370,18-25,Male,4009.0
4371,18-25,Female,5854.0
4372,26-35,Male,7459.0
4373,26-35,Male,3251.0
4374,18-25,Male,1458.0
4375,65+,Male,4131.0
4376,36-45,Male,17761.0
4377,36-45,Female,8533.0
4378,26-35,Female,13313.0
4379,26-35,Male,4610.0
4380,46-55,Male,5814.0
4381,36-45,Male,5066.0
4382,36-45,Female,5128.0
4383,26-35,Female,4555.0
4384,26-35,Male,2584.0
4385,18-25,Male,2712.0
4386,46-55,Male,12504.0
4387,36-45,Female,17858.0
4388,36-45,Male,2901.0
4389,46-55,Female,11841.0
4390,26-35,Female,7906.0
4391,18-25,Male,1066.0
4392,46-55,Male,19043.0
4393,18-25,Female,5912.0
4394,18-25,Male,1888.0
4395,56-65,Male,8816.0
4396,56-65,Male,7570.0
4397,56-65,Male,4610.0
4398,18-25,Male,7161.0
4399,26-35,Male,4386.0
4400,65+,Female,8172.0
4401,26-35,Female,3590.0
4402,36-45,Male,6594.0
4403,36-45,Male,3075.0
4404,46-55,Female,13148.0
4405,36-45,Male,4469.0
4406,36-45,Female,3594.0
4407,26-35,Male,2047.0
4408,18-25,Female,972.0
4409,26-35,Male,4643.0
4410,36-45,Male,8301.0
4411,26-35,Male,4804.0
4412,26-35,Male,5299.0
4413,26-35,Male,2768.0
4414,36-45,Male,1403.0
4415,46-55,Female,5685.0
4416,46-55,Male,5762.0
4417,18-25,Male,1055.0
4418,56-65,Male,4547.0
4419,26-35,Male,1813.0
4420,36-45,Male,7575.0
4421,46-55,Female,11358.0
4422,56-65,Male,4647.0
4423,46-55,Female,5693.0
4424,36-45,Female,15432.0
4425,36-45,Male,4167.0
4426,26-35,Male,4037.0
4427,36-45,Male,3729.0
4428,18-25,Male,2414.0
4429,26-35,Male,10289.0
4430,36-45,Female,5397.0
4431,26-35,Male,5075.0
4432,26-35,Female,8566.0
4433,46-55,Female,9794.0
4434,36-45,Male,6980.0
4435,26-35,Male,5306.0
4436,26-35,Male,4121.0
4437,36-45,Male,10948.0
4438,36-45,Female,3369.0
4439,46-55,Male,13121.0
4440,36-45,Female,3088.0
4441,36-45,Female,6440.0
4442,65+,Male,4805.0
4443,26-35,Male,7424.0
4444,65+,Female,6383.0
4445,46-55,Female,7047.0
4446,36-45,Male,6005.0
4447,26-35,Male,4410.0
4448,26-35,Male,7779.0
4449,26-35,Male,4439.0
4450,36-45,Female,4437.0
4451,36-45,Male,2420.0
4452,36-45,Male,4392.0
4453,26-35,Male,8887.0
4454,36-45,Female,9920.0
4455,26-35,Male,3258.0
4456,36-45,Female,16115.0
4457,26-35,Female,2377.0
4458,36-45,Male,10903.0
4459,36-45,Male,4784.0
4460,26-35,Male,7066.0
4461,46-55,Male,8078.0
4462,36-45,Female,3944.0
4463,36-45,Male,8037.0
4464,36-45,Female,22131.0
4465,26-35,Male,5617.0
4466,26-35,Male,3107.0
4467,26-35,Female,4830.0
4468,36-45,Male,3205.0
4469,18-25,Male,2958.0
4470,46-55,Male,5991.0
4471,36-45,Male,3139.0
4472,56-65,Female,8435.0
4473,18-25,Male,1723.0
4474,26-35,Male,1615.0
4475,36-45,Male,2304.0
4476,26-35,Male,4182.0
4477,26-35,Male,3133.0
4478,26-35,Male,4702.0
4479,36-45,Male,7335.0
4480,18-25,Female,1881.0
4481,46-55,Female,11310.0
4482,46-55,Female,17827.0
4483,36-45,Male,3301.0
4484,56-65,Male,9220.0
4485,46-55,Male,8780.0
4486,46-55,Male,7226.0
4487,56-65,Female,8808.0
4488,36-45,Male,16319.0
4489,26-35,Male,3884.0
4490,26-35,Male,2271.0
4491,36-45,Female,4216.0
4492,46-55,Female,17835.0
4493,56-65,Female,6604.0
4494,46-55,Male,8094.0
4495,56-65,Male,2998.0
4496,36-45,Female,4941.0
4497,26-35,Male,3014.0
4498,18-25,Male,680.0
4499,36-45,Male,9280.0
4500,26-35,Female,10227.0
4501,65+,Male,6108.0
4502,26-35,Female,2743.0
4503,36-45,Male,19904.0
4504,26-35,Female,4342.0
4505,56-65,Female,7773.0
4506,36-45,Male,6314.0
4507,36-45,Male,8774.0
4508,46-55,Male,18290.0
4509,18-25,Male,2297.0
4510,36-45,Male,4880.0
4511,18-25,Male,2963.0
4512,36-45,Male,6000.0
4513,36-45,Male,10984.0
4514,36-45,Male,4176.0
4515,56-65,Male,6804.0
4516,26-35,Female,4778.0
4517,26-35,Male,2124.0
4518,36-45,Male,6825.0
4519,26-35,Male,4573.0
4520,26-35,Female,4765.0
4521,18-25,Male,4139.0
4522,26-35,Male,9003.0
4523,26-35,Female,6156.0
4524,36-45,Male,8255.0
4525,26-35,Female,3665.0
4526,36-45,Male,5636.0
4527,36-45,Male,4881.0
4528,26-35,Male,2807.0
4529,26-35,Female,5151.0
4530,46-55,Male,4567.0
4531,26-35,Male,9107.0
4532,56-65,Female,2868.0
4533,18-25,Male,2135.0
4534,46-55,Female,7252.0
4535,26-35,Male,6215.0
4536,26-35,Male,7110.0
4537,46-55,Male,14405.0
4538,36-45,Male,1847.0
4539,18-25,Male,3351.0
4540,46-55,Male,5256.0
4541,36-45,Male,7435.0
4542,36-45,Male,7124.0
4543,26-35,Female,11531.0
4544,36-45,Male,15500.0
4545,36-45,Female,5709.0
4546,36-45,Female,13994.0
4547,26-35,Female,6621.0
4548,56-65,Male,4068.0
4549,26-35,Male,2370.0
4550,26-35,Female,2726.0
4551,36-45,Female,11574.0
4552,36-45,Male,9162.0
4553,36-45,Female,1839.0
4554,26-35,Male,4749.0
4555,36-45,Male,3412.0
4556,26-35,Male,7476.0
4557,36-45,Male,5070.0
4558,26-35,Male,3005.0
4559,26-35,Male,4483.0
4560,26-35,Male,1760.0
4561,26-35,Male,3321.0
4562,26-35,Male,1865.0
4563,56-65,Female,17737.0
4564,36-45,Male,9159.0
4565,36-45,Female,2961.0
4566,26-35,Male,11036.0
4567,56-65,Female,10050.0
4568,36-45,Male,8442.0
4569,46-55,Male,4786.0
4570,26-35,Male,7346.0
4571,18-25,Female,3450.0
4572,26-35,Male,11494.0
4573,46-55,Male,6239.0
4574,26-35,Female,5247.0
4575,65+,Male,3703.0
4576,36-45,Female,4553.0
4577,46-55,Male,3462.0
4578,26-35,Male,5664.0
4579,26-35,Female,3179.0
4580,26-35,Male,1369.0
4581,36-45,Male,2004.0
4582,18-25,Male,1486.0
4583,46-55,Male,9664.0
4584,26-35,Male,6717.0
4585,46-55,Female,3890.0
4586,65+,Female,8798.0
4587,65+,Male,2653.0
4588,46-55,Male,20013.0
4589,65+,Male,3068.0
4590,36-45,Male,10999.0
4591,26-35,Male,1022.0
4592,36-45,Female,11724.0
4593,36-45,Male,4608.0
4594,56-65,Male,4972.0
4595,46-55,Male,5835.0
4596,26-35,Male,10596.0
4597,56-65,Female,12845.0
4598,56-65,Male,7317.0
4599,26-35,Male,7142.0
4600,36-45,Female,9098.0
4601,26-35,Male,1924.0
4602,36-45,Female,7815.0
4603,26-35,Female,11905.0
4604,56-65,Male,7495.0
4605,36-45,Male,6937.0
4606,26-35,Female,5057.0
4607,26-35,Female,7202.0
4608,36-45,Male,13762.0
4609,36-45,Male,19061.0
4610,36-45,Female,11062.0
4611,26-35,Male,2460.0
4612,46-55,Male,5779.0
4613,36-45,Male,12993.0
4614,26-35,Female,4035.0
4615,18-25,Male,3512.0
4616,36-45,Male,4188.0
4617,36-45,Male,4793.0
4618,46-55,Male,6261.0
4619,36-45,Female,10310.0
4620,46-55,Male,8704.0
4621,65+,Female,5178.0
4622,26-35,Female,2681.0
4623,26-35,Male,1966.0
4624,36-45,Female,16090.0
4625,36-45,Male,4511.0
4626,36-45,Male,6319.0
4627,36-45,Male,8219.0
4628,26-35,Male,3377.0
4629,36-45,Female,5089.0
4630,36-45,Male,2945.0
4631,36-45,Male,2766.0
4632,46-55,Male,11005.0
4633,46-55,Male,10126.0
4634,46-55,Male,6386.0
4635,18-25,Male,3475.0
4636,46-55,Female,6217.0
4637,26-35,Male,3670.0
4638,26-35,Male,1779.0
4639,56-65,Male,10395.0
4640,26-35,Female,5888.0
4641,56-65,Male,8048.0
4642,26-35,Male,4017.0
4643,26-35,Male,5710.0
4644,26-35,Male,4183.0
4645,18-25,Male,1120.0
4646,36-45,Male,13300.0
4647,26-35,Male,5502.0
4648,26-35,Male,4078.0
4649,36-45,Male,11046.0
4650,18-25,Male,7557.0
4651,26-35,Female,3430.0
4652,26-35,Male,2919.0
4653,18-25,Male,1864.0
4654,46-55,Male,3873.0
4655,36-45,Male,10901.0
4656,36-45,Male,7656.0
4657,18-25,Male,3127.0
4658,46-55,Male,9077.0
4659,56-65,Female,16266.0
4660,18-25,Male,5333.0
4661,18-25,Male,1526.0
4662,65+,Male,5458.0
4663,36-45,Female,5812.0
4664,56-65,Male,16914.0
4665,26-35,Female,2272.0
4666,26-35,Female,2460.0
4667,36-45,Male,6196.0
4668,56-65,Male,10022.0
4669,26-35,Female,3729.0
4670,26-35,Male,6162.0
4671,36-45,Male,3314.0
4672,46-55,Male,21001.0
4673,26-35,Male,3250.0
4674,46-55,Male,5095.0
4675,46-55,Male,7761.0
4676,36-45,Female,7497.0
4677,26-35,Male,1996.0
4678,26-35,Male,2504.0
4679,26-35,Male,2848.0
4680,26-35,Male,5715.0
4681,36-45,Male,2774.0
4682,36-45,Male,16171.0
4683,26-35,Male,1729.0
4684,36-45,Male,26601.0
4685,65+,Male,1140.0
4686,36-45,Male,11531.0
4687,26-35,Male,3745.0
4688,26-35,Male,2341.0
4689,26-35,Male,4385.0
4690,26-35,Male,3705.0
4691,56-65,Male,9330.0
4692,36-45,Male,10837.0
4693,18-25,Male,3382.0
4694,36-45,Male,7443.0
4695,18-25,Male,4388.0
4696,36-45,Male,2898.0
4697,36-45,Male,8535.0
4698,56-65,Male,9921.0
4699,46-55,Female,2263.0
4700,46-55,Female,8889.0
4701,26-35,Male,1398.0
4702,18-25,Male,3542.0
4703,36-45,Male,6566.0
4704,36-45,Male,8747.0
4705,36-45,Male,11164.0
4706,46-55,Female,3836.0
4707,26-35,Male,4880.0
4708,36-45,Female,8411.0
4709,26-35,Male,2368.0
4710,26-35,Female,3716.0
4711,18-25,Male,726.0
4712,18-25,Male,2176.0
4713,26-35,Male,6237.0
4714,18-25,Male,1189.0
4715,26-35,Male,2655.0
4716,26-35,Male,2540.0
4717,36-45,Male,5360.0
4718,36-45,Male,7865.0
4719,36-45,Female,5105.0
4720,36-45,Female,6342.0
4721,36-45,Male,4982.0
4722,56-65,Male,4652.0
4723,36-45,Female,8034.0
4724,56-65,Male,12286.0
4725,26-35,Male,1564.0
4726,26-35,Male,18718.0
4727,36-45,Male,8201.0
4728,36-45,Male,5876.0
4729,56-65,Male,4697.0
4730,36-45,Male,13074.0
4731,46-55,Male,4211.0
4732,26-35,Male,3839.0
4733,26-35,Male,2771.0
4734,26-35,Male,11978.0
4735,56-65,Female,2609.0
4736,46-55,Female,4363.0
4737,26-35,Male,2034.0
4738,18-25,Male,1056.0
4739,46-55,Male,8334.0
4740,36-45,Female,7939.0
4741,36-45,Female,6028.0
4742,26-35,Female,9018.0
4743,26-35,Male,4647.0
4744,36-45,Male,16537.0
4745,26-35,Female,5975.0
4746,18-25,Male,1803.0
4747,36-45,Male,11361.0
4748,46-55,Female,2925.0
4749,18-25,Male,2448.0
4750,56-65,Male,11172.0
4751,46-55,Male,7258.0
4752,26-35,Male,2564.0
4753,36-45,Male,3240.0
4754,36-45,Male,6320.0
4755,26-35,Male,3384.0
4756,26-35,Female,3862.0
4757,36-45,Male,10302.0
4758,56-65,Male,4037.0
4759,36-45,Female,9967.0
4760,26-35,Male,13511.0
4761,56-65,Female,7010.0
4762,26-35,Female,2885.0
4763,26-35,Male,3124.0
4764,36-45,Male,2417.0
4765,26-35,Male,4372.0
4766,26-35,Male,2647.0
4767,26-35,Female,8271.0
4768,26-35,Male,4280.0
4769,46-55,Male,6893.0
4770,18-25,Male,1327.0
4771,46-55,Male,3530.0
4772,46-55,Male,11689.0
4773,26-35,Male,5449.0
4774,18-25,Female,1457.0
4775,26-35,Male,1627.0
4776,26-35,Male,3765.0
4777,56-65,Female,4883.0
4778,26-35,Male,2881.0
4779,65+,Male,8118.0
4780,36-45,Male,19567.0
4781,46-55,Male,1946.0
4782,56-65,Male,3126.0
4783,26-35,Male,20904.0
4784,26-35,Male,2376.0
4785,26-35,Male,7666.0
4786,36-45,Female,5977.0
4787,46-55,Male,17233.0
4788,56-65,Male,2701.0
4789,36-45,Female,3037.0
4790,36-45,Male,14994.0
4791,56-65,Female,4701.0
4792,18-25,Male,4116.0
4793,46-55,Male,5151.0
4794,26-35,Male,7412.0
4795,26-35,Male,3177.0
4796,26-35,Male,7978.0
4797,36-45,Male,2747.0
4798,26-35,Male,5089.0
4799,36-45,Male,8283.0
4800,26-35,Male,5773.0
4801,36-45,Male,4522.0
4802,26-35,Female,4380.0
4803,46-55,Female,5487.0
4804,26-35,Male,5204.0
4805,26-35,Male,2486.0
4806,26-35,Male,4168.0
4807,56-65,Female,13627.0
4808,18-25,Female,1902.0
4809,26-35,Male,4602.0
4810,36-45,Male,11140.0
4811,36-45,Male,5047.0
4812,46-55,Male,12117.0
4813,36-45,Male,6063.0
4814,36-45,Male,5035.0
4815,18-25,Female,2387.0
4816,46-55,Female,6431.0
4817,46-55,Male,5961.0
4818,26-35,Male,5230.0
4819,26-35,Male,3590.0
4820,36-45,Male,12925.0
4821,26-35,Male,8680.0
4822,36-45,Male,8979.0
4823,46-55,Male,7172.0
4824,26-35,Male,3717.0
4825,26-35,Female,10924.0
4826,56-65,Male,6817.0
4827,36-45,Female,6868.0
4828,18-25,Female,851.0
4829,36-45,Male,8411.0
4830,36-45,Male,7368.0
4831,26-35,Female,5777.0
4832,36-45,Male,4719.0
4833,65+,Male,10774.0
4834,26-35,Male,6221.0
4835,26-35,Female,3547.0
4836,18-25,Male,1590.0
4837,18-25,Male,5167.0
4838,26-35,Female,9426.0
4839,46-55,Male,6936.0
4840,46-55,Male,10639.0
4841,26-35,Female,6254.0
4842,26-35,Male,2880.0
4843,46-55,Male,16379.0
4844,46-55,Female,15398.0
4845,26-35,Male,2368.0
4846,26-35,Male,2526.0
4847,36-45,Male,29228.0
4848,56-65,Female,10152.0
4849,65+,Male,2839.0
4850,26-35,Female,5072.0
4851,46-55,Male,18247.0
4852,36-45,Male,14657.0
4853,36-45,Male,12470.0
4854,36-45,Male,5731.0
4855,26-35,Male,6133.0
4856,36-45,Female,5981.0
4857,46-55,Male,7850.0
4858,26-35,Female,2403.0
4859,56-65,Male,15341.0
4860,18-25,Male,2328.0
4861,36-45,Male,7189.0
4862,26-35,Female,3724.0
4863,26-35,Female,2146.0
4864,36-45,Female,6133.0
4865,26-35,Male,4057.0
4866,26-35,Female,7187.0
4867,26-35,Male,3529.0
4868,18-25,Male,4866.0
4869,18-25,Male,2723.0
4870,18-25,Male,3374.0
4871,36-45,Female,5828.0
4872,46-55,Male,10454.0
4873,46-55,Male,19215.0
4874,18-25,Male,923.0
4875,46-55,Male,15754.0
4876,26-35,Male,3020.0
4877,26-35,Male,2722.0
4878,26-35,Male,4940.0
4879,56-65,Female,2717.0
4880,26-35,Female,7624.0
4881,26-35,Male,3703.0
4882,36-45,Female,8311.0
4883,36-45,Female,9675.0
4884,26-35,Female,3714.0
4885,26-35,Male,3381.0
4886,56-65,Male,15058.0
4887,26-35,Male,4976.0
4888,26-35,Male,10010.0
4889,36-45,Male,6663.0
4890,56-65,Female,9666.0
4891,26-35,Female,7320.0
4892,26-35,Male,2430.0
4893,46-55,Female,9756.0
4894,36-45,Female,4766.0
4895,26-35,Male,2734.0
4896,26-35,Male,2768.0
4897,36-45,Male,3395.0
4898,18-25,Male,1165.0
4899,18-25,Female,1257.0
4900,26-35,Male,2644.0
4901,36-45,Male,17034.0
4902,26-35,Male,8059.0
4903,18-25,Female,1626.0
4904,56-65,Male,12435.0
4905,26-35,Male,5529.0
4906,36-45,Male,13343.0
4907,26-35,Female,1352.0
4908,36-45,Male,15017.0
4909,36-45,Male,6672.0
4910,26-35,Male,6738.0
4911,26-35,Male,2373.0
4912,36-45,Male,14988.0
4913,56-65,Female,3565.0
4914,26-35,Female,4614.0
4915,56-65,Female,3581.0
4916,18-25,Male,2729.0
4917,36-45,Male,10278.0
4918,26-35,Male,3194.0
4919,36-45,Male,4001.0
4920,36-45,Male,5201.0
4921,46-55,Male,3084.0
4922,26-35,Male,4835.0
4923,26-35,Male,6743.0
4924,46-55,Male,7789.0
4925,65+,Male,4970.0
4926,36-45,Male,7225.0
4927,46-55,Male,9075.0
4928,18-25,Male,2727.0
4929,46-55,Male,3907.0
4930,26-35,Male,4191.0
4931,26-35,Male,4931.0
4932,26-35,Male,1887.0
4933,36-45,Female,3931.0
4934,26-35,Male,4881.0
4935,36-45,Female,3171.0
4936,65+,Male,5996.0
4937,36-45,Female,3372.0
4938,36-45,Male,5310.0
4939,26-35,Male,2254.0
4940,56-65,Male,7213.0
4941,46-55,Female,5434.0
4942,26-35,Male,1346.0
4943,56-65,Male,6732.0
4944,36-45,Male,2489.0
4945,18-25,Male,2111.0
4946,36-45,Female,8899.0
4947,18-25,Female,6811.0
4948,46-55,Female,13515.0
4949,26-35,Female,2925.0
4950,46-55,Female,4864.0
4951,36-45,Female,6366.0
4952,46-55,Male,5941.0
4953,18-25,Male,3460.0
4954,46-55,Female,10674.0
4955,26-35,Male,6856.0
4956,36-45,Male,5377.0
4957,36-45,Male,11996.0
4958,46-55,Female,5637.0
4959,56-65,Male,9585.0
4960,46-55,Male,21607.0
4961,36-45,Female,3378.0
4962,26-35,Female,3574.0
4963,26-35,Female,4958.0
4964,36-45,Male,5412.0
4965,26-35,Male,1693.0
4966,26-35,Male,3159.0
4967,26-35,Male,2300.0
4968,46-55,Female,3699.0
4969,26-35,Male,4593.0
4970,26-35,Female,6154.0
4971,26-35,Female,2397.0
4972,36-45,Male,5052.0
4973,46-55,Male,15503.0
4974,26-35,Female,4301.0
4975,36-45,Female,5225.0
4976,36-45,Male,24499.0
4977,46-55,Male,5476.0
4978,26-35,Male,4074.0
4979,26-35,Male,4008.0
4980,26-35,Male,2293.0
4981,26-35,Male,1598.0
4982,26-35,Male,3812.0
4983,46-55,Male,7340.0
4984,36-45,Male,6686.0
4985,26-35,Male,7838.0
4986,26-35,Male,1259.0
4987,26-35,Female,7168.0
4988,36-45,Male,5504.0
4989,26-35,Male,5751.0
4990,26-35,Male,1432.0
4991,36-45,Female,43979.0
4992,56-65,Male,5042.0
4993,18-25,Female,2506.0
4994,36-45,Female,8741.0
4995,26-35,Male,2980.0
4996,26-35,Male,5863.0
4997,26-35,Male,3344.0
4998,26-35,Male,3508.0
4999,26-35,Female,3228.0
5000,26-35,Female,6586.0
5001,26-35,Female,8637.0
5002,56-65,Male,12092.0
5003,26-35,Male,4236.0
5004,36-45,Female,5068.0
5005,56-65,Male,7000.0
5006,56-65,Male,15077.0
5007,46-55,Male,17498.0
5008,56-65,Female,6316.0
5009,18-25,Male,1357.0
5010,26-35,Male,6504.0
5011,65+,Male,6309.0
5012,56-65,Female,5671.0
5013,46-55,Male,20768.0
5014,26-35,Female,6044.0
5015,26-35,Male,2096.0
5016,36-45,Male,9364.0
5017,18-25,Male,1644.0
5018,18-25,Male,3307.0
5019,26-35,Male,5160.0
5020,46-55,Male,7636.0
5021,18-25,Male,1895.0
5022,26-35,Female,6791.0
5023,26-35,Male,9645.0
5024,26-35,Male,14116.0
5025,18-25,Female,2339.0
5026,26-35,Male,2477.0
5027,56-65,Male,5383.0
5028,56-65,Male,5774.0
5029,36-45,Female,7653.0
5030,56-65,Male,9805.0
5031,26-35,Female,2361.0
5032,56-65,Male,4343.0
5033,26-35,Male,3871.0
5034,26-35,Female,4870.0
5035,26-35,Female,5023.0
5036,56-65,Male,10400.0
5037,46-55,Female,11849.0
5038,26-35,Male,4885.0
5039,26-35,Female,3610.0
5040,46-55,Male,21500.0
5041,26-35,Male,1060.0
5042,36-45,Male,10537.0
5043,18-25,Female,5656.0
5044,46-55,Male,7531.0
5045,26-35,Male,3796.0
5046,26-35,Male,3039.0
5047,18-25,Male,1780.0
5048,18-25,Male,3035.0
5049,26-35,Male,3450.0
5050,18-25,Male,2881.0
5051,26-35,Male,4586.0
5052,36-45,Male,4503.0
5053,46-55,Male,4889.0
5054,36-45,Female,5032.0
5055,26-35,Male,2545.0
5056,26-35,Male,6603.0
5057,36-45,Male,17905.0
5058,56-65,Female,9378.0
5059,26-35,Male,3213.0
5060,26-35,Male,3976.0
5061,36-45,Male,10563.0
5062,26-35,Male,7579.0
5063,56-65,Female,5340.0
5064,36-45,Male,11328.0
5065,18-25,Male,4209.0
5066,26-35,Female,4207.0
5067,26-35,Female,14348.0
5068,18-25,Male,5356.0
5069,36-45,Male,4015.0
5070,46-55,Male,5232.0
5071,26-35,Female,1291.0
5072,36-45,Female,3312.0
5073,36-45,Male,19039.0
5074,18-25,Male,4950.0
5075,36-45,Female,7804.0
5076,18-25,Female,3642.0
5077,36-45,Female,7055.0
5078,26-35,Male,4464.0
5079,36-45,Male,8591.0
5080,26-35,Female,11247.0
5081,46-55,Female,14551.0
5082,18-25,Female,855.0
5083,26-35,Male,4398.0
5084,36-45,Female,4617.0
5085,26-35,Male,1709.0
5086,26-35,Female,3193.0
5087,36-45,Male,5717.0
5088,36-45,Male,5145.0
5089,46-55,Male,3695.0
5090,46-55,Male,12199.0
5091,18-25,Female,2876.0
5092,56-65,Male,5938.0
5093,26-35,Male,5116.0
5094,46-55,Male,11595.0
5095,26-35,Male,8915.0
5096,36-45,Male,8201.0
5097,26-35,Male,3303.0
5098,26-35,Female,3438.0
5099,18-25,Female,2097.0
5100,46-55,Female,4815.0
5101,26-35,Female,4337.0
5102,46-55,Male,7590.0
5103,18-25,Male,1508.0
5104,56-65,Male,5163.0
5105,46-55,Male,21655.0
5106,56-65,Male,8461.0
5107,18-25,Male,2531.0
5108,46-55,Female,11143.0
5109,26-35,Male,13545.0
5110,36-45,Female,6287.0
5111,26-35,Male,2068.0
5112,46-55,Female,11124.0
5113,26-35,Male,12488.0
5114,26-35,Male,17122.0
5115,46-55,Male,5259.0
5116,46-55,Male,17065.0
5117,46-55,Male,10329.0
5118,46-55,Male,4741.0
5119,26-35,Female,2971.0
5120,26-35,Male,4434.0
5121,36-45,Female,12236.0
5122,36-45,Female,5904.0
5123,36-45,Male,17785.0
5124,36-45,Male,9381.0
5125,26-35,Male,4306.0
5126,26-35,Male,3726.0
5127,26-35,Female,4753.0
5128,36-45,Female,21070.0
5129,36-45,Female,9240.0
5130,46-55,Male,2854.0
5131,36-45,Female,11373.0
5132,46-55,Female,8144.0
5133,36-45,Female,9939.0
5134,46-55,Male,7394.0
5135,26-35,Male,4521.0
5136,18-25,Female,3702.0
5137,36-45,Female,4743.0
5138,26-35,Male,4775.0
5139,18-25,Male,3726.0
5140,56-65,Male,6669.0
5141,36-45,Male,6693.0
5142,36-45,Male,3275.0
5143,56-65,Male,44811.0
5144,36-45,Male,6455.0
5145,36-45,Male,4456.0
5146,26-35,Female,3309.0
5147,56-65,Male,40762.0
5148,65+,Male,4591.0
5149,26-35,Female,6778.0
5150,46-55,Male,18080.0
5151,18-25,Male,1795.0
5152,26-35,Female,2847.0
5153,46-55,Male,2469.0
5154,36-45,Male,6242.0
5155,26-35,Female,1994.0
5156,36-45,Male,3108.0
5157,26-35,Female,2722.0
5158,26-35,Male,4467.0
5159,26-35,Male,4027.0
5160,36-45,Male,7995.0
5161,46-55,Male,6002.0
5162,26-35,Male,1248.0
5163,26-35,Male,5655.0
5164,56-65,Female,2763.0
5165,26-35,Male,1956.0
5166,26-35,Male,3222.0
5167,36-45,Male,15478.0
5168,36-45,Male,5238.0
5169,36-45,Male,7463.0
5170,46-55,Male,17480.0
5171,36-45,Male,9346.0
5172,26-35,Male,2400.0
5173,18-25,Male,1728.0
5174,18-25,Male,6342.0
5175,36-45,Male,4641.0
5176,26-35,Male,6067.0
5177,26-35,Male,3897.0
5178,26-35,Male,1844.0
5179,18-25,Male,1121.0
5180,46-55,Male,10551.0
5181,26-35,Female,4831.0
5182,46-55,Male,19083.0
5183,26-35,Male,2309.0
5184,18-25,Female,1666.0
5185,26-35,Female,2513.0
5186,26-35,Female,10155.0
5187,36-45,Male,1852.0
5188,56-65,Male,4817.0
5189,26-35,Male,4284.0
5190,36-45,Male,3391.0
5191,36-45,Female,16398.0
5192,46-55,Male,14543.0
5193,46-55,Female,6185.0
5194,26-35,Male,5052.0
5195,46-55,Female,7371.0
5196,26-35,Male,3292.0
5197,65+,Female,4184.0
5198,46-55,Female,9648.0
5199,56-65,Male,4339.0
5200,46-55,Female,6564.0
5201,46-55,Male,21404.0
5202,46-55,Male,4374.0
5203,36-45,Male,5209.0
5204,36-45,Male,11870.0
5205,26-35,Female,2266.0
5206,18-25,Male,969.0
5207,36-45,Male,9822.0
5208,26-35,Male,12143.0
5209,26-35,Male,7032.0
5210,36-45,Female,7824.0
5211,26-35,Male,5805.0
5212,36-45,Female,6182.0
5213,18-25,Female,2268.0
5214,26-35,Female,7376.0
5215,26-35,Male,3833.0
5216,26-35,Male,2401.0
5217,26-35,Male,7756.0
5218,26-35,Male,18662.0
5219,26-35,Female,2791.0
5220,36-45,Male,5750.0
5221,36-45,Male,3690.0
5222,36-45,Female,13151.0
5223,26-35,Male,3397.0
5224,56-65,Male,10002.0
5225,26-35,Male,3797.0
5226,46-55,Male,3520.0
5227,26-35,Male,6293.0
5228,36-45,Male,4506.0
5229,46-55,Male,2104.0
5230,36-45,Male,5793.0
5231,26-35,Male,3836.0
5232,56-65,Female,7309.0
5233,56-65,Female,4161.0
5234,36-45,Male,4746.0
5235,26-35,Female,5565.0
5236,56-65,Male,2049.0
5237,36-45,Male,2809.0
5238,26-35,Male,5487.0
5239,26-35,Female,14498.0
5240,65+,Male,2415.0
5241,46-55,Male,5064.0
5242,26-35,Male,2531.0
5243,36-45,Male,4030.0
5244,56-65,Male,4787.0
5245,18-25,Male,3069.0
5246,18-25,Male,1034.0
5247,26-35,Male,5196.0
5248,56-65,Male,2637.0
5249,26-35,Female,2853.0
5250,36-45,Female,5022.0
5251,18-25,Male,2320.0
5252,46-55,Male,6257.0
5253,56-65,Female,5938.0
5254,46-55,Male,6993.0
5255,26-35,Male,1951.0
5256,56-65,Female,4626.0
5257,36-45,Female,4783.0
5258,46-55,Male,3616.0
5259,46-55,Male,2568.0
5260,26-35,Female,4708.0
5261,18-25,Female,2462.0
5262,36-45,Male,7892.0
5263,56-65,Male,5008.0
5264,26-35,Male,4728.0
5265,36-45,Female,4322.0
5266,36-45,Male,6720.0
5267,46-55,Male,16728.0
5268,65+,Male,4421.0
5269,18-25,Male,3550.0
5270,46-55,Male,10419.0
5271,26-35,Male,5035.0
5272,36-45,Male,25119.0
5273,65+,Male,3589.0
5274,26-35,Male,3144.0
5275,26-35,Male,1671.0
5276,36-45,Female,4984.0
5277,36-45,Male,7951.0
5278,46-55,Female,15008.0
5279,26-35,Male,2339.0
5280,36-45,Male,6495.0
5281,26-35,Male,5863.0
5282,18-25,Female,2623.0
5283,26-35,Male,7851.0
5284,36-45,Male,7210.0
5285,26-35,Male,8388.0
5286,36-45,Male,17991.0
5287,18-25,Female,5247.0
5288,26-35,Male,8916.0
5289,46-55,Male,6725.0
5290,36-45,Male,7554.0
5291,46-55,Male,5652.0
5292,46-55,Male,5466.0
5293,26-35,Male,3365.0
5294,36-45,Male,6870.0
5295,46-55,Female,5537.0
5296,26-35,Male,8480.0
5297,36-45,Male,14692.0
5298,18-25,Male,643.0
5299,36-45,Male,5654.0
5300,36-45,Male,5035.0
5301,46-55,Male,8169.0
5302,26-35,Male,8796.0
5303,26-35,Female,3442.0
5304,46-55,Male,14048.0
5305,26-35,Female,8309.0
5306,26-35,Male,4080.0
5307,56-65,Female,5849.0
5308,26-35,Male,4681.0
5309,26-35,Female,10307.0
5310,56-65,Male,10452.0
5311,18-25,Male,1823.0
5312,65+,Male,3892.0
5313,18-25,Male,1227.0
5314,56-65,Female,12685.0
5315,65+,Male,2376.0
5316,26-35,Male,2673.0
5317,26-35,Male,6275.0
5318,36-45,Male,11462.0
5319,56-65,Male,4564.0
5320,18-25,Male,4302.0
5321,26-35,Male,2297.0
5322,46-55,Male,11149.0
5323,36-45,Female,6459.0
5324,56-65,Female,7589.0
5325,26-35,Male,2381.0
5326,56-65,Female,10234.0
5327,26-35,Male,2568.0
5328,36-45,Male,9108.0
5329,26-35,Male,3476.0
5330,26-35,Female,3267.0
5331,36-45,Male,7521.0
5332,26-35,Male,4695.0
5333,46-55,Male,6101.0
5334,46-55,Male,6060.0
5335,26-35,Male,1349.0
5336,18-25,Male,5818.0
5337,26-35,Male,5897.0
5338,56-65,Male,6812.0
5339,36-45,Female,4392.0
5340,56-65,Female,4196.0
5341,26-35,Male,4578.0
5342,65+,Female,2085.0
5343,65+,Male,1858.0
5344,26-35,Female,1422.0
5345,26-35,Male,1178.0
5346,36-45,Male,3922.0
5347,36-45,Male,11735.0
5348,26-35,Male,14841.0
5349,36-45,Male,11653.0
5350,56-65,Male,10486.0
5351,26-35,Male,3922.0
5352,65+,Female,2767.0
5353,26-35,Male,2639.0
5354,46-55,Female,10028.0
5355,36-45,Female,12309.0
5356,26-35,Female,1685.0
5357,26-35,Male,6548.0
5358,26-35,Male,3059.0
5359,36-45,Male,3927.0
5360,18-25,Female,2678.0
5361,56-65,Male,3564.0
5362,26-35,Male,3159.0
5363,46-55,Male,10435.0
5364,56-65,Male,29301.0
5365,18-25,Male,1663.0
5366,36-45,Male,6986.0
5367,26-35,Male,5765.0
5368,18-25,Male,4104.0
5369,56-65,Female,10207.0
5370,46-55,Female,16494.0
5371,36-45,Male,12050.0
5372,18-25,Male,2398.0
5373,56-65,Male,7352.0
5374,26-35,Female,3249.0
5375,36-45,Male,4718.0
5376,36-45,Female,5074.0
5377,26-35,Male,6120.0
5378,26-35,Female,8698.0
5379,56-65,Male,7444.0
5380,36-45,Female,13354.0
5381,18-25,Male,5593.0
5382,36-45,Male,4655.0
5383,36-45,Male,4250.0
5384,26-35,Male,3755.0
5385,26-35,Male,4370.0
5386,26-35,Male,2632.0
5387,56-65,Female,4333.0
5388,18-25,Male,3435.0
5389,26-35,Male,6885.0
5390,36-45,Male,11234.0
5391,46-55,Male,14582.0
5392,46-55,Male,9212.0
5393,46-55,Male,9589.0
5394,26-35,Male,3226.0
5395,18-25,Male,2809.0
5396,26-35,Female,1890.0
5397,26-35,Male,1953.0
5398,56-65,Female,5386.0
5399,26-35,Male,2305.0
5400,26-35,Male,773.0
5401,26-35,Male,4895.0
5402,26-35,Female,3970.0
5403,26-35,Male,4941.0
5404,36-45,Male,11350.0
5405,36-45,Male,5219.0
5406,36-45,Male,4330.0
5407,26-35,Male,4404.0
5408,26-35,Female,4742.0
5409,65+,Male,5577.0
5410,26-35,Male,7349.0
5411,36-45,Male,4471.0
5412,56-65,Female,11688.0
5413,46-55,Male,13182.0
5414,26-35,Male,2810.0
5415,26-35,Male,2552.0
5416,36-45,Female,14491.0
5417,36-45,Male,14165.0
5418,26-35,Male,7018.0
5419,56-65,Female,2815.0
5420,26-35,Female,5776.0
5421,46-55,Male,4521.0
5422,36-45,Male,5542.0
5423,26-35,Male,5496.0
5424,56-65,Male,2470.0
5425,18-25,Female,1503.0
5426,26-35,Male,5923.0
5427,46-55,Male,10971.0
5428,46-55,Male,7244.0
5429,46-55,Female,9521.0
5430,46-55,Male,4256.0
5431,26-35,Male,2248.0
5432,46-55,Female,7704.0
5433,65+,Female,4046.0
5434,36-45,Male,7978.0
5435,36-45,Male,4476.0
5436,65+,Male,2709.0
5437,36-45,Male,17373.0
5438,56-65,Male,5213.0
5439,36-45,Male,3531.0
5440,36-45,Male,14443.0
5441,46-55,Male,9228.0
5442,65+,Male,2960.0
5443,18-25,Male,918.0
5444,36-45,Male,5618.0
5445,18-25,Male,2377.0
5446,65+,Male,9715.0
5447,36-45,Male,6082.0
5448,18-25,Female,4813.0
5449,26-35,Male,2665.0
5450,26-35,Male,1501.0
5451,46-55,Female,4749.0
5452,56-65,Male,5380.0
5453,36-45,Female,5387.0
5454,36-45,Male,8282.0
5455,36-45,Male,7625.0
5456,18-25,Male,2657.0
5457,36-45,Male,5531.0
5458,26-35,Male,4276.0
5459,26-35,Male,4719.0
5460,26-35,Female,6949.0
5461,26-35,Male,3224.0
5462,26-35,Male,8385.0
5463,26-35,Male,5079.0
5464,65+,Male,16014.0
5465,36-45,Male,7356.0
5466,46-55,Male,3672.0
5467,18-25,Male,2209.0
5468,46-55,Male,6313.0
5469,46-55,Male,8886.0
5470,26-35,Female,6633.0
5471,36-45,Male,2967.0
5472,46-55,Female,24800.0
5473,36-45,Male,9863.0
5474,36-45,Male,3475.0
5475,36-45,Male,3541.0
5476,46-55,Female,7133.0
5477,26-35,Female,6500.0
5478,65+,Male,6634.0
5479,36-45,Male,5811.0
5480,26-35,Male,3591.0
5481,26-35,Male,7354.0
5482,46-55,Male,24315.0
5483,26-35,Female,3394.0
5484,46-55,Female,4936.0
5485,26-35,Male,3770.0
5486,26-35,Male,7319.0
5487,46-55,Female,9895.0
5488,46-55,Male,17758.0
5489,26-35,Male,6065.0
5490,46-55,Male,7717.0
5491,26-35,Male,7494.0
5492,46-55,Male,6534.0
5493,26-35,Female,7318.0
5494,26-35,Male,3163.0
5495,26-35,Male,4092.0
5496,26-35,Male,1892.0
5497,65+,Female,3480.0
5498,46-55,Male,12222.0
5499,18-25,Female,2242.0
5500,36-45,Female,7194.0
5501,46-55,Female,8109.0
5502,56-65,Male,12058.0
5503,36-45,Male,6015.0
5504,18-25,Female,870.0
5505,18-25,Male,2610.0
5506,36-45,Female,5727.0
5507,36-45,Male,13829.0
5508,46-55,Male,9102.0
5509,18-25,Female,1194.0
5510,36-45,Male,4898.0
5511,26-35,Male,2482.0
5512,18-25,Male,711.0
5513,36-45,Male,4202.0
5514,46-55,Female,10327.0
5515,56-65,Male,7142.0
5516,26-35,Female,2288.0
5517,46-55,Male,10408.0
5518,36-45,Male,4928.0
5519,26-35,Female,3660.0
5520,36-45,Female,5907.0
5521,36-45,Male,7425.0
5522,26-35,Male,1551.0
5523,46-55,Male,17519.0
5524,46-55,Male,6629.0
5525,46-55,Female,8033.0
5526,18-25,Male,1460.0
5527,36-45,Male,4772.0
5528,36-45,Male,5359.0
5529,26-35,Female,5681.0
5530,46-55,Male,11441.0
5531,26-35,Male,2727.0
5532,46-55,Male,8982.0
5533,36-45,Male,12670.0
5534,56-65,Male,8474.0
5535,46-55,Male,8111.0
5536,26-35,Female,4143.0
5537,56-65,Male,6097.0
5538,18-25,Male,3018.0
5539,36-45,Male,10005.0
5540,26-35,Male,5485.0
5541,36-45,Male,7492.0
5542,26-35,Female,5686.0
5543,46-55,Male,8454.0
5544,18-25,Male,1392.0
5545,56-65,Male,8661.0
5546,26-35,Male,3480.0
5547,65+,Female,7555.0
5548,36-45,Male,10839.0
5549,46-55,Male,5315.0
5550,26-35,Female,3484.0
5551,26-35,Male,6016.0
5552,18-25,Male,1127.0
5553,18-25,Female,1342.0
5554,26-35,Male,6516.0
5555,36-45,Male,5133.0
5556,26-35,Male,3413.0
5557,36-45,Male,5168.0
5558,26-35,Male,3356.0
5559,46-55,Male,12043.0
5560,26-35,Male,1565.0
5561,36-45,Male,4575.0
5562,36-45,Male,13415.0
5563,36-45,Female,7551.0
5564,36-45,Male,4886.0
5565,26-35,Male,1952.0
5566,26-35,Male,2115.0
5567,36-45,Male,4189.0
5568,46-55,Male,3903.0
5569,46-55,Male,9581.0
5570,46-55,Female,3733.0
5571,26-35,Male,4503.0
5572,26-35,Female,5110.0
5573,46-55,Male,4120.0
5574,46-55,Female,6228.0
5575,36-45,Male,6519.0
5576,56-65,Male,12011.0
5577,36-45,Male,12821.0
5578,56-65,Female,9048.0
5579,65+,Male,2027.0
5580,36-45,Female,9620.0
5581,36-45,Female,5498.0
5582,26-35,Male,2056.0
5583,18-25,Female,1591.0
5584,36-45,Male,10500.0
5585,56-65,Male,4454.0
5586,26-35,Female,2593.0
5587,36-45,Male,3940.0
5588,36-45,Male,5211.0
5589,36-45,Male,6566.0
5590,26-35,Male,1984.0
5591,36-45,Male,9804.0
5592,26-35,Female,2236.0
5593,18-25,Male,1545.0
5594,36-45,Female,9342.0
5595,26-35,Female,6132.0
5596,56-65,Male,6460.0
5597,36-45,Male,15498.0
5598,26-35,Male,2864.0
5599,46-55,Male,12146.0
5600,46-55,Male,8093.0
5601,46-55,Male,6212.0
5602,46-55,Male,10008.0
5603,56-65,Male,8010.0
5604,26-35,Female,5430.0
5605,46-55,Male,4914.0
5606,26-35,Female,7694.0
5607,36-45,Male,7987.0
5608,26-35,Female,3670.0
5609,18-25,Male,2625.0
5610,26-35,Male,2904.0
5611,36-45,Male,3954.0
5612,18-25,Male,2752.0
5613,26-35,Female,5625.0
5614,26-35,Male,4423.0
5615,56-65,Male,7300.0
5616,36-45,Male,4255.0
5617,26-35,Female,4262.0
5618,18-25,Male,2461.0
5619,26-35,Male,2394.0
5620,36-45,Male,8602.0
5621,46-55,Male,7642.0
5622,26-35,Male,3834.0
5623,26-35,Male,14095.0
5624,36-45,Female,2805.0
5625,26-35,Male,6871.0
5626,36-45,Female,7001.0
5627,36-45,Male,9996.0
5628,26-35,Male,3066.0
5629,46-55,Female,17160.0
5630,46-55,Female,5800.0
5631,36-45,Male,5682.0
5632,36-45,Male,5502.0
5633,26-35,Male,2497.0
5634,26-35,Female,9547.0
5635,56-65,Male,4782.0
5636,56-65,Male,6940.0
5637,26-35,Female,1541.0
5638,26-35,Male,6992.0
5639,36-45,Male,5904.0
5640,46-55,Female,6000.0
5641,36-45,Male,3997.0
5642,36-45,Male,9192.0
5643,26-35,Male,9349.0
5644,36-45,Male,9866.0
5645,26-35,Female,5094.0
5646,46-55,Male,11039.0
5647,36-45,Male,5187.0
5648,26-35,Female,17382.0
5649,18-25,Female,1685.0
5650,26-35,Male,2912.0
5651,56-65,Male,9692.0
5652,26-35,Female,8226.0
5653,36-45,Male,12554.0
5654,46-55,Female,12535.0
5655,65+,Female,7407.0
5656,26-35,Male,4303.0
5657,26-35,Male,1148.0
5658,26-35,Male,5069.0
5659,26-35,Male,6116.0
5660,36-45,Male,3608.0
5661,18-25,Female,2326.0
5662,36-45,Female,8322.0
5663,36-45,Female,11790.0
5664,18-25,Male,1062.0
5665,46-55,Male,6685.0
5666,26-35,Female,9771.0
5667,36-45,Male,7590.0
5668,36-45,Female,4171.0
5669,26-35,Female,3362.0
5670,46-55,Male,9814.0
5671,36-45,Male,11748.0
5672,56-65,Female,7205.0
5673,36-45,Male,31804.0
5674,26-35,Male,5402.0
5675,46-55,Female,9311.0
5676,26-35,Male,4432.0
5677,26-35,Male,3798.0
5678,36-45,Female,10106.0
5679,36-45,Male,4811.0
5680,18-25,Male,1700.0
5681,65+,Male,4335.0
5682,46-55,Male,8622.0
5683,36-45,Male,6804.0
5684,26-35,Male,3246.0
5685,26-35,Male,4905.0
5686,56-65,Male,1808.0
5687,36-45,Male,5630.0
5688,46-55,Male,10347.0
5689,26-35,Male,5800.0
5690,18-25,Male,3910.0
5691,56-65,Female,10612.0
5692,26-35,Female,4790.0
5693,26-35,Male,4473.0
5694,36-45,Male,16023.0
5695,36-45,Female,2893.0
5696,26-35,Male,5584.0
5697,18-25,Male,2868.0
5698,26-35,Female,4465.0
5699,26-35,Male,4302.0
5700,26-35,Male,4521.0
5701,18-25,Male,2416.0
5702,18-25,Male,4442.0
5703,18-25,Male,3649.0
5704,36-45,Male,14288.0
5705,36-45,Male,5748.0
5706,46-55,Male,5626.0
5707,46-55,Male,17225.0
5708,36-45,Male,10333.0
5709,26-35,Female,4800.0
5710,46-55,Male,9914.0
5711,36-45,Male,16214.0
5712,46-55,Male,11345.0
5713,18-25,Male,2220.0
5714,36-45,Female,3740.0
5715,26-35,Female,4189.0
5716,56-65,Female,4625.0
5717,46-55,Male,7806.0
5718,18-25,Male,5845.0
5719,26-35,Male,12232.0
5720,36-45,Male,5713.0
5721,18-25,Male,1879.0
5722,26-35,Male,1862.0
5723,36-45,Male,9656.0
5724,26-35,Female,6683.0
5725,36-45,Female,3721.0
5726,26-35,Male,3218.0
5727,36-45,Male,13844.0
5728,36-45,Male,9236.0
5729,36-45,Male,3182.0
5730,36-45,Male,10372.0
5731,46-55,Female,3913.0
5732,36-45,Male,5592.0
5733,36-45,Male,5706.0
5734,36-45,Female,11810.0
5735,36-45,Male,5339.0
5736,46-55,Male,10152.0
5737,56-65,Male,4876.0
5738,26-35,Male,3613.0
5739,36-45,Female,2628.0
5740,18-25,Male,1405.0
5741,18-25,Male,1172.0
5742,36-45,Female,6362.0
5743,46-55,Female,12693.0
5744,36-45,Male,4504.0
5745,26-35,Male,3103.0
5746,26-35,Female,7213.0
5747,26-35,Female,3841.0
5748,46-55,Male,13982.0
5749,36-45,Female,2889.0
5750,36-45,Male,6844.0
5751,26-35,Male,4156.0
5752,36-45,Male,2969.0
5753,36-45,Female,4763.0
5754,26-35,Male,5516.0
5755,26-35,Male,2193.0
5756,26-35,Male,3684.0
5757,18-25,Male,2501.0
5758,36-45,Female,5346.0
5759,36-45,Female,4846.0
5760,18-25,Male,861.0
5761,36-45,Female,4782.0
5762,18-25,Male,731.0
5763,18-25,Male,2066.0
5764,26-35,Male,3727.0
5765,26-35,Female,6181.0
5766,18-25,Male,2582.0
5767,26-35,Male,9001.0
5768,26-35,Male,1324.0
5769,36-45,Male,6504.0
5770,36-45,Male,10503.0
5771,26-35,Male,19664.0
5772,36-45,Male,3898.0
5773,46-55,Male,8668.0
5774,18-25,Male,1128.0
5775,36-45,Male,8798.0
5776,56-65,Female,6301.0
5777,65+,Male,6792.0
5778,26-35,Male,2475.0
5779,46-55,Male,13326.0
5780,46-55,Male,19755.0
5781,46-55,Male,8662.0
5782,36-45,Male,5897.0
5783,36-45,Female,3390.0
5784,36-45,Female,5198.0
5785,26-35,Male,3587.0
5786,26-35,Male,4900.0
5787,36-45,Male,3353.0
5788,36-45,Male,5704.0
5789,36-45,Male,6845.0
5790,46-55,Male,10321.0
5791,26-35,Male,7157.0
5792,65+,Male,7747.0
5793,36-45,Female,3676.0
5794,36-45,Male,6916.0
5795,26-35,Female,4337.0
5796,56-65,Male,6557.0
5797,26-35,Male,3106.0
5798,36-45,Female,6347.0
5799,46-55,Male,14358.0
5800,36-45,Male,6252.0
5801,46-55,Male,5975.0
5802,26-35,Male,4250.0
5803,36-45,Male,1586.0
5804,56-65,Male,3062.0
5805,26-35,Male,7138.0
5806,65+,Female,4323.0
5807,26-35,Female,2539.0
5808,26-35,Female,5223.0
5809,18-25,Male,6746.0
5810,46-55,Male,9798.0
5811,56-65,Female,24214.0
5812,26-35,Female,5079.0
5813,18-25,Male,2165.0
5814,36-45,Male,17405.0
5815,36-45,Male,1884.0
5816,56-65,Male,13024.0
5817,26-35,Male,1868.0
5818,36-45,Male,5192.0
5819,46-55,Male,7318.0
5820,26-35,Female,2831.0
5821,36-45,Male,6777.0
5822,36-45,Male,23104.0
5823,18-25,Male,1886.0
5824,36-45,Male,3395.0
5825,36-45,Male,12087.0
5826,18-25,Male,1673.0
5827,18-25,Female,2377.0
5828,36-45,Male,5297.0
5829,36-45,Female,15008.0
5830,36-45,Male,2063.0
5831,56-65,Male,20706.0
5832,26-35,Female,2967.0
5833,26-35,Male,4830.0
5834,46-55,Female,8207.0
5835,26-35,Female,2533.0
5836,26-35,Male,3412.0
5837,26-35,Female,2639.0
5838,36-45,Female,3969.0
5839,26-35,Male,5532.0
5840,36-45,Female,3144.0
5841,36-45,Male,8437.0
5842,36-45,Male,9360.0
5843,26-35,Male,6653.0
5844,18-25,Male,1012.0
5845,46-55,Female,16726.0
5846,26-35,Male,2065.0
5847,26-35,Male,8169.0
5848,36-45,Male,15897.0
5849,26-35,Male,2305.0
5850,26-35,Male,1934.0
5851,46-55,Male,31754.0
5852,46-55,Female,9003.0
5853,36-45,Female,16369.0
5854,26-35,Male,3603.0
5855,26-35,Male,3930.0
5856,26-35,Female,4591.0
5857,26-35,Female,3110.0
5858,65+,Male,6760.0
5859,26-35,Female,5673.0
5860,18-25,Male,2080.0
5861,18-25,Male,3198.0
5862,46-55,Male,19334.0
5863,36-45,Male,3745.0
5864,26-35,Male,4302.0
5865,26-35,Male,5311.0
5866,46-55,Female,31735.0
5867,36-45,Female,10410.0
5868,36-45,Male,9689.0
5869,46-55,Male,16178.0
5870,36-45,Female,1652.0
5871,36-45,Male,4804.0
5872,36-45,Male,2414.0
5873,26-35,Male,2272.0
5874,26-35,Male,5845.0
5875,26-35,Male,2673.0
5876,56-65,Male,5900.0
5877,56-65,Male,4785.0
5878,26-35,Male,4094.0
5879,26-35,Male,2806.0
5880,18-25,Female,817.0
5881,26-35,Male,8149.0
5882,46-55,Male,3841.0
5883,36-45,Male,7422.0
5884,46-55,Male,10773.0
5885,26-35,Male,3591.0
5886,36-45,Female,12994.0
5887,36-45,Female,8816.0
5888,36-45,Male,4410.0
5889,26-35,Male,9253.0
5890,26-35,Male,7567.0
5891,26-35,Female,3174.0
5892,46-55,Male,12788.0
5893,46-55,Male,3781.0
5894,26-35,Female,5733.0
5895,46-55,Female,4125.0
5896,26-35,Female,2410.0
5897,26-35,Male,4247.0
5898,18-25,Female,6009.0
5899,46-55,Male,2828.0
5900,36-45,Male,35968.0
5901,36-45,Male,4608.0
5902,46-55,Female,24062.0
5903,26-35,Male,6957.0
5904,36-45,Male,7729.0
5905,36-45,Male,9866.0
5906,36-45,Female,3290.0
5907,65+,Male,6133.0
5908,46-55,Male,7437.0
5909,26-35,Male,7522.0
5910,46-55,Female,10701.0
5911,36-45,Male,2339.0
5912,46-55,Female,5477.0
5913,36-45,Male,10763.0
5914,46-55,Female,2140.0
5915,18-25,Male,1957.0
5916,26-35,Male,6640.0
5917,46-55,Female,8073.0
5918,46-55,Male,10518.0
5919,36-45,Female,4382.0
5920,56-65,Male,7955.0
5921,36-45,Male,3465.0
5922,36-45,Male,11749.0
5923,18-25,Male,1730.0
5924,36-45,Female,9586.0
5925,36-45,Male,4860.0
5926,36-45,Female,8992.0
5927,36-45,Male,10568.0
5928,26-35,Male,7825.0
5929,65+,Male,11374.0
5930,26-35,Male,3262.0
5931,36-45,Female,2774.0
5932,36-45,Male,7281.0
5933,26-35,Male,3660.0
5934,26-35,Male,8908.0
5935,26-35,Male,10214.0
5936,18-25,Female,3025.0
5937,56-65,Male,2881.0
5938,36-45,Male,7194.0
5939,36-45,Female,7554.0
5940,26-35,Male,7338.0
5941,26-35,Male,2605.0
5942,36-45,Female,23160.0
5943,18-25,Male,1341.0
5944,46-55,Female,28728.0
5945,56-65,Male,6942.0
5946,26-35,Male,6632.0
5947,36-45,Female,7732.0
5948,26-35,Female,5729.0
5949,26-35,Male,2885.0
5950,18-25,Male,3026.0
5951,26-35,Male,7665.0
5952,26-35,Male,13050.0
5953,26-35,Male,4906.0
5954,26-35,Male,1579.0
5955,36-45,Female,11035.0
5956,46-55,Male,14456.0
5957,26-35,Male,7023.0
5958,36-45,Male,5432.0
5959,26-35,Male,6139.0
5960,36-45,Male,5173.0
5961,36-45,Male,6386.0
5962,26-35,Male,3122.0
5963,26-35,Male,12633.0
5964,36-45,Male,5824.0
5965,36-45,Male,8559.0
5966,46-55,Female,14221.0
5967,46-55,Male,4468.0
5968,26-35,Male,3978.0
5969,26-35,Male,3194.0
5970,18-25,Female,2212.0
5971,36-45,Male,6110.0
5972,26-35,Male,2430.0
5973,18-25,Male,3361.0
5974,26-35,Male,3736.0
5975,46-55,Male,10710.0
5976,36-45,Male,6329.0
5977,46-55,Male,2241.0
5978,26-35,Female,4687.0
5979,26-35,Male,1995.0
5980,26-35,Male,4200.0
5981,26-35,Female,3375.0
5982,65+,Male,2699.0
5983,18-25,Male,2508.0
5984,26-35,Male,5262.0
5985,36-45,Female,6540.0
5986,26-35,Male,4280.0
5987,56-65,Male,6586.0
5988,36-45,Male,6708.0
5989,26-35,Male,1804.0
5990,18-25,Male,1635.0
5991,36-45,Male,2766.0
5992,26-35,Male,5730.0
5993,46-55,Male,19473.0
5994,36-45,Male,6780.0
5995,36-45,Male,27021.0
5996,26-35,Male,2843.0
5997,26-35,Female,4586.0
5998,46-55,Male,4017.0
5999,56-65,Male,7545.0
6000,56-65,Male,2818.0
6001,26-35,Male,4490.0
6002,46-55,Male,4320.0
6003,56-65,Female,4639.0
6004,26-35,Male,8622.0
6005,36-45,Male,10769.0
6006,26-35,Male,5784.0
6007,36-45,Male,7666.0
6008,46-55,Female,6141.0
6009,26-35,Male,6919.0
6010,36-45,Female,5850.0
6011,26-35,Male,9018.0
6012,26-35,Male,6404.0
6013,26-35,Female,10176.0
6014,26-35,Male,19934.0
6015,26-35,Male,1391.0
6016,26-35,Male,5588.0
6017,36-45,Female,12729.0
6018,36-45,Female,10120.0
6019,26-35,Male,3073.0
6020,46-55,Male,12917.0
6021,18-25,Male,1736.0
6022,26-35,Female,2038.0
6023,18-25,Male,1578.0
6024,46-55,Male,9327.0
6025,56-65,Male,5962.0
6026,36-45,Male,9906.0
6027,46-55,Male,8666.0
6028,36-45,Male,6273.0
6029,36-45,Male,7782.0
6030,18-25,Male,2520.0
6031,56-65,Male,7271.0
6032,36-45,Female,5291.0
6033,26-35,Female,2353.0
6034,26-35,Male,3477.0
6035,26-35,Male,9626.0
6036,56-65,Female,3153.0
6037,26-35,Female,5557.0
6038,26-35,Male,5475.0
6039,36-45,Male,3166.0
6040,26-35,Male,1977.0
6041,18-25,Male,1444.0
6042,26-35,Male,5911.0
6043,36-45,Female,5579.0
6044,46-55,Male,7757.0
6045,46-55,Male,8185.0
6046,26-35,Male,16214.0
6047,26-35,Female,5235.0
6048,26-35,Male,4680.0
6049,46-55,Female,2511.0
6050,26-35,Female,5019.0
6051,26-35,Female,2108.0
6052,46-55,Female,21047.0
6053,26-35,Male,2165.0
6054,36-45,Male,4790.0
6055,46-55,Male,7571.0
6056,46-55,Male,14463.0
6057,26-35,Male,6560.0
6058,18-25,Male,8674.0
6059,36-45,Male,9302.0
6060,46-55,Male,6361.0
6061,26-35,Male,2108.0
6062,26-35,Female,3129.0
6063,36-45,Male,8328.0
6064,56-65,Female,9474.0
6065,26-35,Male,4944.0
6066,26-35,Male,3593.0
6067,26-35,Female,4547.0
6068,18-25,Male,1627.0
6069,56-65,Female,13212.0
6070,26-35,Male,4235.0
6071,46-55,Male,4401.0
6072,36-45,Male,18432.0
6073,46-55,Female,20365.0
6074,46-55,Female,2858.0
6075,36-45,Female,10113.0
6076,36-45,Male,5019.0
6077,26-35,Female,6716.0
6078,36-45,Male,3726.0
6079,46-55,Male,11231.0
6080,46-55,Male,10579.0
6081,36-45,Female,3786.0
6082,36-45,Male,4664.0
6083,36-45,Male,11737.0
6084,36-45,Female,5145.0
6085,18-25,Male,3203.0
6086,56-65,Female,12552.0
6087,18-25,Male,2009.0
6088,56-65,Male,10390.0
6089,26-35,Female,6829.0
6090,26-35,Female,3182.0
6091,36-45,Female,5652.0
6092,46-55,Male,6934.0
6093,46-55,Female,8989.0
6094,26-35,Male,3539.0
6095,26-35,Male,5108.0
6096,36-45,Male,6265.0
6097,36-45,Male,8141.0
6098,26-35,Female,5158.0
6099,36-45,Female,5889.0
6100,56-65,Female,5310.0
6101,36-45,Female,5721.0
6102,56-65,Male,6433.0
6103,36-45,Male,8510.0
6104,26-35,Male,4225.0
6105,46-55,Male,12047.0
6106,26-35,Female,1648.0
6107,36-45,Male,6594.0
6108,26-35,Female,1923.0
6109,26-35,Female,5844.0
6110,36-45,Male,8639.0
6111,36-45,Male,7217.0
6112,36-45,Male,6181.0
6113,46-55,Female,8299.0
6114,26-35,Male,5623.0
6115,65+,Female,5361.0
6116,36-45,Male,6790.0
6117,46-55,Male,7679.0
6118,36-45,Male,4855.0
6119,56-65,Male,2122.0
6120,18-25,Male,2425.0
6121,65+,Male,13763.0
6122,26-35,Female,6936.0
6123,26-35,Female,3449.0
6124,36-45,Male,3621.0
6125,36-45,Male,7459.0
6126,36-45,Female,2886.0
6127,18-25,Male,2540.0
6128,65+,Female,3048.0
6129,36-45,Male,3481.0
6130,26-35,Female,3465.0
6131,36-45,Male,9887.0
6132,36-45,Female,7191.0
6133,36-45,Female,13724.0
6134,46-55,Male,5624.0
6135,46-55,Male,15677.0
6136,46-55,Female,15197.0
6137,56-65,Male,5487.0
6138,36-45,Male,7318.0
6139,36-45,Male,7282.0
6140,26-35,Female,9410.0
6141,36-45,Female,4148.0
6142,26-35,Male,9471.0
6143,65+,Male,3214.0
6144,65+,Female,6333.0
6145,26-35,Male,5979.0
6146,26-35,Male,2963.0
6147,26-35,Male,3702.0
6148,56-65,Male,14523.0
6149,26-35,Male,2627.0
6150,36-45,Male,4937.0
6151,26-35,Male,14478.0
6152,36-45,Male,13694.0
6153,26-35,Male,1101.0
6154,26-35,Female,5727.0
6155,36-45,Male,11912.0
6156,18-25,Male,3852.0
6157,46-55,Female,7332.0
6158,18-25,Female,1222.0
6159,56-65,Male,3942.0
6160,36-45,Male,8276.0
6161,26-35,Male,2307.0
6162,18-25,Male,2081.0
6163,36-45,Male,15192.0
6164,46-55,Male,5761.0
6165,26-35,Male,3435.0
6166,26-35,Male,1809.0
6167,36-45,Male,8588.0
6168,26-35,Male,8829.0
6169,26-35,Female,8128.0
6170,36-45,Male,5717.0
6171,26-35,Male,2287.0
6172,26-35,Male,4369.0
6173,36-45,Male,10540.0
6174,36-45,Male,4122.0
6175,26-35,Female,1656.0
6176,26-35,Male,7032.0
6177,18-25,Male,2288.0
6178,36-45,Male,7084.0
6179,56-65,Male,9885.0
6180,18-25,Female,6602.0
6181,26-35,Male,3538.0
6182,26-35,Male,4890.0
6183,26-35,Male,6105.0
6184,26-35,Female,6118.0
6185,26-35,Male,2629.0
6186,26-35,Male,10625.0
6187,26-35,Male,3277.0
6188,36-45,Female,4876.0
6189,18-25,Male,3756.0
6190,36-45,Male,10342.0
6191,26-35,Male,5521.0
6192,36-45,Male,4736.0
6193,18-25,Male,2081.0
6194,36-45,Male,10985.0
6195,26-35,Female,4247.0
6196,65+,Female,4371.0
6197,56-65,Male,5503.0
6198,26-35,Male,2196.0
6199,36-45,Male,6232.0
6200,56-65,Male,4729.0
6201,36-45,Female,16010.0
6202,26-35,Male,5710.0
6203,26-35,Male,1519.0
6204,26-35,Female,4082.0
6205,26-35,Male,2673.0
6206,26-35,Female,2762.0
6207,26-35,Female,3756.0
6208,36-45,Female,15144.0
6209,36-45,Female,5485.0
6210,56-65,Female,9146.0
6211,46-55,Female,9318.0
6212,36-45,Female,4916.0
6213,46-55,Female,17637.0
6214,56-65,Male,6182.0
6215,18-25,Male,732.0
6216,36-45,Male,9389.0
6217,56-65,Male,5177.0
6218,56-65,Male,7600.0
6219,56-65,Female,6435.0
6220,36-45,Male,14844.0
6221,46-55,Female,4079.0
6222,36-45,Male,3043.0
6223,26-35,Female,1858.0
6224,36-45,Male,9892.0
6225,36-45,Male,4338.0
6226,46-55,Male,3276.0
6227,36-45,Male,4391.0
6228,36-45,Female,8805.0
6229,36-45,Female,7429.0
6230,46-55,Male,5557.0
6231,36-45,Male,5629.0
6232,18-25,Male,1579.0
6233,36-45,Male,10351.0
6234,56-65,Male,6197.0
6235,65+,Male,4013.0
6236,26-35,Male,6150.0
6237,26-35,Female,3903.0
6238,65+,Male,11721.0
6239,56-65,Male,5342.0
6240,26-35,Female,3568.0
6241,26-35,Male,3936.0
6242,46-55,Male,8709.0
6243,18-25,Female,5435.0
6244,56-65,Male,4839.0
6245,46-55,Male,15883.0
6246,26-35,Male,3333.0
6247,46-55,Female,5006.0
6248,56-65,Female,16229.0
6249,36-45,Male,4179.0
6250,26-35,Male,4180.0
6251,26-35,Female,8319.0
6252,46-55,Female,7736.0
6253,26-35,Female,5765.0
6254,46-55,Male,7839.0
6255,26-35,Male,9840.0
6256,36-45,Male,8946.0
6257,36-45,Male,6231.0
6258,26-35,Male,5079.0
6259,56-65,Female,14717.0
6260,36-45,Female,9270.0
6261,46-55,Female,2907.0
6262,36-45,Male,18331.0
6263,26-35,Male,2910.0
6264,36-45,Female,13870.0
6265,18-25,Male,2409.0
6266,46-55,Male,4383.0
6267,36-45,Male,14705.0
6268,18-25,Male,862.0
6269,36-45,Female,4647.0
6270,36-45,Male,3372.0
6271,26-35,Female,1384.0
6272,46-55,Female,19428.0
6273,36-45,Male,9670.0
6274,46-55,Male,12726.0
6275,26-35,Male,2748.0
6276,46-55,Male,5620.0
6277,26-35,Male,5806.0
6278,46-55,Female,7247.0
6279,56-65,Female,10176.0
6280,26-35,Male,1849.0
6281,26-35,Male,3619.0
6282,56-65,Male,16545.0
6283,36-45,Male,4084.0
6284,26-35,Male,3730.0
6285,56-65,Male,9138.0
6286,26-35,Male,5739.0
6287,36-45,Male,3461.0
6288,26-35,Male,1527.0
6289,36-45,Male,9397.0
6290,36-45,Male,8750.0
6291,46-55,Female,7883.0
6292,26-35,Male,5458.0
6293,36-45,Female,9011.0
6294,26-35,Male,4203.0
6295,26-35,Female,2750.0
6296,46-55,Female,3331.0
6297,18-25,Male,3737.0
6298,36-45,Male,2807.0
6299,46-55,Male,11185.0
6300,26-35,Male,4557.0
6301,36-45,Male,3722.0
6302,46-55,Male,6012.0
6303,26-35,Male,1199.0
6304,65+,Male,2583.0
6305,26-35,Female,10974.0
6306,36-45,Male,8000.0
6307,26-35,Male,7044.0
6308,36-45,Female,4081.0
6309,46-55,Female,13313.0
6310,46-55,Male,3203.0
6311,26-35,Male,7004.0
6312,46-55,Male,10123.0
6313,46-55,Male,6738.0
6314,26-35,Male,7568.0
6315,46-55,Female,21109.0
6316,46-55,Male,10478.0
6317,36-45,Female,6470.0
6318,36-45,Male,8647.0
6319,46-55,Male,8447.0
6320,36-45,Female,7607.0
6321,26-35,Male,10218.0
6322,18-25,Male,1957.0
6323,26-35,Male,6907.0
6324,56-65,Male,6389.0
6325,18-25,Male,886.0
6326,26-35,Male,6411.0
6327,36-45,Male,1930.0
6328,26-35,Male,5062.0
6329,18-25,Male,2107.0
6330,26-35,Female,2266.0
6331,26-35,Male,6280.0
6332,65+,Male,4425.0
6333,26-35,Female,5178.0
6334,26-35,Male,1645.0
6335,46-55,Male,12744.0
6336,18-25,Male,2490.0
6337,36-45,Male,11491.0
6338,65+,Male,2184.0
6339,18-25,Male,3545.0
6340,18-25,Male,2297.0
6341,65+,Male,6197.0
6342,26-35,Male,3324.0
6343,56-65,Female,2736.0
6344,26-35,Male,3811.0
6345,56-65,Male,9649.0
6346,65+,Male,4092.0
6347,26-35,Male,5441.0
6348,46-55,Male,18252.0
6349,26-35,Female,4803.0
6350,36-45,Male,8727.0
6351,26-35,Male,7791.0
6352,46-55,Female,8259.0
6353,36-45,Female,7341.0
6354,56-65,Male,5084.0
6355,26-35,Male,7044.0
6356,46-55,Male,5331.0
6357,36-45,Male,5763.0
6358,36-45,Male,3482.0
6359,36-45,Male,6680.0
6360,36-45,Male,2186.0
6361,26-35,Male,3126.0
6362,18-25,Male,3434.0
6363,26-35,Female,3743.0
6364,18-25,Male,623.0
6365,46-55,Male,7622.0
6366,26-35,Male,3373.0
6367,36-45,Male,4127.0
6368,18-25,Male,5988.0
6369,26-35,Male,15506.0
6370,26-35,Male,5493.0
6371,26-35,Male,2219.0
6372,26-35,Male,3788.0
6373,18-25,Male,1236.0
6374,46-55,Female,9272.0
6375,26-35,Male,5572.0
6376,26-35,Male,3187.0
6377,26-35,Female,7361.0
6378,36-45,Male,6226.0
6379,26-35,Male,2155.0
6380,36-45,Male,6318.0
6381,36-45,Male,8128.0
6382,26-35,Female,5929.0
6383,46-55,Male,15033.0
6384,26-35,Male,6604.0
6385,36-45,Male,9062.0
6386,46-55,Female,5444.0
6387,18-25,Male,2912.0
6388,56-65,Male,6679.0
6389,18-25,Female,783.0
6390,26-35,Male,3192.0
6391,56-65,Female,8193.0
6392,36-45,Female,6652.0
6393,18-25,Male,1837.0
6394,46-55,Male,14058.0
6395,26-35,Male,2900.0
6396,46-55,Male,5157.0
6397,36-45,Female,6475.0
6398,36-45,Male,13539.0
6399,26-35,Female,3495.0
6400,26-35,Male,4083.0
6401,36-45,Male,4411.0
6402,26-35,Male,2772.0
6403,36-45,Female,23382.0
6404,18-25,Male,3667.0
6405,46-55,Female,8522.0
6406,26-35,Female,5676.0
6407,36-45,Male,4302.0
6408,26-35,Male,7363.0
6409,46-55,Female,10564.0
6410,36-45,Female,7099.0
6411,36-45,Male,6225.0
6412,46-55,Male,3176.0
6413,56-65,Female,4515.0
6414,26-35,Female,2594.0
6415,26-35,Female,8779.0
6416,26-35,Female,5542.0
6417,56-65,Female,13940.0
6418,36-45,Male,10965.0
6419,36-45,Male,6939.0
6420,36-45,Female,13793.0
6421,65+,Female,7268.0
6422,26-35,Male,2841.0
6423,36-45,Female,12541.0
6424,26-35,Male,9697.0
6425,36-45,Male,2444.0
6426,56-65,Male,9134.0
6427,46-55,Female,4820.0
6428,36-45,Male,4342.0
6429,26-35,Male,3982.0
6430,26-35,Male,2934.0
6431,56-65,Male,5514.0
6432,26-35,Male,2906.0
6433,26-35,Female,3866.0
6434,65+,Male,4909.0
6435,26-35,Male,3902.0
6436,36-45,Male,4182.0
6437,46-55,Male,9159.0
6438,26-35,Male,5159.0
6439,18-25,Male,904.0
6440,46-55,Male,11980.0
6441,26-35,Male,3258.0
6442,26-35,Male,2996.0
6443,36-45,Female,6665.0
6444,36-45,Male,6388.0
6445,18-25,Male,1913.0
6446,36-45,Female,3600.0
6447,36-45,Female,9517.0
6448,26-35,Female,4630.0
6449,56-65,Female,7238.0
6450,26-35,Male,3522.0
6451,26-35,Female,16667.0
6452,26-35,Female,6412.0
6453,36-45,Male,3763.0
6454,36-45,Male,14704.0
6455,36-45,Male,7659.0
6456,18-25,Male,1040.0
6457,26-35,Male,7080.0
6458,26-35,Male,3660.0
6459,65+,Female,5063.0
6460,36-45,Male,8702.0
6461,46-55,Female,8927.0
6462,36-45,Male,9178.0
6463,26-35,Male,1994.0
6464,36-45,Male,6716.0
6465,18-25,Female,6503.0
6466,26-35,Male,5429.0
6467,26-35,Male,3307.0
6468,26-35,Male,8425.0
6469,46-55,Male,11934.0
6470,18-25,Male,1186.0
6471,26-35,Male,3652.0
6472,26-35,Male,7923.0
6473,26-35,Male,3602.0
6474,56-65,Male,7448.0
6475,56-65,Female,8982.0
6476,46-55,Male,7201.0
6477,46-55,Male,9262.0
6478,26-35,Female,4466.0
6479,26-35,Male,8311.0
6480,36-45,Female,5652.0
6481,56-65,Male,8540.0
6482,26-35,Female,2807.0
6483,36-45,Male,8966.0
6484,26-35,Male,2454.0
6485,26-35,Female,3031.0
6486,18-25,Male,4525.0
6487,46-55,Male,4341.0
6488,56-65,Female,12504.0
6489,26-35,Male,5270.0
6490,18-25,Male,2896.0
6491,26-35,Female,6689.0
6492,36-45,Male,7543.0
6493,46-55,Male,7281.0
6494,36-45,Male,9095.0
6495,46-55,Female,4471.0
6496,26-35,Female,3289.0
6497,65+,Male,4959.0
6498,26-35,Male,1806.0
6499,26-35,Male,3278.0
6500,26-35,Male,5473.0
6501,56-65,Male,4557.0
6502,36-45,Male,9369.0
6503,26-35,Female,2496.0
6504,36-45,Male,8124.0
6505,56-65,Female,9807.0
6506,26-35,Male,1475.0
6507,56-65,Female,23264.0
6508,26-35,Male,3607.0
6509,18-25,Male,6498.0
6510,46-55,Male,8984.0
6511,18-25,Male,1567.0
6512,36-45,Male,5275.0
6513,18-25,Female,3781.0
6514,26-35,Female,12813.0
6515,36-45,Male,3964.0
6516,56-65,Male,7228.0
6517,26-35,Female,4868.0
6518,46-55,Male,6189.0
6519,26-35,Male,5815.0
6520,26-35,Male,5300.0
6521,36-45,Female,5048.0
6522,26-35,Male,5855.0
6523,26-35,Male,4323.0
6524,36-45,Male,12389.0
6525,26-35,Male,3867.0
6526,18-25,Male,3547.0
6527,36-45,Male,8011.0
6528,46-55,Female,18250.0
6529,36-45,Male,13111.0
6530,36-45,Male,4648.0
6531,26-35,Male,4441.0
6532,36-45,Male,8445.0
6533,26-35,Male,3402.0
6534,26-35,Female,7971.0
6535,26-35,Male,5535.0
6536,26-35,Male,1682.0
6537,46-55,Male,4966.0
6538,26-35,Female,5595.0
6539,36-45,Male,2206.0
6540,26-35,Male,5335.0
6541,46-55,Male,24769.0
6542,46-55,Female,34381.0
6543,36-45,Male,6761.0
6544,26-35,Female,4131.0
6545,26-35,Male,2762.0
6546,36-45,Male,6388.0
6547,36-45,Female,8957.0
6548,46-55,Female,27567.0
6549,18-25,Male,6434.0
6550,26-35,Male,3299.0
6551,46-55,Male,8579.0
6552,36-45,Male,9191.0
6553,26-35,Male,2045.0
6554,56-65,Male,4950.0
6555,36-45,Female,6922.0
6556,36-45,Male,8462.0
6557,56-65,Male,5104.0
6558,36-45,Male,5199.0
6559,26-35,Male,5188.0
6560,26-35,Male,4329.0
6561,46-55,Female,11716.0
6562,26-35,Male,3305.0
6563,26-35,Male,3513.0
6564,46-55,Male,13632.0
6565,36-45,Male,5801.0
6566,36-45,Male,11553.0
6567,36-45,Male,5256.0
6568,18-25,Female,3519.0
6569,46-55,Male,8306.0
6570,36-45,Male,4225.0
6571,26-35,Female,4982.0
6572,36-45,Male,10056.0
6573,36-45,Male,7851.0
6574,26-35,Male,9506.0
6575,46-55,Female,6010.0
6576,56-65,Male,10229.0
6577,36-45,Male,8211.0
6578,26-35,Male,6579.0
6579,36-45,Male,2903.0
6580,56-65,Male,5424.0
6581,26-35,Female,6768.0
6582,56-65,Male,4179.0
6583,36-45,Male,6009.0
6584,46-55,Male,7067.0
6585,46-55,Male,23342.0
6586,36-45,Male,7881.0
6587,36-45,Female,8410.0
6588,26-35,Male,6630.0
6589,36-45,Male,8595.0
6590,26-35,Female,4239.0
6591,36-45,Male,4475.0
6592,46-55,Male,14991.0
6593,36-45,Male,2448.0
6594,36-45,Male,8527.0
6595,36-45,Male,8416.0
6596,18-25,Male,1638.0
6597,26-35,Male,5408.0
6598,36-45,Male,4415.0
6599,18-25,Male,2261.0
6600,36-45,Male,14462.0
6601,18-25,Male,1321.0
6602,65+,Male,1662.0
6603,26-35,Male,7416.0
6604,26-35,Male,2636.0
6605,36-45,Male,18467.0
6606,36-45,Male,5274.0
6607,36-45,Female,4627.0
6608,26-35,Female,2327.0
6609,36-45,Male,6481.0
6610,36-45,Female,5978.0
6611,46-55,Male,7043.0
6612,36-45,Male,9198.0
6613,18-25,Female,1508.0
6614,36-45,Female,9575.0
6615,46-55,Male,7076.0
6616,26-35,Male,1906.0
6617,26-35,Male,1212.0
6618,46-55,Male,7228.0
6619,26-35,Male,2138.0
6620,36-45,Male,19280.0
6621,26-35,Female,3688.0
6622,26-35,Female,1713.0
6623,36-45,Female,8012.0
6624,26-35,Female,3183.0
6625,46-55,Male,4762.0
6626,56-65,Male,9082.0
6627,46-55,Male,8579.0
6628,26-35,Male,7651.0
6629,46-55,Male,4934.0
6630,56-65,Male,6813.0
6631,18-25,Male,2545.0
6632,36-45,Male,4143.0
6633,46-55,Male,3231.0
6634,46-55,Female,4558.0
6635,36-45,Male,19258.0
6636,36-45,Female,10924.0
6637,26-35,Male,4038.0
6638,46-55,Male,21993.0
6639,36-45,Male,6664.0
6640,26-35,Male,6728.0
6641,36-45,Male,6298.0
6642,46-55,Male,5241.0
6643,36-45,Male,19490.0
6644,36-45,Female,12872.0
6645,26-35,Male,3516.0
6646,18-25,Male,5171.0
6647,36-45,Male,2926.0
6648,26-35,Male,4398.0
6649,26-35,Female,3280.0
6650,26-35,Female,9832.0
6651,46-55,Female,15960.0
6652,26-35,Female,3922.0
6653,46-55,Female,24641.0
6654,26-35,Male,1723.0
6655,46-55,Male,3278.0
6656,36-45,Male,6288.0
6657,36-45,Male,10853.0
6658,46-55,Female,11500.0
6659,65+,Male,6548.0
6660,26-35,Male,2567.0
6661,36-45,Male,6405.0
6662,26-35,Male,4455.0
6663,36-45,Male,2716.0
6664,46-55,Male,17533.0
6665,26-35,Male,1733.0
6666,26-35,Female,3169.0
6667,26-35,Male,4477.0
6668,26-35,Male,9311.0
6669,36-45,Female,2458.0
6670,26-35,Male,4303.0
6671,18-25,Male,5571.0
6672,26-35,Male,5512.0
6673,26-35,Male,2926.0
6674,26-35,Male,4146.0
6675,36-45,Male,2736.0
6676,26-35,Female,4950.0
6677,18-25,Female,3002.0
6678,46-55,Male,5220.0
6679,36-45,Male,2311.0
6680,18-25,Male,1390.0
6681,46-55,Female,7015.0
6682,36-45,Male,18694.0
6683,26-35,Male,3284.0
6684,46-55,Male,8534.0
6685,26-35,Male,3970.0
6686,18-25,Male,1592.0
6687,26-35,Male,4369.0
6688,18-25,Male,2101.0
6689,26-35,Male,3288.0
6690,36-45,Male,12717.0
6691,56-65,Male,5112.0
6692,46-55,Male,7344.0
6693,26-35,Male,4517.0
6694,36-45,Male,5620.0
6695,46-55,Male,30742.0
6696,36-45,Male,5357.0
6697,26-35,Male,7414.0
6698,56-65,Female,2801.0
6699,26-35,Male,2701.0
6700,26-35,Female,3846.0
6701,36-45,Female,9471.0
6702,36-45,Male,10585.0
6703,26-35,Male,3497.0
6704,26-35,Male,4595.0
6705,36-45,Male,3969.0
6706,46-55,Male,12320.0
6707,26-35,Male,3971.0
6708,18-25,Female,2094.0
6709,36-45,Male,9340.0
6710,46-55,Male,9951.0
6711,26-35,Female,8749.0
6712,26-35,Female,3253.0
6713,26-35,Male,11519.0
6714,46-55,Male,7689.0
6715,46-55,Male,4659.0
6716,18-25,Male,1610.0
6717,36-45,Male,8436.0
6718,36-45,Male,6440.0
6719,26-35,Male,3631.0
6720,65+,Male,2137.0
6721,46-55,Male,10465.0
6722,46-55,Male,6996.0
6723,26-35,Male,13537.0
6724,46-55,Male,13327.0
6725,26-35,Male,11270.0
6726,46-55,Male,8753.0
6727,18-25,Female,1573.0
6728,18-25,Male,2017.0
6729,26-35,Male,2144.0
6730,46-55,Male,15539.0
6731,46-55,Female,5794.0
6732,46-55,Female,5073.0
6733,26-35,Male,3921.0
6734,56-65,Male,7850.0
6735,18-25,Male,742.0
6736,36-45,Male,4004.0
6737,26-35,Male,14087.0
6738,26-35,Male,6704.0
6739,36-45,Male,3625.0
6740,36-45,Male,5894.0
6741,18-25,Male,2543.0
6742,18-25,Male,2038.0
6743,36-45,Male,9208.0
6744,18-25,Female,3015.0
6745,26-35,Male,1746.0
6746,26-35,Male,2263.0
6747,56-65,Male,8628.0
6748,46-55,Female,6335.0
6749,36-45,Male,4140.0
6750,26-35,Male,7175.0
6751,26-35,Male,10567.0
6752,26-35,Male,3271.0
6753,36-45,Male,3475.0
6754,56-65,Female,10752.0
6755,36-45,Male,4722.0
6756,46-55,Female,12251.0
6757,46-55,Male,18096.0
6758,36-45,Male,15554.0
6759,36-45,Male,8374.0
6760,36-45,Female,14568.0
6761,36-45,Female,13071.0
6762,26-35,Male,4445.0
6763,18-25,Male,2658.0
6764,36-45,Female,6265.0
6765,26-35,Female,3890.0
6766,36-45,Female,20767.0
6767,46-55,Male,7674.0
6768,36-45,Male,2826.0
6769,46-55,Female,18751.0
6770,46-55,Male,4255.0
6771,36-45,Male,2684.0
6772,26-35,Male,5323.0
6773,18-25,Female,989.0
6774,26-35,Female,3372.0
6775,36-45,Female,11810.0
6776,46-55,Male,19678.0
6777,18-25,Female,4661.0
6778,65+,Male,4188.0
6779,36-45,Female,3861.0
6780,18-25,Male,3978.0
6781,26-35,Male,4341.0
6782,26-35,Male,1034.0
6783,26-35,Male,3527.0
6784,56-65,Female,5666.0
6785,26-35,Female,3512.0
6786,36-45,Male,4221.0
6787,36-45,Female,7197.0
6788,18-25,Male,2283.0
6789,46-55,Male,4843.0
6790,36-45,Male,18068.0
6791,46-55,Female,13984.0
6792,26-35,Male,7377.0
6793,36-45,Male,2743.0
6794,26-35,Male,3053.0
6795,46-55,Male,14223.0
6796,65+,Male,3870.0
6797,65+,Female,10932.0
6798,26-35,Male,2423.0
6799,18-25,Male,4754.0
6800,26-35,Male,1858.0
6801,26-35,Male,4792.0
6802,36-45,Female,16615.0
6803,26-35,Female,4134.0
6804,18-25,Male,2310.0
6805,26-35,Male,4557.0
6806,56-65,Male,4632.0
6807,26-35,Male,3216.0
6808,26-35,Male,5714.0
6809,46-55,Male,15466.0
6810,36-45,Male,2980.0
6811,36-45,Male,8829.0
6812,18-25,Male,3988.0
6813,26-35,Male,3581.0
6814,46-55,Female,23529.0
6815,36-45,Male,1458.0
6816,46-55,Female,2949.0
6817,46-55,Male,6653.0
6818,36-45,Male,9379.0
6819,26-35,Male,4734.0
6820,36-45,Female,6637.0
6821,18-25,Male,7527.0
6822,26-35,Male,6630.0
6823,36-45,Female,2831.0
6824,26-35,Male,2135.0
6825,26-35,Female,6602.0
6826,36-45,Male,5824.0
6827,56-65,Male,5194.0
6828,18-25,Male,3893.0
6829,46-55,Male,6682.0
6830,36-45,Male,3828.0
6831,18-25,Female,5135.0
6832,56-65,Male,9481.0
6833,26-35,Male,2861.0
6834,46-55,Male,14948.0
6835,26-35,Male,4981.0
6836,26-35,Male,3780.0
6837,36-45,Female,3256.0
6838,36-45,Male,4333.0
6839,18-25,Male,1904.0
6840,26-35,Male,6833.0
6841,18-25,Male,1677.0
6842,65+,Male,3172.0
6843,36-45,Male,5977.0
6844,36-45,Male,6287.0
6845,18-25,Female,1453.0
6846,18-25,Male,2293.0
6847,26-35,Female,1737.0
6848,18-25,Male,5473.0
6849,36-45,Female,8051.0
6850,36-45,Male,19462.0
6851,26-35,Male,3966.0
6852,26-35,Female,5892.0
6853,36-45,Female,7315.0
6854,18-25,Female,976.0
6855,36-45,Male,5623.0
6856,36-45,Male,3562.0
6857,26-35,Male,5159.0
6858,46-55,Male,5523.0
6859,65+,Female,9196.0
6860,36-45,Female,8344.0
6861,36-45,Male,2966.0
6862,36-45,Female,3140.0
6863,18-25,Male,4677.0
6864,36-45,Male,17256.0
6865,26-35,Female,1986.0
6866,46-55,Male,2905.0
6867,26-35,Male,1735.0
6868,18-25,Male,1185.0
6869,26-35,Male,11121.0
6870,26-35,Female,9756.0
6871,36-45,Female,6561.0
6872,36-45,Male,7208.0
6873,46-55,Female,4855.0
6874,46-55,Male,6062.0
6875,36-45,Male,6131.0
6876,26-35,Male,6028.0
6877,26-35,Female,3297.0
6878,26-35,Male,2354.0
6879,26-35,Female,12373.0
6880,26-35,Male,6903.0
6881,36-45,Female,27489.0
6882,26-35,Male,9522.0
6883,26-35,Male,4317.0
6884,56-65,Male,6692.0
6885,26-35,Female,3357.0
6886,56-65,Male,3310.0
6887,18-25,Male,935.0
6888,36-45,Female,12939.0
6889,36-45,Female,7332.0
6890,36-45,Female,6432.0
6891,26-35,Female,2655.0
6892,56-65,Male,5268.0
6893,26-35,Female,2679.0
6894,26-35,Female,3465.0
6895,56-65,Female,8530.0
6896,36-45,Male,7640.0
6897,26-35,Male,9543.0
6898,26-35,Female,5345.0
6899,46-55,Male,14232.0
6900,18-25,Male,1511.0
6901,18-25,Female,1253.0
6902,36-45,Male,4577.0
6903,26-35,Male,9048.0
6904,65+,Male,3679.0
6905,36-45,Male,11266.0
6906,26-35,Male,5753.0
6907,46-55,Female,10757.0
6908,36-45,Male,6856.0
6909,46-55,Male,7333.0
6910,26-35,Female,4250.0
6911,26-35,Male,2553.0
6912,18-25,Male,2768.0
6913,46-55,Male,22543.0
6914,56-65,Male,14671.0
6915,36-45,Male,5934.0
6916,26-35,Male,6373.0
6917,26-35,Male,5254.0
6918,36-45,Male,7921.0
6919,26-35,Male,3039.0
6920,36-45,Male,6042.0
6921,26-35,Male,5514.0
6922,26-35,Male,1968.0
6923,56-65,Female,7886.0
6924,26-35,Male,4465.0
6925,36-45,Male,12122.0
6926,26-35,Male,2829.0
6927,46-55,Male,6285.0
6928,26-35,Male,4252.0
6929,56-65,Male,9052.0
6930,46-55,Male,9866.0
6931,18-25,Male,2697.0
6932,36-45,Female,5020.0
6933,26-35,Male,7487.0
6934,36-45,Female,6946.0
6935,26-35,Male,2748.0
6936,46-55,Female,8125.0
6937,26-35,Male,3434.0
6938,36-45,Male,15879.0
6939,65+,Male,20474.0
6940,46-55,Male,7895.0
6941,26-35,Male,2488.0
6942,36-45,Male,1256.0
6943,26-35,Male,7289.0
6944,65+,Male,3192.0
6945,56-65,Female,9556.0
6946,26-35,Male,3605.0
6947,36-45,Male,8517.0
6948,18-25,Male,3494.0
6949,26-35,Female,6590.0
6950,46-55,Female,8792.0
6951,26-35,Female,6084.0
6952,26-35,Male,3574.0
6953,46-55,Male,8600.0
6954,46-55,Male,5689.0
6955,36-45,Male,8809.0
6956,56-65,Male,7356.0
6957,36-45,Male,4388.0
6958,46-55,Male,5703.0
6959,26-35,Male,6267.0
6960,26-35,Male,1996.0
6961,36-45,Male,5199.0
6962,18-25,Male,3987.0
6963,46-55,Male,10187.0
6964,36-45,Male,7902.0
6965,26-35,Male,3591.0
6966,26-35,Male,6952.0
6967,26-35,Male,2255.0
6968,26-35,Male,7824.0
6969,46-55,Female,11144.0
6970,26-35,Male,3545.0
6971,46-55,Male,3961.0
6972,26-35,Female,2209.0
6973,46-55,Male,9177.0
6974,36-45,Male,15209.0
6975,36-45,Male,6768.0
6976,26-35,Male,9416.0
6977,26-35,Male,1852.0
6978,26-35,Female,3503.0
6979,36-45,Male,5151.0
6980,26-35,Male,4273.0
6981,26-35,Male,7644.0
6982,26-35,Male,2594.0
6983,26-35,Male,4579.0
6984,18-25,Female,1488.0
6985,36-45,Male,5344.0
6986,46-55,Male,3699.0
6987,36-45,Male,5989.0
6988,18-25,Male,1215.0
6989,26-35,Female,7242.0
6990,36-45,Female,7019.0
6991,56-65,Male,5794.0
6992,26-35,Female,10454.0
6993,46-55,Male,18487.0
6994,26-35,Male,7591.0
6995,18-25,Male,2322.0
6996,56-65,Male,15189.0
6997,26-35,Male,3337.0
6998,26-35,Male,7089.0
6999,46-55,Male,8765.0
7000,46-55,Male,20141.0
7001,26-35,Male,1848.0
7002,36-45,Male,4140.0
7003,26-35,Male,1800.0
7004,56-65,Male,9150.0
7005,18-25,Female,3253.0
7006,46-55,Female,6814.0
7007,46-55,Male,9677.0
7008,36-45,Male,6131.0
7009,26-35,Male,5520.0
7010,46-55,Male,11145.0
7011,26-35,Male,2354.0
7012,46-55,Male,3968.0
7013,46-55,Male,4578.0
7014,36-45,Male,9174.0
7015,36-45,Female,4024.0
7016,26-35,Male,2495.0
7017,26-35,Male,6256.0
7018,46-55,Male,13675.0
7019,26-35,Male,1676.0
7020,56-65,Male,23685.0
7021,26-35,Female,8677.0
7022,26-35,Male,3762.0
7023,18-25,Male,1780.0
7024,65+,Male,4416.0
7025,26-35,Male,2091.0
7026,36-45,Male,7740.0
7027,18-25,Female,3214.0
7028,36-45,Female,17098.0
7029,26-35,Female,5246.0
7030,46-55,Male,6834.0
7031,26-35,Female,10139.0
7032,36-45,Female,9404.0
7033,36-45,Male,6578.0
7034,26-35,Male,13513.0
7035,56-65,Male,8769.0
7036,26-35,Male,5809.0
7037,36-45,Male,6393.0
7038,26-35,Male,4827.0
7039,18-25,Male,3228.0
7040,46-55,Female,17839.0
7041,26-35,Male,4942.0
7042,36-45,Male,5456.0
7043,56-65,Male,15151.0
7044,36-45,Male,6389.0
7045,36-45,Male,5493.0
7046,26-35,Female,1712.0
7047,36-45,Male,6953.0
7048,56-65,Male,11361.0
7049,36-45,Male,10543.0
7050,36-45,Male,14151.0
7051,26-35,Male,3489.0
7052,36-45,Female,17130.0
7053,26-35,Female,3237.0
7054,46-55,Male,18735.0
7055,46-55,Female,15592.0
7056,18-25,Male,3842.0
7057,46-55,Female,16369.0
7058,36-45,Male,10144.0
7059,26-35,Male,3087.0
7060,36-45,Male,5903.0
7061,46-55,Male,24792.0
7062,36-45,Male,10519.0
7063,46-55,Male,17614.0
7064,26-35,Male,8793.0
7065,36-45,Male,4178.0
7066,36-45,Male,12070.0
7067,46-55,Female,15889.0
7068,26-35,Male,2668.0
7069,46-55,Female,3628.0
7070,36-45,Female,11105.0
7071,46-55,Male,4629.0
7072,36-45,Male,4681.0
7073,46-55,Male,17006.0
7074,26-35,Male,7020.0
7075,46-55,Male,6539.0
7076,26-35,Male,2898.0
7077,36-45,Female,6399.0
7078,18-25,Male,2853.0
7079,56-65,Female,5500.0
7080,36-45,Female,13707.0
7081,26-35,Male,11403.0
7082,46-55,Male,5405.0
7083,36-45,Male,7618.0
7084,36-45,Female,5910.0
7085,26-35,Male,4897.0
7086,36-45,Male,6988.0
7087,26-35,Male,6921.0
7088,36-45,Male,7549.0
7089,26-35,Male,4450.0
7090,18-25,Female,1366.0
7091,46-55,Female,4836.0
7092,36-45,Male,5057.0
7093,26-35,Male,3699.0
7094,46-55,Female,5770.0
7095,18-25,Female,3666.0
7096,46-55,Female,4632.0
7097,46-55,Male,17100.0
7098,26-35,Female,2160.0
7099,36-45,Male,12148.0
7100,26-35,Male,3288.0
7101,18-25,Male,743.0
7102,36-45,Female,6008.0
7103,26-35,Male,3453.0
7104,46-55,Male,10763.0
7105,46-55,Male,13632.0
7106,46-55,Male,3385.0
7107,56-65,Female,6615.0
7108,46-55,Female,10026.0
7109,46-55,Male,10446.0
7110,46-55,Male,5382.0
7111,26-35,Male,4624.0
7112,46-55,Male,10310.0
7113,18-25,Male,2415.0
7114,26-35,Female,3568.0
7115,36-45,Male,8001.0
7116,46-55,Male,7972.0
7117,46-55,Male,11155.0
7118,36-45,Female,5684.0
7119,65+,Male,12854.0
7120,26-35,Female,3739.0
7121,26-35,Female,3271.0
7122,18-25,Male,2809.0
7123,36-45,Male,5686.0
7124,26-35,Male,3987.0
7125,36-45,Female,4362.0
7126,46-55,Female,11061.0
7127,26-35,Male,2347.0
7128,46-55,Female,13001.0
7129,18-25,Male,1058.0
7130,56-65,Male,6022.0
7131,36-45,Male,9288.0
7132,36-45,Male,5279.0
7133,36-45,Female,7741.0
7134,26-35,Male,6918.0
7135,36-45,Male,5934.0
7136,18-25,Female,1238.0
7137,26-35,Male,3530.0
7138,26-35,Male,3133.0
7139,26-35,Male,3204.0
7140,26-35,Male,5005.0
7141,36-45,Male,7264.0
7142,26-35,Male,2948.0
7143,26-35,Female,1987.0
7144,26-35,Male,7270.0
7145,36-45,Male,10769.0
7146,36-45,Male,16922.0
7147,56-65,Male,6888.0
7148,18-25,Female,2791.0
7149,46-55,Female,6230.0
7150,18-25,Male,2595.0
7151,18-25,Male,2159.0
7152,46-55,Male,8561.0
7153,65+,Male,4887.0
7154,36-45,Female,6869.0
7155,46-55,Male,15274.0
7156,36-45,Male,10549.0
7157,36-45,Male,8754.0
7158,26-35,Female,4019.0
7159,26-35,Female,3427.0
7160,36-45,Male,7372.0
7161,26-35,Male,2349.0
7162,36-45,Male,7567.0
7163,36-45,Female,4722.0
7164,26-35,Female,2569.0
7165,26-35,Male,2394.0
7166,65+,Male,4265.0
7167,46-55,Female,16627.0
7168,18-25,Female,4920.0
7169,26-35,Female,2677.0
7170,46-55,Female,8015.0
7171,36-45,Female,8057.0
7172,26-35,Female,4301.0
7173,56-65,Male,3983.0
7174,56-65,Female,9624.0
7175,36-45,Female,2880.0
7176,18-25,Male,1621.0
7177,36-45,Male,7581.0
7178,56-65,Male,5554.0
7179,46-55,Male,8594.0
7180,26-35,Male,7546.0
7181,36-45,Female,7626.0
7182,18-25,Male,1611.0
7183,36-45,Male,13545.0
7184,56-65,Male,3546.0
7185,46-55,Male,14736.0
7186,36-45,Female,3502.0
7187,26-35,Male,4181.0
7188,56-65,Female,2930.0
7189,26-35,Male,3383.0
7190,36-45,Male,12531.0
7191,46-55,Female,8344.0
7192,36-45,Male,1732.0
7193,26-35,Male,1629.0
7194,56-65,Male,5767.0
7195,56-65,Female,6682.0
7196,26-35,Male,4045.0
7197,46-55,Male,4124.0
7198,36-45,Male,6699.0
7199,26-35,Female,3987.0
7200,26-35,Female,4705.0
7201,56-65,Male,5668.0
7202,36-45,Male,9221.0
7203,26-35,Male,2395.0
7204,26-35,Male,9788.0
7205,56-65,Male,4101.0
7206,46-55,Male,7734.0
7207,26-35,Female,5201.0
7208,26-35,Male,1473.0
7209,46-55,Male,15692.0
7210,26-35,Male,1665.0
7211,36-45,Male,4915.0
7212,18-25,Male,7490.0
7213,18-25,Male,2145.0
7214,26-35,Female,5259.0
7215,36-45,Female,2160.0
7216,26-35,Male,14549.0
7217,18-25,Male,1326.0
7218,56-65,Female,3490.0
7219,36-45,Female,6358.0
7220,26-35,Male,2935.0
7221,65+,Female,7681.0
7222,26-35,Male,2561.0
7223,36-45,Male,10491.0
7224,36-45,Male,3503.0
7225,36-45,Male,5557.0
7226,26-35,Male,6032.0
7227,36-45,Male,9219.0
7228,26-35,Male,10856.0
7229,26-35,Male,4715.0
7230,36-45,Male,3557.0
7231,36-45,Male,2600.0
7232,36-45,Female,4886.0
7233,26-35,Male,3374.0
7234,26-35,Male,2486.0
7235,26-35,Male,1395.0
7236,65+,Male,5321.0
7237,36-45,Male,4743.0
7238,26-35,Male,3966.0
7239,26-35,Male,2679.0
7240,26-35,Male,11229.0
7241,26-35,Male,3391.0
7242,26-35,Male,1466.0
7243,36-45,Female,6276.0
7244,26-35,Female,2826.0
7245,46-55,Male,7630.0
7246,36-45,Male,11889.0
7247,56-65,Female,7819.0
7248,36-45,Male,7446.0
7249,26-35,Male,3669.0
7250,36-45,Male,6510.0
7251,26-35,Male,4219.0
7252,26-35,Male,4355.0
7253,26-35,Female,5704.0
7254,46-55,Male,14917.0
7255,56-65,Male,24774.0
7256,36-45,Male,8275.0
7257,26-35,Male,10489.0
7258,18-25,Female,1140.0
7259,46-55,Male,6775.0
7260,26-35,Male,4420.0
7261,36-45,Male,4525.0
7262,26-35,Female,3379.0
7263,65+,Female,7502.0
7264,26-35,Male,7982.0
7265,36-45,Female,28479.0
7266,36-45,Male,6045.0
7267,65+,Male,3562.0
7268,26-35,Female,4150.0
7269,56-65,Male,11649.0
7270,26-35,Female,2227.0
7271,18-25,Female,4388.0
7272,46-55,Male,10852.0
7273,26-35,Male,9297.0
7274,46-55,Male,9064.0
7275,26-35,Female,5455.0
7276,46-55,Male,4363.0
7277,26-35,Female,2375.0
7278,46-55,Female,14702.0
7279,26-35,Female,1790.0
7280,26-35,Male,6495.0
7281,36-45,Male,2523.0
7282,46-55,Male,8088.0
7283,36-45,Male,6080.0
7284,46-55,Male,3155.0
7285,36-45,Male,11383.0
7286,46-55,Male,9577.0
7287,26-35,Female,5085.0
7288,46-55,Female,8204.0
7289,46-55,Male,6192.0
7290,56-65,Male,11079.0
7291,36-45,Male,1996.0
7292,56-65,Male,4889.0
7293,26-35,Male,3489.0
7294,36-45,Male,12305.0
7295,46-55,Female,17584.0
7296,36-45,Female,12299.0
7297,46-55,Male,10939.0
7298,26-35,Male,11057.0
7299,26-35,Male,1741.0
7300,46-55,Male,7744.0
7301,26-35,Male,6482.0
7302,26-35,Female,7111.0
7303,26-35,Male,2847.0
7304,18-25,Male,3210.0
7305,26-35,Male,2348.0
7306,26-35,Male,5033.0
7307,56-65,Male,14250.0
7308,26-35,Male,9101.0
7309,36-45,Male,5019.0
7310,26-35,Male,4760.0
7311,46-55,Male,9187.0
7312,36-45,Male,7944.0
7313,26-35,Male,2094.0
7314,26-35,Male,6631.0
7315,18-25,Male,1956.0
7316,36-45,Male,10817.0
7317,36-45,Female,10868.0
7318,46-55,Female,10127.0
7319,46-55,Male,9032.0
7320,56-65,Female,7886.0
7321,36-45,Female,3446.0
7322,26-35,Male,2562.0
7323,26-35,Male,3181.0
7324,56-65,Female,4826.0
7325,26-35,Male,19250.0
7326,56-65,Male,18500.0
7327,36-45,Male,5890.0
7328,36-45,Male,8891.0
7329,46-55,Female,10133.0
7330,26-35,Male,9209.0
7331,36-45,Male,8363.0
7332,56-65,Male,2332.0
7333,46-55,Female,6157.0
7334,36-45,Male,8410.0
7335,36-45,Male,2761.0
7336,56-65,Male,5244.0
7337,46-55,Male,6239.0
7338,46-55,Male,44907.0
7339,56-65,Male,6329.0
7340,36-45,Male,6054.0
7341,56-65,Male,3328.0
7342,46-55,Male,11010.0
7343,26-35,Male,2687.0
7344,36-45,Male,6063.0
7345,26-35,Female,2201.0
7346,46-55,Female,5556.0
7347,56-65,Male,4428.0
7348,36-45,Male,4194.0
7349,18-25,Female,1378.0
7350,26-35,Female,4406.0
7351,26-35,Male,8593.0
7352,65+,Male,16166.0
7353,26-35,Female,6641.0
7354,18-25,Female,1404.0
7355,26-35,Male,1340.0
7356,26-35,Male,3534.0
7357,26-35,Male,5285.0
7358,26-35,Male,4684.0
7359,26-35,Male,3207.0
7360,36-45,Male,7168.0
7361,26-35,Male,3616.0
7362,46-55,Male,7131.0
7363,56-65,Female,2889.0
7364,26-35,Male,9430.0
7365,56-65,Male,22977.0
7366,36-45,Female,7247.0
7367,26-35,Male,1727.0
7368,26-35,Male,6454.0
7369,36-45,Male,3295.0
7370,26-35,Female,1550.0
7371,26-35,Male,4405.0
7372,26-35,Female,2857.0
7373,36-45,Male,11049.0
7374,26-35,Male,2686.0
7375,18-25,Male,1386.0
7376,36-45,Male,13019.0
7377,26-35,Male,4642.0
7378,56-65,Male,12634.0
7379,36-45,Female,8066.0
7380,36-45,Male,8229.0
7381,46-55,Male,11852.0
7382,56-65,Male,3609.0
7383,26-35,Male,1629.0
7384,18-25,Male,532.0
7385,46-55,Female,8622.0
7386,18-25,Male,1973.0
7387,26-35,Male,4813.0
7388,26-35,Male,7794.0
7389,56-65,Female,4019.0
7390,26-35,Female,4118.0
7391,46-55,Male,9686.0
7392,46-55,Male,15107.0
7393,65+,Male,2656.0
7394,26-35,Male,4374.0
7395,26-35,Male,4525.0
7396,26-35,Male,11388.0
7397,46-55,Male,4823.0
7398,26-35,Female,7134.0
7399,36-45,Male,4398.0
7400,36-45,Male,6124.0
7401,26-35,Male,7269.0
7402,56-65,Male,4709.0
7403,36-45,Male,21763.0
7404,26-35,Male,2355.0
7405,26-35,Male,4079.0
7406,36-45,Female,4587.0
7407,36-45,Female,7160.0
7408,26-35,Female,7872.0
7409,26-35,Male,2541.0
7410,36-45,Male,6919.0
7411,26-35,Female,5320.0
7412,46-55,Female,10955.0
7413,36-45,Male,8408.0
7414,26-35,Female,4605.0
7415,46-55,Male,11881.0
7416,18-25,Male,817.0
7417,26-35,Male,9704.0
7418,18-25,Female,7002.0
7419,46-55,Female,19873.0
7420,36-45,Male,19096.0
7421,65+,Male,3637.0
7422,26-35,Female,3395.0
7423,36-45,Male,17715.0
7424,36-45,Female,16836.0
7425,26-35,Male,5697.0
7426,26-35,Male,2431.0
7427,56-65,Male,5187.0
7428,36-45,Male,4734.0
7429,46-55,Male,13192.0
7430,18-25,Male,1526.0
7431,26-35,Female,9043.0
7432,46-55,Female,16538.0
7433,46-55,Female,7314.0
7434,26-35,Female,2340.0
7435,36-45,Female,6488.0
7436,26-35,Male,4417.0
7437,46-55,Male,8438.0
7438,46-55,Male,11261.0
7439,56-65,Male,10999.0
7440,36-45,Male,7145.0
7441,36-45,Male,6363.0
7442,36-45,Female,9376.0
7443,36-45,Male,10131.0
7444,56-65,Male,4509.0
7445,26-35,Male,6164.0
7446,18-25,Male,3369.0
7447,26-35,Male,3294.0
7448,36-45,Male,3582.0
7449,26-35,Male,2155.0
7450,36-45,Male,21408.0
7451,56-65,Male,6761.0
7452,36-45,Male,5049.0
7453,26-35,Male,6507.0
7454,26-35,Male,4962.0
7455,26-35,Male,2526.0
7456,56-65,Female,2541.0
7457,18-25,Male,1034.0
7458,46-55,Female,4277.0
7459,36-45,Male,7562.0
7460,46-55,Male,5642.0
7461,36-45,Male,5004.0
7462,18-25,Male,13251.0
7463,46-55,Male,12859.0
7464,26-35,Male,2550.0
7465,46-55,Female,10861.0
7466,26-35,Male,18358.0
7467,18-25,Female,1254.0
7468,36-45,Male,4867.0
7469,18-25,Male,2922.0
7470,36-45,Female,6778.0
7471,26-35,Male,2948.0
7472,36-45,Female,10192.0
7473,56-65,Male,8870.0
7474,46-55,Female,6597.0
7475,36-45,Female,6947.0
7476,36-45,Male,5357.0
7477,36-45,Male,4338.0
7478,36-45,Female,5655.0
7479,46-55,Female,6545.0
7480,46-55,Male,11889.0
7481,26-35,Male,2983.0
7482,36-45,Female,6434.0
7483,26-35,Male,5909.0
7484,26-35,Female,5606.0
7485,26-35,Male,2731.0
7486,36-45,Male,14718.0
7487,18-25,Male,1340.0
7488,26-35,Male,2797.0
7489,18-25,Male,1339.0
7490,26-35,Male,2020.0
7491,26-35,Male,5782.0
7492,46-55,Female,10210.0
7493,56-65,Male,3760.0
7494,36-45,Female,3007.0
7495,36-45,Male,10565.0
7496,26-35,Male,2161.0
7497,26-35,Male,2459.0
7498,26-35,Female,1930.0
7499,26-35,Male,4117.0
7500,18-25,Male,1764.0
7501,26-35,Male,11039.0
7502,36-45,Male,9309.0
7503,56-65,Male,8414.0
7504,36-45,Male,3048.0
7505,65+,Female,9764.0
7506,18-25,Male,1266.0
7507,36-45,Male,8562.0
7508,56-65,Male,10642.0
7509,26-35,Male,14581.0
7510,26-35,Male,4773.0
7511,36-45,Female,7810.0
7512,56-65,Male,15303.0
7513,46-55,Male,10258.0
7514,26-35,Male,4671.0
7515,36-45,Male,21236.0
7516,36-45,Female,3461.0
7517,18-25,Male,3289.0
7518,26-35,Male,2629.0
7519,26-35,Male,2614.0
7520,26-35,Female,8107.0
7521,36-45,Male,8060.0
7522,26-35,Male,7166.0
7523,46-55,Male,17098.0
7524,36-45,Male,4450.0
7525,46-55,Male,4468.0
7526,18-25,Male,3942.0
7527,65+,Female,6821.0
7528,26-35,Male,4272.0
7529,26-35,Male,6473.0
7530,65+,Female,10633.0
7531,18-25,Female,1117.0
7532,36-45,Female,17593.0
7533,46-55,Male,2094.0
7534,46-55,Female,5272.0
7535,26-35,Male,2714.0
7536,26-35,Male,5142.0
7537,46-55,Female,10961.0
7538,65+,Male,4870.0
7539,26-35,Male,3778.0
7540,26-35,Female,3516.0
7541,65+,Male,7119.0
7542,26-35,Male,3741.0
7543,36-45,Male,6612.0
7544,26-35,Male,2535.0
7545,36-45,Male,6429.0
7546,46-55,Male,11566.0
7547,26-35,Male,7902.0
7548,26-35,Male,4144.0
7549,36-45,Male,4848.0
7550,26-35,Male,3238.0
7551,36-45,Female,18561.0
7552,36-45,Male,11037.0
7553,36-45,Male,5707.0
7554,18-25,Male,2039.0
7555,36-45,Male,4442.0
7556,46-55,Male,1937.0
7557,26-35,Male,3824.0
7558,46-55,Male,5967.0
7559,36-45,Female,17518.0
7560,56-65,Male,5244.0
7561,46-55,Male,9256.0
7562,26-35,Male,3755.0
7563,26-35,Male,5590.0
7564,26-35,Male,5856.0
7565,26-35,Male,5721.0
7566,26-35,Male,8143.0
7567,36-45,Male,9536.0
7568,26-35,Male,5495.0
7569,46-55,Female,4487.0
7570,36-45,Male,8306.0
7571,36-45,Male,8872.0
7572,26-35,Male,3374.0
7573,26-35,Male,4389.0
7574,36-45,Female,4336.0
7575,36-45,Male,4628.0
7576,36-45,Female,4366.0
7577,26-35,Male,2852.0
7578,26-35,Male,4463.0
7579,18-25,Female,1906.0
7580,26-35,Female,7927.0
7581,26-35,Male,3646.0
7582,65+,Female,6050.0
7583,65+,Female,3597.0
7584,36-45,Female,14364.0
7585,56-65,Male,8120.0
7586,26-35,Male,2033.0
7587,36-45,Male,6120.0
7588,26-35,Male,2249.0
7589,26-35,Male,12297.0
7590,36-45,Male,3050.0
7591,56-65,Male,11887.0
7592,36-45,Male,12487.0
7593,56-65,Male,11151.0
7594,26-35,Male,3874.0
7595,36-45,Male,5943.0
7596,46-55,Male,4954.0
7597,26-35,Female,7437.0
7598,36-45,Male,6114.0
7599,46-55,Male,8434.0
7600,36-45,Male,12442.0
7601,36-45,Male,4462.0
7602,46-55,Male,5720.0
7603,46-55,Male,7522.0
7604,26-35,Female,3627.0
7605,26-35,Male,2326.0
7606,56-65,Male,6795.0
7607,18-25,Female,4005.0
7608,26-35,Male,6330.0
7609,36-45,Female,3974.0
7610,46-55,Female,5643.0
7611,26-35,Male,8758.0
7612,56-65,Female,6051.0
7613,26-35,Male,6225.0
7614,36-45,Male,5981.0
7615,26-35,Male,3879.0
7616,26-35,Female,1601.0
7617,36-45,Male,9203.0
7618,26-35,Male,5040.0
7619,26-35,Male,2129.0
7620,36-45,Male,5797.0
7621,26-35,Male,3952.0
7622,36-45,Male,9894.0
7623,46-55,Male,13227.0
7624,46-55,Male,5863.0
7625,36-45,Male,4101.0
7626,26-35,Female,2955.0
7627,36-45,Male,8120.0
7628,36-45,Male,7903.0
7629,36-45,Male,10645.0
7630,36-45,Male,19044.0
7631,26-35,Male,3984.0
7632,36-45,Male,1740.0
7633,46-55,Female,14801.0
7634,46-55,Male,4008.0
7635,26-35,Female,7899.0
7636,56-65,Male,7122.0
7637,36-45,Female,13098.0
7638,56-65,Male,8908.0
7639,46-55,Female,7668.0
7640,18-25,Male,1992.0
7641,46-55,Female,22417.0
7642,56-65,Female,5945.0
7643,26-35,Female,5611.0
7644,26-35,Male,4118.0
7645,36-45,Male,7673.0
7646,26-35,Male,8232.0
7647,36-45,Male,6940.0
7648,26-35,Male,3490.0
7649,36-45,Female,16499.0
7650,26-35,Male,11750.0
7651,36-45,Male,4648.0
7652,56-65,Female,22018.0
7653,26-35,Male,5231.0
7654,46-55,Female,10566.0
7655,26-35,Female,8449.0
7656,26-35,Male,2987.0
7657,46-55,Female,7967.0
7658,26-35,Male,7859.0
7659,26-35,Male,4275.0
7660,18-25,Male,2513.0
7661,26-35,Female,6601.0
7662,46-55,Female,13652.0
7663,18-25,Female,4389.0
7664,36-45,Male,8903.0
7665,26-35,Male,7177.0
7666,56-65,Male,17513.0
7667,36-45,Female,20525.0
7668,36-45,Male,7255.0
7669,26-35,Female,7702.0
7670,18-25,Male,2630.0
7671,18-25,Female,2272.0
7672,36-45,Male,16982.0
7673,26-35,Male,4660.0
7674,65+,Male,3837.0
7675,26-35,Female,2556.0
7676,18-25,Male,2176.0
7677,26-35,Male,5886.0
7678,18-25,Male,760.0
7679,36-45,Male,4502.0
7680,26-35,Male,5024.0
7681,26-35,Male,4221.0
7682,36-45,Male,3618.0
7683,46-55,Female,4355.0
7684,46-55,Male,8781.0
7685,26-35,Male,4326.0
7686,26-35,Male,1199.0
7687,26-35,Male,4630.0
7688,18-25,Male,1547.0
7689,26-35,Male,5537.0
7690,26-35,Male,3741.0
7691,26-35,Male,6323.0
7692,36-45,Female,8202.0
7693,65+,Male,11414.0
7694,36-45,Female,8992.0
7695,36-45,Male,9379.0
7696,26-35,Male,8341.0
7697,56-65,Female,9955.0
7698,36-45,Female,7868.0
7699,36-45,Male,10729.0
7700,26-35,Male,6500.0
7701,26-35,Female,6774.0
7702,26-35,Female,2860.0
7703,18-25,Male,3844.0
7704,36-45,Male,14296.0
7705,36-45,Female,19105.0
7706,36-45,Male,8585.0
7707,36-45,Male,18364.0
7708,46-55,Male,5355.0
7709,36-45,Male,3957.0
7710,18-25,Male,2698.0
7711,26-35,Male,5486.0
7712,36-45,Male,9302.0
7713,26-35,Male,5821.0
7714,36-45,Male,19428.0
7715,18-25,Male,768.0
7716,46-55,Female,5952.0
7717,18-25,Male,1332.0
7718,56-65,Male,6840.0
7719,26-35,Male,5504.0
7720,26-35,Male,4895.0
7721,36-45,Male,4620.0
7722,36-45,Male,3542.0
7723,26-35,Male,4375.0
7724,18-25,Male,3723.0
7725,36-45,Male,24218.0
7726,18-25,Male,1282.0
7727,36-45,Male,10808.0
7728,36-45,Male,7729.0
7729,26-35,Male,3315.0
7730,26-35,Male,3483.0
7731,46-55,Male,10449.0
7732,18-25,Male,1649.0
7733,36-45,Male,7862.0
7734,36-45,Female,5363.0
7735,26-35,Male,1539.0
7736,36-45,Female,1703.0
7737,46-55,Male,4147.0
7738,56-65,Male,18557.0
7739,26-35,Male,2374.0
7740,46-55,Male,5522.0
7741,26-35,Female,1052.0
7742,65+,Male,4962.0
7743,36-45,Male,4986.0
7744,46-55,Male,9282.0
7745,36-45,Female,12049.0
7746,18-25,Male,774.0
7747,36-45,Male,6096.0
7748,46-55,Female,5149.0
7749,56-65,Male,10563.0
7750,26-35,Female,5108.0
7751,36-45,Female,14193.0
7752,36-45,Female,23649.0
7753,56-65,Male,5381.0
7754,36-45,Male,6398.0
7755,26-35,Male,3757.0
7756,46-55,Female,5698.0
7757,26-35,Male,3279.0
7758,26-35,Male,4128.0
7759,18-25,Male,971.0
7760,36-45,Male,15796.0
7761,26-35,Male,9043.0
7762,56-65,Male,7752.0
7763,26-35,Male,10663.0
7764,46-55,Male,6084.0
7765,26-35,Male,3870.0
7766,36-45,Female,5849.0
7767,26-35,Male,1841.0
7768,46-55,Male,13287.0
7769,26-35,Female,2272.0
7770,26-35,Male,1811.0
7771,26-35,Male,1757.0
7772,46-55,Male,5073.0
7773,56-65,Female,11616.0
7774,56-65,Female,10035.0
7775,65+,Female,5468.0
7776,65+,Male,4158.0
7777,26-35,Male,4312.0
7778,36-45,Male,8192.0
7779,36-45,Male,14892.0
7780,36-45,Female,2855.0
7781,36-45,Male,11543.0
7782,36-45,Female,4367.0
7783,36-45,Male,2971.0
7784,26-35,Male,4408.0
7785,26-35,Male,2721.0
7786,26-35,Female,2315.0
7787,26-35,Male,8036.0
7788,26-35,Female,1843.0
7789,56-65,Male,6447.0
7790,56-65,Male,7736.0
7791,46-55,Male,9535.0
7792,56-65,Male,7901.0
7793,46-55,Male,5096.0
7794,36-45,Male,8375.0
7795,56-65,Male,8282.0
7796,36-45,Male,1678.0
7797,56-65,Male,30546.0
7798,26-35,Male,6997.0
7799,36-45,Male,7084.0
7800,36-45,Female,4245.0
7801,18-25,Male,4643.0
7802,26-35,Female,2016.0
7803,36-45,Male,10666.0
7804,36-45,Male,4346.0
7805,26-35,Female,5761.0
7806,18-25,Male,1268.0
7807,46-55,Female,12119.0
7808,26-35,Male,3902.0
7809,26-35,Male,3151.0
7810,36-45,Female,11609.0
7811,46-55,Male,9005.0
7812,46-55,Male,7776.0
7813,46-55,Male,23863.0
7814,18-25,Male,1664.0
7815,36-45,Male,4091.0
7816,18-25,Male,1890.0
7817,18-25,Female,4394.0
7818,26-35,Female,2371.0
7819,18-25,Male,2837.0
7820,46-55,Female,5615.0
7821,26-35,Female,5329.0
7822,18-25,Male,3503.0
7823,26-35,Male,3530.0
7824,56-65,Male,37995.0
7825,36-45,Male,5041.0
7826,26-35,Female,5621.0
7827,46-55,Male,13977.0
7828,26-35,Male,2647.0
7829,46-55,Female,4434.0
7830,46-55,Female,10665.0
7831,26-35,Male,3756.0
7832,36-45,Male,10139.0
7833,36-45,Female,5970.0
7834,36-45,Male,6486.0
7835,26-35,Female,6190.0
7836,56-65,Male,9142.0
7837,46-55,Male,8993.0
7838,26-35,Male,6033.0
7839,26-35,Male,1822.0
7840,18-25,Male,7580.0
7841,18-25,Male,3927.0
7842,26-35,Male,10647.0
7843,26-35,Male,7528.0
7844,36-45,Male,4185.0
7845,46-55,Male,21337.0
7846,18-25,Male,1832.0
7847,36-45,Male,10075.0
7848,36-45,Male,9275.0
7849,46-55,Male,7133.0
7850,46-55,Male,6969.0
7851,36-45,Male,11478.0
7852,46-55,Male,14251.0
7853,36-45,Male,5187.0
7854,46-55,Male,9236.0
7855,36-45,Male,4250.0
7856,36-45,Male,7374.0
7857,26-35,Male,7047.0
7858,56-65,Male,12907.0
7859,36-45,Male,13190.0
7860,46-55,Male,4683.0
7861,26-35,Male,3575.0
7862,36-45,Male,9398.0
7863,56-65,Female,8090.0
7864,36-45,Male,8495.0
7865,26-35,Male,2057.0
7866,26-35,Male,1826.0
7867,56-65,Male,9529.0
7868,46-55,Male,7694.0
7869,46-55,Male,11532.0
7870,65+,Female,4608.0
7871,56-65,Male,10137.0
7872,36-45,Male,4156.0
7873,36-45,Female,6230.0
7874,26-35,Female,2783.0
7875,46-55,Male,8528.0
7876,26-35,Male,3711.0
7877,26-35,Male,8976.0
7878,36-45,Male,5322.0
7879,26-35,Male,3576.0
7880,36-45,Male,15622.0
7881,46-55,Male,13005.0
7882,36-45,Female,9489.0
7883,46-55,Male,8889.0
7884,36-45,Male,8142.0
7885,46-55,Male,12931.0
7886,26-35,Male,2507.0
7887,56-65,Female,10440.0
7888,26-35,Male,9297.0
7889,26-35,Male,2893.0
7890,46-55,Male,12711.0
7891,56-65,Male,3942.0
7892,36-45,Female,2830.0
7893,46-55,Male,2661.0
7894,26-35,Female,918.0
7895,26-35,Male,11753.0
7896,56-65,Male,9773.0
7897,26-35,Male,3492.0
7898,36-45,Male,9142.0
7899,26-35,Male,3965.0
7900,36-45,Male,7413.0
7901,46-55,Male,7280.0
7902,36-45,Male,21085.0
7903,46-55,Male,11674.0
7904,26-35,Male,4240.0
7905,36-45,Male,7720.0
7906,26-35,Male,9467.0
7907,56-65,Male,5441.0
7908,26-35,Female,3662.0
7909,36-45,Male,5964.0
7910,46-55,Male,3300.0
7911,36-45,Male,7150.0
7912,36-45,Male,11374.0
7913,36-45,Female,2516.0
7914,18-25,Male,1681.0
7915,36-45,Male,11276.0
7916,18-25,Male,3195.0
7917,56-65,Male,3773.0
7918,36-45,Male,5669.0
7919,36-45,Male,10134.0
7920,46-55,Male,6095.0
7921,46-55,Male,7881.0
7922,46-55,Male,12931.0
7923,26-35,Male,9981.0
7924,46-55,Male,8813.0
7925,26-35,Male,4691.0
7926,36-45,Female,8782.0
7927,36-45,Male,7298.0
7928,26-35,Male,8783.0
7929,46-55,Male,9158.0
7930,46-55,Male,7905.0
7931,26-35,Male,7434.0
7932,46-55,Female,10869.0
7933,46-55,Male,5694.0
7934,26-35,Male,7954.0
7935,46-55,Female,13923.0
7936,18-25,Male,2837.0
7937,56-65,Male,5900.0
7938,26-35,Female,3199.0
7939,65+,Male,6073.0
7940,26-35,Female,6860.0
7941,26-35,Male,6176.0
7942,26-35,Male,778.0
7943,26-35,Male,2378.0
7944,26-35,Female,4116.0
7945,46-55,Male,4016.0
7946,26-35,Male,5207.0
7947,36-45,Male,7350.0
7948,26-35,Male,4130.0
7949,46-55,Male,8801.0
7950,26-35,Male,2423.0
7951,36-45,Male,3408.0
7952,36-45,Male,22768.0
7953,36-45,Female,6594.0
7954,56-65,Male,11025.0
7955,26-35,Male,8215.0
7956,36-45,Male,2270.0
7957,36-45,Male,8723.0
7958,36-45,Female,5754.0
7959,46-55,Male,14536.0
7960,46-55,Male,12285.0
7961,18-25,Female,896.0
7962,65+,Male,2842.0
7963,18-25,Male,3313.0
7964,18-25,Male,1515.0
7965,46-55,Male,7442.0
7966,36-45,Male,7104.0
7967,36-45,Male,3392.0
7968,46-55,Female,3269.0
7969,26-35,Male,13072.0
7970,18-25,Male,2664.0
7971,26-35,Female,3698.0
7972,36-45,Male,10454.0
7973,26-35,Male,2136.0
7974,46-55,Female,11947.0
7975,46-55,Male,6276.0
7976,26-35,Female,4363.0
7977,26-35,Male,2066.0
7978,56-65,Male,8867.0
7979,46-55,Female,13584.0
7980,46-55,Male,16300.0
7981,36-45,Male,12768.0
7982,56-65,Male,20343.0
7983,26-35,Male,2584.0
7984,26-35,Male,2445.0
7985,36-45,Female,2457.0
7986,26-35,Male,3621.0
7987,46-55,Male,6817.0
7988,36-45,Female,5726.0
7989,26-35,Male,1475.0
7990,56-65,Male,4442.0
7991,26-35,Male,6860.0
7992,26-35,Female,4197.0
7993,26-35,Male,4088.0
7994,26-35,Male,3004.0
7995,26-35,Female,1591.0
7996,36-45,Male,3171.0
7997,26-35,Male,1554.0
7998,26-35,Male,4880.0
7999,26-35,Male,3072.0
8000,36-45,Male,19732.0
8001,46-55,Female,7891.0
8002,56-65,Male,5431.0
8003,18-25,Male,2881.0
8004,46-55,Male,2918.0
8005,36-45,Female,6062.0
8006,26-35,Male,3663.0
8007,18-25,Male,2316.0
8008,36-45,Male,5266.0
8009,26-35,Female,5273.0
8010,36-45,Male,17880.0
8011,36-45,Male,4967.0
8012,26-35,Female,1897.0
8013,46-55,Male,7939.0
8014,46-55,Female,10799.0
8015,56-65,Male,6837.0
8016,26-35,Male,2466.0
8017,18-25,Female,4977.0
8018,26-35,Male,7348.0
8019,36-45,Female,5895.0
8020,56-65,Male,11904.0
8021,46-55,Male,9037.0
8022,26-35,Female,4331.0
8023,26-35,Male,10504.0
8024,46-55,Male,33901.0
8025,26-35,Male,10491.0
8026,26-35,Female,5072.0
8027,56-65,Male,11034.0
8028,26-35,Male,1985.0
8029,46-55,Male,9246.0
8030,26-35,Male,7136.0
8031,18-25,Male,1954.0
8032,36-45,Male,5179.0
8033,26-35,Male,3071.0
8034,46-55,Male,9514.0
8035,26-35,Female,2219.0
8036,26-35,Male,2732.0
8037,56-65,Male,6138.0
8038,36-45,Male,7719.0
8039,26-35,Male,4600.0
8040,46-55,Male,8704.0
8041,36-45,Male,12630.0
8042,36-45,Male,8072.0
8043,36-45,Male,6805.0
8044,36-45,Male,5545.0
8045,26-35,Male,12716.0
8046,46-55,Male,8583.0
8047,36-45,Male,2204.0
8048,18-25,Male,4620.0
8049,26-35,Female,6988.0
8050,56-65,Male,7622.0
8051,56-65,Male,3106.0
8052,18-25,Female,2142.0
8053,56-65,Male,4681.0
8054,26-35,Female,4395.0
8055,46-55,Male,8624.0
8056,26-35,Male,2052.0
8057,56-65,Male,7450.0
8058,26-35,Female,2580.0
8059,26-35,Female,5393.0
8060,36-45,Male,6558.0
8061,18-25,Male,1040.0
8062,36-45,Male,1795.0
8063,46-55,Female,10946.0
8064,26-35,Male,2205.0
8065,26-35,Male,6773.0
8066,26-35,Male,3127.0
8067,26-35,Female,5868.0
8068,36-45,Female,17403.0
8069,26-35,Male,5466.0
8070,36-45,Male,5820.0
8071,46-55,Male,14189.0
8072,46-55,Female,2716.0
8073,26-35,Male,2946.0
8074,36-45,Female,7860.0
8075,36-45,Male,6948.0
8076,26-35,Female,3765.0
8077,26-35,Male,6626.0
8078,36-45,Male,6976.0
8079,18-25,Male,2695.0
8080,36-45,Female,10395.0
8081,56-65,Female,6107.0
8082,36-45,Male,5189.0
8083,26-35,Female,6696.0
8084,18-25,Female,5426.0
8085,36-45,Female,6966.0
8086,36-45,Female,3019.0
8087,26-35,Female,6669.0
8088,36-45,Female,3277.0
8089,36-45,Male,14936.0
8090,36-45,Male,18844.0
8091,36-45,Male,9808.0
8092,26-35,Male,5062.0
8093,26-35,Male,2791.0
8094,26-35,Male,2828.0
8095,36-45,Male,6475.0
8096,26-35,Male,4071.0
8097,46-55,Female,21160.0
8098,36-45,Male,6326.0
8099,36-45,Male,7857.0
8100,65+,Female,7759.0
8101,46-55,Male,11685.0
8102,36-45,Male,2201.0
8103,26-35,Male,3723.0
8104,46-55,Male,20470.0
8105,36-45,Male,2831.0
8106,26-35,Male,12769.0
8107,26-35,Male,11632.0
8108,36-45,Female,17967.0
8109,36-45,Male,14509.0
8110,26-35,Male,3298.0
8111,26-35,Male,8189.0
8112,46-55,Male,11757.0
8113,26-35,Male,9024.0
8114,56-65,Male,6994.0
8115,46-55,Male,23875.0
8116,26-35,Male,4526.0
8117,36-45,Female,4129.0
8118,26-35,Male,3307.0
8119,36-45,Female,6917.0
8120,18-25,Male,1605.0
8121,26-35,Male,3068.0
8122,56-65,Female,6059.0
8123,36-45,Male,6684.0
8124,36-45,Female,6188.0
8125,46-55,Male,16415.0
8126,46-55,Female,6121.0
8127,46-55,Female,12165.0
8128,36-45,Male,4670.0
8129,65+,Male,10776.0
8130,36-45,Male,14588.0
8131,26-35,Male,7569.0
8132,46-55,Male,9943.0
8133,36-45,Male,6796.0
8134,36-45,Male,5932.0
8135,36-45,Male,3703.0
8136,56-65,Male,9261.0
8137,26-35,Female,2996.0
8138,56-65,Female,7514.0
8139,36-45,Male,4986.0
8140,26-35,Male,2832.0
8141,56-65,Male,3449.0
8142,36-45,Male,8727.0
8143,26-35,Male,12964.0
8144,26-35,Male,7750.0
8145,36-45,Male,6560.0
8146,36-45,Male,5052.0
8147,36-45,Male,8731.0
8148,18-25,Female,1312.0
8149,56-65,Male,13156.0
8150,46-55,Male,6941.0
8151,56-65,Male,4676.0
8152,56-65,Male,5352.0
8153,36-45,Male,3992.0
8154,26-35,Male,1946.0
8155,26-35,Male,1935.0
8156,36-45,Male,5821.0
8157,18-25,Male,5154.0
8158,36-45,Male,8294.0
8159,26-35,Male,2260.0
8160,36-45,Male,13427.0
8161,46-55,Male,5022.0
8162,65+,Male,5462.0
8163,18-25,Male,2235.0
8164,56-65,Male,7256.0
8165,46-55,Female,7929.0
8166,56-65,Male,5590.0
8167,46-55,Female,6776.0
8168,26-35,Female,6527.0
8169,46-55,Female,13076.0
8170,56-65,Female,5280.0
8171,18-25,Male,4532.0
8172,36-45,Male,2617.0
8173,36-45,Male,8547.0
8174,18-25,Male,3481.0
8175,26-35,Male,7548.0
8176,36-45,Male,6281.0
8177,56-65,Male,6243.0
8178,46-55,Male,6110.0
8179,46-55,Female,12391.0
8180,26-35,Male,3573.0
8181,56-65,Male,20372.0
8182,26-35,Male,3290.0
8183,26-35,Male,8265.0
8184,36-45,Male,7616.0
8185,56-65,Male,6129.0
8186,56-65,Male,5415.0
8187,36-45,Female,8170.0
8188,56-65,Male,9059.0
8189,18-25,Male,5844.0
8190,26-35,Male,4530.0
8191,18-25,Male,2984.0
8192,36-45,Male,7475.0
8193,26-35,Male,5003.0
8194,26-35,Male,2759.0
8195,26-35,Female,1767.0
8196,46-55,Male,15549.0
8197,18-25,Male,3540.0
8198,56-65,Male,3978.0
8199,36-45,Female,16430.0
8200,36-45,Male,13403.0
8201,36-45,Male,7857.0
8202,65+,Male,3077.0
8203,46-55,Male,12231.0
8204,26-35,Male,8065.0
8205,36-45,Male,9108.0
8206,46-55,Male,5082.0
8207,46-55,Male,14999.0
8208,46-55,Male,3554.0
8209,46-55,Male,29080.0
8210,26-35,Male,4137.0
8211,36-45,Female,2029.0
8212,36-45,Male,7461.0
8213,36-45,Female,7864.0
8214,46-55,Male,9012.0
8215,46-55,Male,11075.0
8216,26-35,Male,3622.0
8217,26-35,Male,1809.0
8218,36-45,Male,13537.0
8219,56-65,Male,10955.0
8220,26-35,Male,3957.0
8221,46-55,Male,9658.0
8222,65+,Male,2858.0
8223,26-35,Male,7522.0
8224,26-35,Male,5154.0
8225,26-35,Male,2594.0
8226,36-45,Female,6693.0
8227,36-45,Male,3379.0
8228,26-35,Male,5184.0
8229,18-25,Male,1373.0
8230,18-25,Male,5019.0
8231,26-35,Male,4671.0
8232,18-25,Male,5892.0
8233,36-45,Male,16576.0
8234,26-35,Female,16761.0
8235,36-45,Female,3964.0
8236,36-45,Male,9798.0
8237,46-55,Male,5214.0
8238,36-45,Male,12054.0
8239,26-35,Female,5173.0
8240,26-35,Male,2203.0
8241,46-55,Male,8640.0
8242,56-65,Male,7902.0
8243,18-25,Male,4775.0
8244,26-35,Male,5367.0
8245,26-35,Male,3258.0
8246,36-45,Male,6201.0
8247,36-45,Female,12671.0
8248,26-35,Male,1949.0
8249,36-45,Male,4789.0
8250,36-45,Male,8137.0
8251,46-55,Male,6127.0
8252,26-35,Male,4166.0
8253,46-55,Male,13169.0
8254,26-35,Male,4288.0
8255,46-55,Female,6631.0
8256,36-45,Female,11126.0
8257,65+,Female,9287.0
8258,26-35,Female,1783.0
8259,36-45,Male,6934.0
8260,26-35,Male,2195.0
8261,26-35,Male,9282.0
8262,26-35,Male,4126.0
8263,26-35,Male,2858.0
8264,26-35,Female,11535.0
8265,26-35,Male,4708.0
8266,36-45,Male,7387.0
8267,26-35,Male,4574.0
8268,46-55,Female,14574.0
8269,36-45,Female,10865.0
8270,18-25,Male,1607.0
8271,36-45,Male,5144.0
8272,26-35,Male,6864.0
8273,26-35,Male,2459.0
8274,26-35,Female,3266.0
8275,26-35,Male,5073.0
8276,26-35,Female,3432.0
8277,46-55,Male,4929.0
8278,46-55,Male,11673.0
8279,26-35,Male,2086.0
8280,26-35,Male,6425.0
8281,26-35,Female,5783.0
8282,36-45,Male,10419.0
8283,18-25,Male,2843.0
8284,26-35,Male,8132.0
8285,26-35,Female,2831.0
8286,36-45,Male,4487.0
8287,36-45,Female,6342.0
8288,36-45,Male,2626.0
8289,56-65,Female,14170.0
8290,36-45,Male,3089.0
8291,36-45,Male,9127.0
8292,56-65,Female,9348.0
8293,26-35,Female,5346.0
8294,36-45,Male,13151.0
8295,36-45,Male,15407.0
8296,36-45,Female,2164.0
8297,36-45,Female,14979.0
8298,18-25,Male,3819.0
8299,56-65,Male,3659.0
8300,65+,Female,11047.0
8301,26-35,Male,5767.0
8302,56-65,Male,2185.0
8303,46-55,Female,6292.0
8304,46-55,Male,7328.0
8305,36-45,Female,2190.0
8306,56-65,Male,4407.0
8307,36-45,Male,8110.0
8308,56-65,Female,9207.0
8309,36-45,Female,2223.0
8310,26-35,Male,9149.0
8311,18-25,Male,2022.0
8312,36-45,Male,5176.0
8313,46-55,Male,3334.0
8314,26-35,Male,3926.0
8315,26-35,Female,6996.0
8316,36-45,Male,8283.0
8317,46-55,Female,3842.0
8318,36-45,Male,9378.0
8319,36-45,Male,13356.0
8320,36-45,Female,8627.0
8321,56-65,Male,5125.0
8322,56-65,Female,5383.0
8323,36-45,Female,5713.0
8324,26-35,Male,5218.0
8325,36-45,Male,2100.0
8326,36-45,Male,9907.0
8327,36-45,Male,4192.0
8328,36-45,Female,8814.0
8329,26-35,Male,4565.0
8330,46-55,Female,13443.0
8331,26-35,Male,5055.0
8332,36-45,Male,9467.0
8333,26-35,Female,7028.0
8334,18-25,Male,2460.0
8335,36-45,Male,3243.0
8336,26-35,Male,2179.0
8337,26-35,Female,1698.0
8338,18-25,Male,3544.0
8339,46-55,Female,7188.0
8340,18-25,Female,2963.0
8341,36-45,Female,11526.0
8342,46-55,Male,5738.0
8343,65+,Male,3032.0
8344,26-35,Female,4236.0
8345,36-45,Male,5013.0
8346,36-45,Male,9669.0
8347,46-55,Male,11068.0
8348,18-25,Female,5565.0
8349,26-35,Male,5002.0
8350,46-55,Female,18291.0
8351,56-65,Male,7511.0
8352,36-45,Female,4152.0
8353,56-65,Male,6786.0
8354,36-45,Male,2818.0
8355,56-65,Male,6470.0
8356,26-35,Male,7625.0
8357,26-35,Male,3802.0
8358,26-35,Female,3578.0
8359,56-65,Female,5847.0
8360,65+,Male,3365.0
8361,36-45,Male,3094.0
8362,26-35,Female,13544.0
8363,65+,Male,9426.0
8364,65+,Male,4408.0
8365,46-55,Female,11935.0
8366,26-35,Male,12876.0
8367,56-65,Female,4458.0
8368,56-65,Female,4878.0
8369,36-45,Male,7403.0
8370,26-35,Female,2208.0
8371,36-45,Female,8253.0
8372,26-35,Male,1873.0
8373,26-35,Male,6697.0
8374,26-35,Female,2702.0
8375,36-45,Male,3989.0
8376,18-25,Female,4957.0
8377,46-55,Male,6933.0
8378,18-25,Male,2331.0
8379,46-55,Male,4220.0
8380,26-35,Female,12603.0
8381,18-25,Male,740.0
8382,36-45,Female,11048.0
8383,36-45,Male,4520.0
8384,26-35,Male,7789.0
8385,26-35,Female,3618.0
8386,36-45,Male,5681.0
8387,36-45,Male,4226.0
8388,26-35,Female,1837.0
8389,46-55,Female,8597.0
8390,18-25,Male,2883.0
8391,36-45,Male,4943.0
8392,46-55,Female,10551.0
8393,36-45,Male,16623.0
8394,46-55,Male,11790.0
8395,36-45,Male,7367.0
8396,56-65,Male,8056.0
8397,18-25,Male,2626.0
8398,18-25,Male,599.0
8399,46-55,Male,10062.0
8400,56-65,Female,6020.0
8401,36-45,Male,5387.0
8402,26-35,Male,1952.0
8403,26-35,Male,4792.0
8404,18-25,Male,2304.0
8405,26-35,Male,1700.0
8406,26-35,Female,6708.0
8407,46-55,Male,5755.0
8408,36-45,Female,9973.0
8409,46-55,Male,7701.0
8410,18-25,Female,2130.0
8411,46-55,Male,10508.0
8412,36-45,Male,4602.0
8413,26-35,Male,2160.0
8414,65+,Male,7568.0
8415,36-45,Male,6224.0
8416,36-45,Male,5636.0
8417,46-55,Male,16418.0
8418,36-45,Male,5950.0
8419,56-65,Male,7275.0
8420,26-35,Female,6644.0
8421,18-25,Male,1885.0
8422,18-25,Female,2170.0
8423,18-25,Male,4817.0
8424,36-45,Male,3995.0
8425,18-25,Male,3015.0
8426,36-45,Male,1723.0
8427,36-45,Female,7466.0
8428,56-65,Male,4164.0
8429,56-65,Male,6198.0
8430,26-35,Male,5542.0
8431,26-35,Male,1862.0
8432,36-45,Male,5323.0
8433,36-45,Male,4759.0
8434,65+,Female,4310.0
8435,36-45,Male,6336.0
8436,46-55,Male,6703.0
8437,36-45,Male,5290.0
8438,36-45,Female,6684.0
8439,36-45,Male,10902.0
8440,26-35,Male,1466.0
8441,18-25,Male,3113.0
8442,36-45,Male,13320.0
8443,26-35,Male,9051.0
8444,46-55,Female,13817.0
8445,36-45,Male,4204.0
8446,26-35,Male,2653.0
8447,26-35,Male,6983.0
8448,26-35,Male,2122.0
8449,26-35,Male,1877.0
8450,26-35,Female,3009.0
8451,18-25,Male,3082.0
8452,36-45,Female,9854.0
8453,26-35,Male,8685.0
8454,36-45,Female,4584.0
8455,36-45,Male,13054.0
8456,46-55,Male,6563.0
8457,26-35,Female,6484.0
8458,56-65,Male,11881.0
8459,46-55,Male,6480.0
8460,36-45,Male,3078.0
8461,46-55,Male,8537.0
8462,26-35,Female,5555.0
8463,26-35,Male,11431.0
8464,56-65,Male,7165.0
8465,56-65,Male,17420.0
8466,36-45,Male,9946.0
8467,36-45,Female,7152.0
8468,46-55,Male,10790.0
8469,56-65,Male,9119.0
8470,36-45,Male,7295.0
8471,26-35,Female,4771.0
8472,36-45,Female,4840.0
8473,56-65,Male,5456.0
8474,46-55,Male,10790.0
8475,46-55,Male,4362.0
8476,56-65,Female,7994.0
8477,36-45,Female,9537.0
8478,36-45,Male,14959.0
8479,36-45,Male,7067.0
8480,26-35,Male,3214.0
8481,46-55,Female,2591.0
8482,18-25,Female,2270.0
8483,36-45,Female,6295.0
8484,26-35,Male,2681.0
8485,18-25,Female,1435.0
8486,26-35,Male,5772.0
8487,18-25,Male,2761.0
8488,26-35,Female,14613.0
8489,26-35,Male,2488.0
8490,36-45,Male,19261.0
8491,36-45,Female,5213.0
8492,26-35,Male,4128.0
8493,46-55,Male,6492.0
8494,65+,Male,9400.0
8495,26-35,Male,4519.0
8496,56-65,Female,3380.0
8497,36-45,Male,4362.0
8498,46-55,Female,12457.0
8499,46-55,Male,5100.0
8500,36-45,Male,9031.0
8501,26-35,Male,2767.0
8502,26-35,Male,1743.0
8503,26-35,Male,5211.0
8504,65+,Male,3393.0
8505,56-65,Male,20785.0
8506,26-35,Female,5716.0
8507,18-25,Male,2622.0
8508,26-35,Female,4933.0
8509,36-45,Male,3564.0
8510,26-35,Female,4800.0
8511,36-45,Male,8773.0
8512,26-35,Female,3769.0
8513,26-35,Male,2502.0
8514,56-65,Male,6042.0
8515,26-35,Male,10631.0
8516,46-55,Female,5560.0
8517,18-25,Male,4809.0
8518,18-25,Male,1662.0
8519,36-45,Male,4369.0
8520,46-55,Female,11769.0
8521,26-35,Male,5400.0
8522,26-35,Male,2875.0
8523,46-55,Male,3603.0
8524,46-55,Female,5020.0
8525,26-35,Male,8363.0
8526,26-35,Female,4495.0
8527,18-25,Male,2017.0
8528,46-55,Female,5742.0
8529,46-55,Female,7178.0
8530,36-45,Male,2219.0
8531,26-35,Male,6029.0
8532,46-55,Male,16417.0
8533,26-35,Male,2747.0
8534,26-35,Male,6958.0
8535,26-35,Female,3423.0
8536,56-65,Female,9604.0
8537,56-65,Male,13839.0
8538,46-55,Male,10327.0
8539,26-35,Male,2964.0
8540,26-35,Male,6629.0
8541,36-45,Male,2119.0
8542,26-35,Male,6056.0
8543,46-55,Male,4948.0
8544,18-25,Male,14193.0
8545,18-25,Male,1490.0
8546,18-25,Male,1368.0
8547,56-65,Female,5610.0
8548,36-45,Male,7064.0
8549,36-45,Male,22041.0
8550,18-25,Male,1088.0
8551,56-65,Male,17656.0
8552,65+,Male,7953.0
8553,18-25,Male,2169.0
8554,56-65,Male,5239.0
8555,18-25,Male,3227.0
8556,36-45,Male,9087.0
8557,65+,Female,4387.0
8558,26-35,Female,1957.0
8559,26-35,Male,2081.0
8560,36-45,Male,5082.0
8561,36-45,Female,2343.0
8562,46-55,Male,2975.0
8563,26-35,Male,887.0
8564,56-65,Female,10326.0
8565,36-45,Male,3669.0
8566,36-45,Male,3628.0
8567,36-45,Male,3552.0
8568,26-35,Female,5415.0
8569,46-55,Female,6255.0
8570,26-35,Male,6705.0
8571,46-55,Male,12087.0
8572,26-35,Male,6180.0
8573,26-35,Male,8609.0
8574,26-35,Male,2560.0
8575,36-45,Male,8891.0
8576,26-35,Female,6316.0
8577,26-35,Male,8959.0
8578,56-65,Male,8548.0
8579,46-55,Male,5777.0
8580,46-55,Female,9394.0
8581,36-45,Male,9996.0
8582,26-35,Male,2647.0
8583,18-25,Male,1145.0
8584,26-35,Male,5432.0
8585,46-55,Female,4153.0
8586,18-25,Male,1597.0
8587,26-35,Male,3117.0
8588,18-25,Male,5447.0
8589,26-35,Male,1697.0
8590,65+,Male,2523.0
8591,65+,Male,19980.0
8592,36-45,Male,8665.0
8593,26-35,Male,5867.0
8594,56-65,Male,10752.0
8595,18-25,Male,2755.0
8596,56-65,Female,10695.0
8597,56-65,Male,5285.0
8598,46-55,Female,9037.0
8599,26-35,Male,1962.0
8600,46-55,Male,28317.0
8601,56-65,Male,4930.0
8602,56-65,Male,3621.0
8603,26-35,Female,3029.0
8604,36-45,Male,3266.0
8605,65+,Female,7757.0
8606,18-25,Female,2796.0
8607,36-45,Male,9128.0
8608,36-45,Male,3678.0
8609,46-55,Male,13625.0
8610,26-35,Male,8328.0
8611,26-35,Male,9818.0
8612,36-45,Male,5748.0
8613,26-35,Male,5309.0
8614,46-55,Male,14830.0
8615,26-35,Male,9769.0
8616,36-45,Male,9268.0
8617,36-45,Female,3977.0
8618,26-35,Male,7387.0
8619,46-55,Female,8654.0
8620,26-35,Male,1377.0
8621,56-65,Male,14743.0
8622,18-25,Male,3476.0
8623,36-45,Male,7327.0
8624,46-55,Male,15112.0
8625,26-35,Female,4191.0
8626,18-25,Male,3523.0
8627,46-55,Male,12583.0
8628,36-45,Male,4867.0
8629,26-35,Male,1042.0
8630,56-65,Female,16799.0
8631,36-45,Female,17631.0
8632,26-35,Male,4764.0
8633,36-45,Male,7232.0
8634,65+,Male,7027.0
8635,36-45,Female,6620.0
8636,36-45,Male,11925.0
8637,26-35,Male,5210.0
8638,36-45,Female,4812.0
8639,26-35,Male,5793.0
8640,46-55,Female,11407.0
8641,36-45,Male,3438.0
8642,36-45,Female,5697.0
8643,26-35,Male,2831.0
8644,56-65,Male,6670.0
8645,26-35,Male,5765.0
8646,46-55,Female,9086.0
8647,26-35,Male,4718.0
8648,26-35,Male,5765.0
8649,46-55,Male,10544.0
8650,65+,Female,9377.0
8651,26-35,Male,1941.0
8652,36-45,Female,13177.0
8653,46-55,Male,2091.0
8654,36-45,Male,8446.0
8655,36-45,Male,15825.0
8656,46-55,Male,7487.0
8657,26-35,Female,8981.0
8658,26-35,Female,5817.0
8659,26-35,Male,4879.0
8660,36-45,Male,4699.0
8661,36-45,Male,4595.0
8662,56-65,Male,15685.0
8663,36-45,Male,11770.0
8664,26-35,Male,1848.0
8665,26-35,Male,6270.0
8666,46-55,Male,3936.0
8667,46-55,Female,7276.0
8668,18-25,Male,2873.0
8669,36-45,Male,6026.0
8670,36-45,Male,3114.0
8671,46-55,Female,13090.0
8672,56-65,Male,2251.0
8673,46-55,Female,15913.0
8674,26-35,Female,4901.0
8675,36-45,Female,14433.0
8676,46-55,Male,10306.0
8677,26-35,Male,3601.0
8678,36-45,Male,10244.0
8679,56-65,Male,11696.0
8680,36-45,Male,5589.0
8681,26-35,Male,6343.0
8682,18-25,Male,1111.0
8683,36-45,Female,21990.0
8684,46-55,Male,13728.0
8685,36-45,Male,4943.0
8686,26-35,Male,2571.0
8687,26-35,Male,3611.0
8688,26-35,Female,7905.0
8689,36-45,Female,4423.0
8690,65+,Male,3700.0
8691,36-45,Male,3313.0
8692,26-35,Male,1488.0
8693,26-35,Female,5266.0
8694,46-55,Male,6909.0
8695,26-35,Male,6659.0
8696,36-45,Female,3733.0
8697,46-55,Male,7310.0
8698,65+,Male,9516.0
8699,36-45,Male,4339.0
8700,46-55,Female,8459.0
8701,56-65,Female,6273.0
8702,56-65,Male,5240.0
8703,26-35,Male,2585.0
8704,26-35,Female,11038.0
8705,36-45,Male,4538.0
8706,18-25,Male,1585.0
8707,36-45,Male,3938.0
8708,26-35,Male,1341.0
8709,36-45,Male,6036.0
8710,36-45,Female,8803.0
8711,36-45,Male,6093.0
8712,36-45,Female,6485.0
8713,46-55,Male,13811.0
8714,36-45,Male,4582.0
8715,26-35,Female,4245.0
8716,26-35,Female,3056.0
8717,26-35,Male,10185.0
8718,26-35,Male,1722.0
8719,65+,Female,5632.0
8720,56-65,Male,5280.0
8721,56-65,Male,6952.0
8722,36-45,Male,6493.0
8723,36-45,Male,7848.0
8724,46-55,Male,14103.0
8725,46-55,Male,18372.0
8726,46-55,Male,4095.0
8727,18-25,Male,4073.0
8728,26-35,Male,2509.0
8729,26-35,Male,1971.0
8730,46-55,Female,8874.0
8731,46-55,Male,16710.0
8732,18-25,Female,5524.0
8733,36-45,Male,6899.0
8734,65+,Female,11959.0
8735,36-45,Male,6430.0
8736,46-55,Female,5940.0
8737,36-45,Male,2765.0
8738,65+,Male,4365.0
8739,26-35,Male,1527.0
8740,18-25,Male,1712.0
8741,26-35,Male,9533.0
8742,26-35,Female,4710.0
8743,46-55,Male,8870.0
8744,18-25,Male,993.0
8745,36-45,Male,8638.0
8746,26-35,Male,2984.0
8747,26-35,Female,5614.0
8748,46-55,Male,8694.0
8749,46-55,Female,5133.0
8750,18-25,Male,947.0
8751,26-35,Male,2768.0
8752,26-35,Female,6395.0
8753,46-55,Male,15562.0
8754,26-35,Male,3442.0
8755,36-45,Male,5562.0
8756,36-45,Male,3419.0
8757,26-35,Male,2865.0
8758,36-45,Male,9154.0
8759,36-45,Female,8921.0
8760,46-55,Female,3913.0
8761,26-35,Male,2350.0
8762,36-45,Female,8655.0
8763,26-35,Male,2763.0
8764,36-45,Female,9537.0
8765,36-45,Male,3884.0
8766,26-35,Male,1594.0
8767,26-35,Male,4528.0
8768,26-35,Male,4089.0
8769,46-55,Male,22593.0
8770,26-35,Male,5215.0
8771,18-25,Male,1076.0
8772,26-35,Female,4125.0
8773,36-45,Female,4551.0
8774,65+,Male,3429.0
8775,26-35,Male,4047.0
8776,36-45,Male,3199.0
8777,36-45,Male,16351.0
8778,26-35,Female,4087.0
8779,26-35,Male,8353.0
8780,36-45,Male,4830.0
8781,18-25,Male,2068.0
8782,26-35,Male,4661.0
8783,56-65,Male,9420.0
8784,26-35,Male,8295.0
8785,36-45,Male,3668.0
8786,46-55,Male,5960.0
8787,36-45,Male,5121.0
8788,18-25,Female,1567.0
8789,18-25,Male,3856.0
8790,26-35,Male,19617.0
8791,36-45,Male,18075.0
8792,36-45,Male,3343.0
8793,36-45,Male,4048.0
8794,26-35,Male,4552.0
8795,26-35,Male,3498.0
8796,26-35,Male,3219.0
8797,18-25,Male,2396.0
8798,26-35,Female,2633.0
8799,36-45,Male,9546.0
8800,36-45,Female,5157.0
8801,46-55,Male,9260.0
8802,36-45,Male,7830.0
8803,46-55,Male,3677.0
8804,26-35,Female,3960.0
8805,36-45,Male,9317.0
8806,46-55,Male,10133.0
8807,46-55,Male,14772.0
8808,18-25,Female,5663.0
8809,18-25,Male,2175.0
8810,18-25,Male,2690.0
8811,26-35,Male,3693.0
8812,26-35,Male,2294.0
8813,26-35,Female,7099.0
8814,18-25,Female,2418.0
8815,26-35,Male,6104.0
8816,56-65,Male,13370.0
8817,36-45,Female,3624.0
8818,18-25,Female,2887.0
8819,26-35,Female,2178.0
8820,26-35,Male,3149.0
8821,36-45,Male,15884.0
8822,46-55,Female,6878.0
8823,26-35,Male,1601.0
8824,18-25,Female,797.0
8825,36-45,Female,4156.0
8826,18-25,Male,2551.0
8827,56-65,Male,5744.0
8828,18-25,Male,2741.0
8829,18-25,Male,6699.0
8830,26-35,Male,3378.0
8831,46-55,Male,8839.0
8832,36-45,Female,13350.0
8833,56-65,Female,3774.0
8834,65+,Male,4696.0
8835,46-55,Female,8725.0
8836,56-65,Male,7728.0
8837,36-45,Female,4342.0
8838,26-35,Female,4685.0
8839,46-55,Male,4499.0
8840,46-55,Female,5890.0
8841,36-45,Female,2710.0
8842,18-25,Male,1903.0
8843,26-35,Male,1617.0
8844,36-45,Female,4781.0
8845,18-25,Male,1816.0
8846,26-35,Male,4062.0
8847,36-45,Male,5276.0
8848,26-35,Female,2181.0
8849,18-25,Male,839.0
8850,26-35,Female,2849.0
8851,26-35,Female,2449.0
8852,26-35,Female,8254.0
8853,26-35,Female,5481.0
8854,36-45,Male,2629.0
8855,26-35,Male,4442.0
8856,36-45,Male,6445.0
8857,26-35,Male,4811.0
8858,26-35,Male,2489.0
8859,56-65,Female,17326.0
8860,36-45,Male,4791.0
8861,46-55,Male,30713.0
8862,46-55,Male,13380.0
8863,46-55,Male,19761.0
8864,36-45,Male,9519.0
8865,26-35,Male,6645.0
8866,46-55,Female,17069.0
8867,56-65,Male,8844.0
8868,36-45,Female,3352.0
8869,36-45,Male,5494.0
8870,26-35,Male,6091.0
8871,36-45,Male,8433.0
8872,26-35,Male,7169.0
8873,36-45,Female,2745.0
8874,46-55,Female,3088.0
8875,26-35,Male,4861.0
8876,46-55,Female,17250.0
8877,36-45,Male,5124.0
8878,36-45,Male,7035.0
8879,26-35,Male,2714.0
8880,26-35,Male,3444.0
8881,56-65,Male,20144.0
8882,36-45,Female,10757.0
8883,26-35,Female,4403.0
8884,26-35,Male,8226.0
8885,36-45,Female,8507.0
8886,18-25,Male,2984.0
8887,46-55,Female,9857.0
8888,26-35,Female,1775.0
8889,46-55,Male,19392.0
8890,36-45,Male,3768.0
8891,26-35,Female,2731.0
8892,65+,Male,4175.0
8893,26-35,Male,6788.0
8894,26-35,Male,10449.0
8895,56-65,Male,6205.0
8896,46-55,Female,2812.0
8897,46-55,Female,4639.0
8898,26-35,Male,4070.0
8899,46-55,Female,7712.0
8900,56-65,Male,5194.0
8901,36-45,Male,4513.0
8902,36-45,Female,3475.0
8903,36-45,Male,7063.0
8904,36-45,Male,5054.0
8905,26-35,Male,1520.0
8906,65+,Male,4867.0
8907,65+,Male,5536.0
8908,36-45,Female,11174.0
8909,56-65,Female,7611.0
8910,26-35,Male,6524.0
8911,26-35,Female,2344.0
8912,36-45,Male,7784.0
8913,26-35,Male,4356.0
8914,36-45,Male,6730.0
8915,36-45,Male,2118.0
8916,26-35,Male,5616.0
8917,46-55,Female,7772.0
8918,36-45,Male,11875.0
8919,36-45,Male,10165.0
8920,26-35,Male,1468.0
8921,46-55,Male,17088.0
8922,46-55,Male,20610.0
8923,46-55,Female,12048.0
8924,46-55,Male,6859.0
8925,36-45,Male,4815.0
8926,56-65,Male,16141.0
8927,26-35,Male,3582.0
8928,26-35,Male,3667.0
8929,26-35,Male,11444.0
8930,46-55,Male,4116.0
8931,36-45,Male,6310.0
8932,36-45,Male,5947.0
8933,26-35,Female,6797.0
8934,56-65,Male,4883.0
8935,46-55,Female,8224.0
8936,65+,Male,4419.0
8937,26-35,Male,3923.0
8938,26-35,Male,6346.0
8939,26-35,Female,3445.0
8940,36-45,Male,2839.0
8941,26-35,Male,3099.0
8942,26-35,Female,4122.0
8943,36-45,Male,1718.0
8944,36-45,Male,5329.0
8945,26-35,Male,3032.0
8946,18-25,Female,7055.0
8947,56-65,Female,11898.0
8948,26-35,Male,6866.0
8949,26-35,Male,3336.0
8950,26-35,Female,3177.0
8951,36-45,Male,5077.0
8952,36-45,Female,9941.0
8953,36-45,Male,9031.0
8954,36-45,Male,6227.0
8955,26-35,Male,6312.0
8956,46-55,Male,11355.0
8957,46-55,Male,22692.0
8958,46-55,Male,10630.0
8959,18-25,Male,1405.0
8960,26-35,Female,1893.0
8961,36-45,Male,3059.0
8962,36-45,Male,4376.0
8963,18-25,Female,4664.0
8964,56-65,Male,10759.0
8965,26-35,Female,6008.0
8966,46-55,Male,8507.0
8967,26-35,Female,2002.0
8968,26-35,Male,3351.0
8969,26-35,Male,3750.0
8970,46-55,Male,11908.0
8971,26-35,Female,4288.0
8972,36-45,Male,13875.0
8973,26-35,Male,9083.0
8974,36-45,Female,3196.0
8975,36-45,Male,5444.0
8976,56-65,Female,22943.0
8977,46-55,Male,9771.0
8978,26-35,Female,5451.0
8979,65+,Female,6464.0
8980,46-55,Male,5161.0
8981,56-65,Male,5676.0
8982,26-35,Male,2579.0
8983,26-35,Male,2461.0
8984,26-35,Female,1941.0
8985,26-35,Male,9010.0
8986,26-35,Female,4791.0
8987,36-45,Male,9923.0
8988,36-45,Male,9852.0
8989,56-65,Male,11273.0
8990,26-35,Female,7326.0
8991,26-35,Female,5325.0
8992,26-35,Male,9010.0
8993,46-55,Male,25802.0
8994,56-65,Male,3548.0
8995,36-45,Male,4407.0
8996,56-65,Male,7248.0
8997,46-55,Male,4416.0
8998,26-35,Male,8172.0
8999,26-35,Male,1611.0
9000,36-45,Male,7588.0
9001,26-35,Male,6631.0
9002,26-35,Female,4013.0
9003,36-45,Male,3723.0
9004,46-55,Female,22614.0
9005,26-35,Female,6793.0
9006,26-35,Male,3588.0
9007,36-45,Female,6234.0
9008,26-35,Male,5825.0
9009,26-35,Male,1371.0
9010,36-45,Male,4398.0
9011,36-45,Female,6879.0
9012,18-25,Male,4515.0
9013,26-35,Female,2002.0
9014,26-35,Female,3613.0
9015,18-25,Male,2932.0
9016,46-55,Male,5146.0
9017,36-45,Female,8860.0
9018,65+,Male,1567.0
9019,46-55,Male,12153.0
9020,56-65,Male,6602.0
9021,26-35,Female,5110.0
9022,65+,Male,8367.0
9023,36-45,Female,2295.0
9024,36-45,Male,3057.0
9025,36-45,Male,3437.0
9026,36-45,Male,3611.0
9027,36-45,Male,3199.0
9028,46-55,Male,12565.0
9029,26-35,Male,1433.0
9030,36-45,Male,5742.0
9031,18-25,Male,3638.0
9032,56-65,Male,7714.0
9033,18-25,Male,2389.0
9034,26-35,Male,2017.0
9035,36-45,Male,3464.0
9036,56-65,Male,9525.0
9037,46-55,Male,5435.0
9038,36-45,Female,3804.0
9039,36-45,Male,7009.0
9040,26-35,Male,1515.0
9041,65+,Female,6743.0
9042,46-55,Female,13459.0
9043,18-25,Male,2819.0
9044,36-45,Male,7294.0
9045,26-35,Male,3630.0
9046,46-55,Female,9747.0
9047,26-35,Male,4897.0
9048,26-35,Female,5994.0
9049,26-35,Male,2046.0
9050,18-25,Male,2294.0
9051,46-55,Male,13198.0
9052,26-35,Female,2967.0
9053,65+,Male,6590.0
9054,26-35,Male,6407.0
9055,26-35,Male,5733.0
9056,18-25,Female,725.0
9057,26-35,Female,4751.0
9058,36-45,Male,5790.0
9059,56-65,Male,3200.0
9060,56-65,Male,8614.0
9061,26-35,Female,3447.0
9062,26-35,Male,4226.0
9063,18-25,Male,1670.0
9064,26-35,Female,2069.0
9065,36-45,Male,7329.0
9066,46-55,Female,5019.0
9067,26-35,Male,3386.0
9068,46-55,Female,8352.0
9069,36-45,Male,4748.0
9070,18-25,Female,1809.0
9071,36-45,Male,13729.0
9072,46-55,Male,4655.0
9073,46-55,Female,5080.0
9074,36-45,Male,4671.0
9075,18-25,Male,4401.0
9076,26-35,Male,5407.0
9077,36-45,Male,4680.0
9078,36-45,Male,13910.0
9079,46-55,Female,7720.0
9080,56-65,Female,4400.0
9081,26-35,Male,4873.0
9082,56-65,Female,13408.0
9083,56-65,Female,7602.0
9084,46-55,Male,4865.0
9085,26-35,Female,7269.0
9086,46-55,Male,7720.0
9087,36-45,Male,1682.0
9088,36-45,Male,4313.0
9089,18-25,Male,2302.0
9090,36-45,Male,7823.0
9091,36-45,Male,8957.0
9092,26-35,Male,4179.0
9093,36-45,Female,8657.0
9094,36-45,Male,21280.0
9095,18-25,Male,2049.0
9096,26-35,Male,2053.0
9097,46-55,Female,9323.0
9098,36-45,Male,8176.0
9099,26-35,Female,10227.0
9100,56-65,Male,2673.0
9101,56-65,Male,5439.0
9102,36-45,Female,3078.0
9103,26-35,Male,3096.0
9104,26-35,Male,2522.0
9105,36-45,Female,2355.0
9106,26-35,Male,2846.0
9107,56-65,Male,4715.0
9108,18-25,Female,3685.0
9109,36-45,Female,5773.0
9110,36-45,Male,6785.0
9111,18-25,Female,1819.0
9112,46-55,Female,13416.0
9113,56-65,Female,9912.0
9114,46-55,Male,11772.0
9115,26-35,Male,4344.0
9116,26-35,Male,2629.0
9117,18-25,Male,1769.0
9118,46-55,Male,15882.0
9119,36-45,Male,5703.0
9120,65+,Male,5813.0
9121,46-55,Male,6361.0
9122,46-55,Male,8488.0
9123,26-35,Male,4890.0
9124,26-35,Female,9916.0
9125,46-55,Female,30901.0
9126,46-55,Female,6252.0
9127,18-25,Female,7387.0
9128,56-65,Male,2236.0
9129,36-45,Female,7204.0
9130,26-35,Male,5455.0
9131,56-65,Female,3209.0
9132,26-35,Male,3515.0
9133,26-35,Male,7308.0
9134,36-45,Male,6404.0
9135,36-45,Male,15302.0
9136,18-25,Male,2819.0
9137,36-45,Male,10149.0
9138,26-35,Female,6889.0
9139,65+,Male,5465.0
9140,56-65,Female,7884.0
9141,26-35,Male,11466.0
9142,46-55,Female,4371.0
9143,26-35,Male,5029.0
9144,46-55,Female,21031.0
9145,36-45,Male,4512.0
9146,36-45,Male,4683.0
9147,26-35,Male,3594.0
9148,26-35,Male,2731.0
9149,36-45,Male,10086.0
9150,36-45,Female,9910.0
9151,36-45,Male,17609.0
9152,36-45,Female,5493.0
9153,36-45,Female,6953.0
9154,36-45,Male,9902.0
9155,26-35,Male,7387.0
9156,26-35,Male,3116.0
9157,26-35,Male,2326.0
9158,36-45,Male,3649.0
9159,26-35,Male,2055.0
9160,46-55,Male,2130.0
9161,26-35,Female,7219.0
9162,26-35,Female,4685.0
9163,18-25,Male,1026.0
9164,36-45,Male,12503.0
9165,18-25,Male,1533.0
9166,26-35,Male,17651.0
9167,26-35,Male,7150.0
9168,26-35,Male,2157.0
9169,36-45,Female,13825.0
9170,36-45,Male,6162.0
9171,36-45,Male,11326.0
9172,26-35,Male,6253.0
9173,56-65,Female,5527.0
9174,26-35,Male,9666.0
9175,26-35,Male,7904.0
9176,46-55,Male,10082.0
9177,36-45,Male,3843.0
9178,56-65,Female,6403.0
9179,26-35,Male,1662.0
9180,26-35,Male,2963.0
9181,46-55,Male,10964.0
9182,18-25,Male,2404.0
9183,46-55,Male,3279.0
9184,36-45,Male,4620.0
9185,56-65,Male,4074.0
9186,36-45,Male,4159.0
9187,26-35,Male,2251.0
9188,26-35,Female,2601.0
9189,46-55,Male,21124.0
9190,26-35,Male,14174.0
9191,26-35,Female,967.0
9192,18-25,Female,1331.0
9193,36-45,Male,1848.0
9194,26-35,Female,4244.0
9195,36-45,Male,7445.0
9196,46-55,Male,10449.0
9197,46-55,Male,2900.0
9198,56-65,Female,8542.0
9199,26-35,Female,1420.0
9200,26-35,Male,7428.0
9201,56-65,Male,7378.0
9202,46-55,Male,30827.0
9203,26-35,Female,3699.0
9204,36-45,Male,13779.0
9205,18-25,Male,2834.0
9206,36-45,Male,4781.0
9207,26-35,Male,3598.0
9208,36-45,Male,4117.0
9209,26-35,Male,4733.0
9210,18-25,Male,2041.0
9211,36-45,Male,4028.0
9212,26-35,Male,7103.0
9213,46-55,Female,7450.0
9214,26-35,Male,2452.0
9215,36-45,Male,5746.0
9216,36-45,Male,19937.0
9217,36-45,Male,5664.0
9218,26-35,Male,2494.0
9219,26-35,Female,5273.0
9220,36-45,Male,7627.0
9221,26-35,Male,7436.0
9222,46-55,Male,4161.0
9223,26-35,Male,5638.0
9224,26-35,Male,3933.0
9225,26-35,Male,3269.0
9226,46-55,Female,4895.0
9227,36-45,Female,8864.0
9228,26-35,Male,2917.0
9229,18-25,Male,3285.0
9230,36-45,Female,3667.0
9231,26-35,Female,9687.0
9232,26-35,Female,2706.0
9233,26-35,Male,3730.0
9234,26-35,Male,2392.0
9235,26-35,Female,5277.0
9236,36-45,Male,4741.0
9237,46-55,Male,18295.0
9238,26-35,Female,4652.0
9239,26-35,Female,2962.0
9240,36-45,Female,8744.0
9241,18-25,Female,1760.0
9242,36-45,Female,13465.0
9243,46-55,Male,5061.0
9244,18-25,Male,3238.0
9245,26-35,Male,4928.0
9246,26-35,Male,2416.0
9247,18-25,Male,3159.0
9248,36-45,Male,6281.0
9249,26-35,Male,14466.0
9250,26-35,Male,3671.0
9251,26-35,Male,3810.0
9252,26-35,Female,3573.0
9253,36-45,Male,5272.0
9254,36-45,Male,9808.0
9255,36-45,Male,17548.0
9256,26-35,Male,2253.0
9257,56-65,Female,3844.0
9258,36-45,Male,6567.0
9259,56-65,Male,6835.0
9260,56-65,Male,15500.0
9261,36-45,Male,7854.0
9262,46-55,Female,7899.0
9263,46-55,Male,12880.0
9264,26-35,Male,5710.0
9265,36-45,Male,6771.0
9266,46-55,Male,6265.0
9267,36-45,Male,4492.0
9268,36-45,Male,11462.0
9269,65+,Male,2477.0
9270,46-55,Male,4437.0
9271,18-25,Female,6564.0
9272,36-45,Male,6966.0
9273,26-35,Female,4971.0
9274,36-45,Male,11107.0
9275,56-65,Male,7488.0
9276,36-45,Male,2124.0
9277,46-55,Female,8741.0
9278,26-35,Female,4604.0
9279,46-55,Male,11510.0
9280,56-65,Male,9286.0
9281,46-55,Male,9288.0
9282,36-45,Female,5738.0
9283,46-55,Male,3622.0
9284,18-25,Male,961.0
9285,18-25,Female,2742.0
9286,26-35,Male,10034.0
9287,46-55,Male,12633.0
9288,26-35,Male,2426.0
9289,18-25,Male,2320.0
9290,36-45,Male,2442.0
9291,46-55,Female,5889.0
9292,18-25,Male,1688.0
9293,36-45,Male,8006.0
9294,26-35,Female,4004.0
9295,18-25,Female,984.0
9296,26-35,Male,1297.0
9297,65+,Male,4883.0
9298,36-45,Male,10470.0
9299,46-55,Male,14340.0
9300,36-45,Female,7501.0
9301,18-25,Female,1931.0
9302,46-55,Male,4792.0
9303,56-65,Male,4114.0
9304,46-55,Male,8369.0
9305,36-45,Female,3707.0
9306,26-35,Male,1752.0
9307,46-55,Female,6587.0
9308,26-35,Female,3513.0
9309,26-35,Female,3049.0
9310,36-45,Female,6390.0
9311,26-35,Female,1866.0
9312,26-35,Male,2322.0
9313,36-45,Female,9778.0
9314,26-35,Male,2075.0
9315,36-45,Male,13267.0
9316,26-35,Male,15009.0
9317,26-35,Female,10222.0
9318,36-45,Male,6475.0
9319,36-45,Male,9559.0
9320,26-35,Female,5139.0
9321,46-55,Female,4628.0
9322,36-45,Female,14012.0
9323,36-45,Male,9113.0
9324,26-35,Female,6012.0
9325,26-35,Male,3404.0
9326,36-45,Male,7630.0
9327,26-35,Female,5262.0
9328,36-45,Male,3657.0
9329,18-25,Female,3575.0
9330,36-45,Male,5400.0
9331,46-55,Male,11353.0
9332,56-65,Male,7125.0
9333,36-45,Male,5752.0
9334,26-35,Male,4019.0
9335,26-35,Female,12855.0
9336,46-55,Female,12684.0
9337,56-65,Male,3516.0
9338,46-55,Male,26362.0
9339,65+,Female,12546.0
9340,26-35,Male,6026.0
9341,26-35,Male,2836.0
9342,46-55,Male,5938.0
9343,46-55,Male,11494.0
9344,26-35,Male,3198.0
9345,26-35,Male,2365.0
9346,56-65,Female,8958.0
9347,26-35,Female,8222.0
9348,36-45,Male,10265.0
9349,36-45,Female,9160.0
9350,26-35,Male,8856.0
9351,26-35,Male,8812.0
9352,36-45,Female,7924.0
9353,46-55,Male,5611.0
9354,26-35,Male,2022.0
9355,36-45,Female,5623.0
9356,46-55,Male,11245.0
9357,26-35,Male,5935.0
9358,26-35,Male,7303.0
9359,18-25,Male,1568.0
9360,26-35,Female,1816.0
9361,26-35,Male,7260.0
9362,26-35,Male,3190.0
9363,46-55,Male,9809.0
9364,56-65,Male,7182.0
9365,18-25,Male,3088.0
9366,26-35,Female,3129.0
9367,26-35,Male,3630.0
9368,18-25,Male,5811.0
9369,36-45,Male,4402.0
9370,18-25,Female,3807.0
9371,46-55,Male,11678.0
9372,26-35,Male,2964.0
9373,18-25,Male,2815.0
9374,36-45,Female,9465.0
9375,36-45,Male,6667.0
9376,26-35,Male,4066.0
9377,26-35,Male,1815.0
9378,26-35,Male,3368.0
9379,46-55,Male,6894.0
9380,56-65,Male,11871.0
9381,36-45,Male,5124.0
9382,46-55,Female,8745.0
9383,46-55,Male,9727.0
9384,18-25,Female,1991.0
9385,26-35,Female,2385.0
9386,36-45,Male,4395.0
9387,46-55,Male,6591.0
9388,46-55,Female,8530.0
9389,36-45,Male,2058.0
9390,36-45,Male,4138.0
9391,36-45,Male,7496.0
9392,18-25,Male,1992.0
9393,26-35,Male,5411.0
9394,26-35,Male,5158.0
9395,18-25,Male,3205.0
9396,26-35,Male,2748.0
9397,56-65,Female,5402.0
9398,26-35,Male,8475.0
9399,18-25,Male,5222.0
9400,36-45,Male,1191.0
9401,36-45,Male,12821.0
9402,26-35,Male,6781.0
9403,46-55,Male,9255.0
9404,56-65,Male,16501.0
9405,36-45,Male,3521.0
9406,36-45,Female,10613.0
9407,26-35,Male,2299.0
9408,36-45,Male,9334.0
9409,56-65,Male,10774.0
9410,36-45,Female,6610.0
9411,36-45,Male,7478.0
9412,26-35,Male,2072.0
9413,26-35,Male,11177.0
9414,46-55,Male,7651.0
9415,46-55,Male,4030.0
9416,26-35,Male,4784.0
9417,56-65,Male,8695.0
9418,26-35,Female,6440.0
9419,56-65,Male,7003.0
9420,65+,Male,12748.0
9421,36-45,Male,8211.0
9422,26-35,Male,1973.0
9423,36-45,Male,14240.0
9424,46-55,Male,13989.0
9425,46-55,Male,7710.0
9426,65+,Male,3694.0
9427,65+,Male,3774.0
9428,18-25,Female,3334.0
9429,36-45,Male,2780.0
9430,26-35,Male,25666.0
9431,36-45,Male,24734.0
9432,36-45,Male,6699.0
9433,26-35,Male,4296.0
9434,18-25,Female,3638.0
9435,46-55,Male,12789.0
9436,36-45,Female,3093.0
9437,26-35,Male,3267.0
9438,18-25,Female,1282.0
9439,26-35,Male,3134.0
9440,46-55,Male,2292.0
9441,26-35,Female,2348.0
9442,46-55,Male,5610.0
9443,36-45,Male,7098.0
9444,26-35,Male,2621.0
9445,26-35,Male,6652.0
9446,26-35,Male,9225.0
9447,26-35,Female,4678.0
9448,36-45,Male,3556.0
9449,26-35,Female,5790.0
9450,18-25,Female,2649.0
9451,26-35,Male,4748.0
9452,26-35,Male,5668.0
9453,26-35,Male,6263.0
9454,26-35,Female,2534.0
9455,26-35,Male,15535.0
9456,56-65,Male,9161.0
9457,26-35,Male,11063.0
9458,46-55,Male,6592.0
9459,36-45,Female,8732.0
9460,36-45,Male,8582.0
9461,26-35,Male,8105.0
9462,36-45,Male,4710.0
9463,46-55,Male,9802.0
9464,26-35,Female,2474.0
9465,26-35,Male,4939.0
9466,26-35,Male,6305.0
9467,36-45,Female,10134.0
9468,26-35,Female,6969.0
9469,26-35,Male,4337.0
9470,26-35,Male,2419.0
9471,36-45,Male,7226.0
9472,18-25,Male,650.0
9473,18-25,Male,3002.0
9474,56-65,Male,8545.0
9475,56-65,Female,8341.0
9476,46-55,Male,9966.0
9477,36-45,Male,3636.0
9478,26-35,Male,7610.0
9479,46-55,Male,7534.0
9480,36-45,Male,11634.0
9481,26-35,Female,4683.0
9482,56-65,Male,9445.0
9483,26-35,Female,8692.0
9484,26-35,Female,3085.0
9485,46-55,Male,11130.0
9486,65+,Male,4076.0
9487,26-35,Male,3849.0
9488,36-45,Male,2474.0
9489,26-35,Male,4885.0
9490,46-55,Male,3491.0
9491,36-45,Female,10431.0
9492,36-45,Female,5173.0
9493,26-35,Male,2466.0
9494,36-45,Male,8522.0
9495,56-65,Male,9257.0
9496,36-45,Female,6639.0
9497,56-65,Male,5111.0
9498,36-45,Male,3290.0
9499,26-35,Female,8131.0
9500,18-25,Female,2939.0
9501,56-65,Female,9024.0
9502,26-35,Male,1342.0
9503,46-55,Male,31945.0
9504,36-45,Female,13463.0
9505,56-65,Female,9500.0
9506,26-35,Male,4502.0
9507,36-45,Male,7024.0
9508,26-35,Female,5395.0
9509,46-55,Male,5204.0
9510,46-55,Male,31143.0
9511,26-35,Male,4669.0
9512,18-25,Male,4860.0
9513,36-45,Female,6648.0
9514,26-35,Female,4611.0
9515,46-55,Female,13867.0
9516,26-35,Female,6240.0
9517,26-35,Male,4655.0
9518,26-35,Female,3917.0
9519,65+,Female,5909.0
9520,65+,Male,11212.0
9521,36-45,Male,8481.0
9522,36-45,Male,3726.0
9523,26-35,Female,1853.0
9524,26-35,Male,2670.0
9525,26-35,Male,5137.0
9526,26-35,Male,3199.0
9527,36-45,Male,4788.0
9528,18-25,Male,5702.0
9529,26-35,Female,2808.0
9530,46-55,Male,21926.0
9531,26-35,Male,814.0
9532,46-55,Female,18516.0
9533,26-35,Male,5287.0
9534,18-25,Female,6174.0
9535,46-55,Male,5827.0
9536,46-55,Male,6376.0
9537,26-35,Male,5956.0
9538,36-45,Male,4348.0
9539,36-45,Male,7740.0
9540,56-65,Female,3654.0
9541,46-55,Male,6620.0
9542,56-65,Male,5939.0
9543,46-55,Female,17581.0
9544,26-35,Male,8710.0
9545,26-35,Male,3464.0
9546,26-35,Male,7544.0
9547,26-35,Male,9143.0
9548,26-35,Male,2992.0
9549,36-45,Female,4285.0
9550,26-35,Female,4645.0
9551,65+,Male,3214.0
9552,26-35,Male,3736.0
9553,26-35,Male,4818.0
9554,26-35,Male,4628.0
9555,26-35,Female,3925.0
9556,36-45,Male,16323.0
9557,26-35,Male,2028.0
9558,36-45,Male,3763.0
9559,65+,Male,5519.0
9560,36-45,Female,10474.0
9561,26-35,Male,4019.0
9562,36-45,Male,10087.0
9563,36-45,Male,12831.0
9564,18-25,Male,1825.0
9565,46-55,Male,10266.0
9566,65+,Female,5659.0
9567,36-45,Female,10731.0
9568,36-45,Female,12825.0
9569,26-35,Male,2128.0
9570,36-45,Male,9944.0
9571,46-55,Female,8105.0
9572,65+,Male,4603.0
9573,26-35,Male,3980.0
9574,26-35,Male,6356.0
9575,26-35,Female,3246.0
9576,65+,Female,5547.0
9577,46-55,Male,14420.0
9578,46-55,Male,4335.0
9579,26-35,Male,2034.0
9580,36-45,Male,7857.0
9581,36-45,Male,9749.0
9582,26-35,Male,2055.0
9583,36-45,Male,10840.0
9584,46-55,Male,5615.0
9585,56-65,Male,16455.0
9586,46-55,Male,5246.0
9587,36-45,Male,18521.0
9588,56-65,Male,5580.0
9589,46-55,Male,6288.0
9590,46-55,Male,21360.0
9591,36-45,Male,8453.0
9592,26-35,Male,2646.0
9593,36-45,Male,11589.0
9594,56-65,Male,7146.0
9595,56-65,Male,3968.0
9596,26-35,Male,2148.0
9597,26-35,Male,6963.0
9598,46-55,Female,5841.0
9599,56-65,Male,7891.0
9600,18-25,Female,2494.0
9601,65+,Female,4690.0
9602,26-35,Male,3849.0
9603,56-65,Female,5656.0
9604,56-65,Female,6856.0
9605,36-45,Female,7409.0
9606,36-45,Male,4928.0
9607,26-35,Male,3587.0
9608,26-35,Male,2308.0
9609,18-25,Male,2459.0
9610,26-35,Male,5610.0
9611,26-35,Male,5456.0
9612,36-45,Female,8726.0
9613,26-35,Male,4093.0
9614,18-25,Male,5566.0
9615,26-35,Female,5979.0
9616,26-35,Male,8715.0
9617,36-45,Female,5129.0
9618,26-35,Male,5442.0
9619,46-55,Male,10164.0
9620,36-45,Male,6645.0
9621,26-35,Male,5713.0
9622,36-45,Male,4389.0
9623,36-45,Male,13294.0
9624,18-25,Female,1541.0
9625,36-45,Male,10627.0
9626,56-65,Male,7077.0
9627,36-45,Female,11745.0
9628,46-55,Male,9252.0
9629,26-35,Female,12567.0
9630,46-55,Male,4005.0
9631,36-45,Male,23318.0
9632,36-45,Male,3695.0
9633,18-25,Male,1122.0
9634,26-35,Male,2266.0
9635,18-25,Female,2678.0
9636,56-65,Male,4645.0
9637,56-65,Male,3983.0
9638,26-35,Male,3258.0
9639,36-45,Female,8828.0
9640,18-25,Male,2012.0
9641,26-35,Female,1576.0
9642,36-45,Male,10964.0
9643,56-65,Male,8448.0
9644,26-35,Female,1410.0
9645,18-25,Male,3534.0
9646,36-45,Female,7190.0
9647,26-35,Male,4942.0
9648,56-65,Male,3675.0
9649,26-35,Male,11083.0
9650,46-55,Male,9834.0
9651,36-45,Female,2699.0
9652,26-35,Male,1746.0
9653,36-45,Male,9091.0
9654,36-45,Female,5814.0
9655,26-35,Male,4210.0
9656,46-55,Female,11718.0
9657,46-55,Male,7248.0
9658,26-35,Female,4110.0
9659,26-35,Male,4277.0
9660,46-55,Male,24764.0
9661,56-65,Male,10908.0
9662,65+,Male,5750.0
9663,56-65,Male,7779.0
9664,56-65,Female,5391.0
9665,36-45,Female,16482.0
9666,46-55,Male,6318.0
9667,46-55,Female,4804.0
9668,46-55,Female,8010.0
9669,56-65,Male,8303.0
9670,18-25,Male,2850.0
9671,46-55,Male,6301.0
9672,26-35,Male,3515.0
9673,26-35,Male,3458.0
9674,18-25,Male,1345.0
9675,26-35,Female,2814.0
9676,46-55,Male,4392.0
9677,26-35,Male,6249.0
9678,26-35,Male,5592.0
9679,26-35,Female,2929.0
9680,36-45,Male,15050.0
9681,18-25,Male,1068.0
9682,36-45,Male,5327.0
9683,36-45,Male,6608.0
9684,56-65,Male,3474.0
9685,36-45,Female,4160.0
9686,56-65,Female,12566.0
9687,36-45,Female,10228.0
9688,26-35,Male,3170.0
9689,18-25,Female,2658.0
9690,46-55,Male,6160.0
9691,65+,Male,9416.0
9692,26-35,Male,4201.0
9693,36-45,Female,2791.0
9694,46-55,Male,7048.0
9695,26-35,Male,3904.0
9696,46-55,Male,4696.0
9697,26-35,Male,1764.0
9698,56-65,Male,6227.0
9699,46-55,Male,3148.0
9700,26-35,Male,3039.0
9701,46-55,Male,6050.0
9702,56-65,Male,4616.0
9703,46-55,Female,16993.0
9704,56-65,Female,11123.0
9705,36-45,Female,3323.0
9706,26-35,Male,1963.0
9707,46-55,Male,13808.0
9708,26-35,Male,7776.0
9709,46-55,Male,6723.0
9710,46-55,Female,13768.0
9711,36-45,Male,4634.0
9712,56-65,Female,9530.0
9713,56-65,Male,3786.0
9714,26-35,Female,3966.0
9715,26-35,Male,4658.0
9716,26-35,Male,2430.0
9717,36-45,Male,1900.0
9718,26-35,Male,3316.0
9719,56-65,Female,4006.0
9720,26-35,Male,20385.0
9721,46-55,Male,4563.0
9722,46-55,Female,11741.0
9723,26-35,Male,5948.0
9724,26-35,Male,1856.0
9725,18-25,Male,2395.0
9726,46-55,Male,2693.0
9727,26-35,Female,4691.0
9728,36-45,Male,15272.0
9729,26-35,Male,4417.0
9730,26-35,Male,3812.0
9731,26-35,Female,4881.0
9732,18-25,Male,2957.0
9733,26-35,Male,4106.0
9734,18-25,Male,2237.0
9735,26-35,Male,6593.0
9736,36-45,Female,4777.0
9737,26-35,Male,5274.0
9738,26-35,Male,1975.0
9739,36-45,Male,8174.0
9740,46-55,Female,8657.0
9741,26-35,Male,1452.0
9742,26-35,Male,4781.0
9743,26-35,Male,10732.0
9744,46-55,Male,8186.0
9745,36-45,Female,3131.0
9746,36-45,Male,11544.0
9747,56-65,Female,13672.0
9748,18-25,Male,2182.0
9749,36-45,Male,4315.0
9750,36-45,Female,3764.0
9751,26-35,Male,14266.0
9752,26-35,Female,4263.0
9753,36-45,Female,19952.0
9754,36-45,Male,9996.0
9755,26-35,Male,3182.0
9756,18-25,Male,1987.0
9757,36-45,Female,4964.0
9758,26-35,Female,4255.0
9759,56-65,Male,7305.0
9760,26-35,Male,12214.0
9761,26-35,Female,6878.0
9762,26-35,Male,6508.0
9763,36-45,Male,8473.0
9764,18-25,Female,4050.0
9765,36-45,Male,4788.0
9766,36-45,Male,7837.0
9767,36-45,Female,8300.0
9768,18-25,Male,3673.0
9769,46-55,Female,5795.0
9770,65+,Male,3470.0
9771,26-35,Female,1416.0
9772,56-65,Male,7579.0
9773,26-35,Female,5537.0
9774,26-35,Male,1712.0
9775,36-45,Male,3517.0
9776,26-35,Male,15971.0
9777,26-35,Male,4242.0
9778,26-35,Male,2039.0
9779,18-25,Male,1215.0
9780,56-65,Female,5508.0
9781,26-35,Male,11456.0
9782,36-45,Female,8275.0
9783,36-45,Male,2327.0
9784,36-45,Male,5833.0
9785,36-45,Male,7329.0
9786,36-45,Female,17803.0
9787,36-45,Female,7550.0
9788,46-55,Male,15597.0
9789,56-65,Male,5223.0
9790,46-55,Female,9004.0
9791,36-45,Male,3597.0
9792,26-35,Female,1426.0
9793,36-45,Male,1969.0
9794,46-55,Male,10647.0
9795,26-35,Male,5513.0
9796,36-45,Female,7400.0
9797,36-45,Female,16483.0
9798,36-45,Male,5267.0
9799,26-35,Male,12961.0
9800,36-45,Male,4425.0
9801,46-55,Male,6457.0
9802,46-55,Male,7631.0
9803,56-65,Female,9946.0
9804,46-55,Male,15075.0
9805,26-35,Male,1976.0
9806,26-35,Male,2689.0
9807,56-65,Male,13412.0
9808,18-25,Male,2212.0
9809,26-35,Male,3256.0
9810,46-55,Female,5733.0
9811,46-55,Male,13795.0
9812,36-45,Female,4773.0
9813,26-35,Male,6315.0
9814,26-35,Male,1994.0
9815,36-45,Male,9676.0
9816,36-45,Male,10216.0
9817,26-35,Female,2643.0
9818,26-35,Male,7883.0
9819,36-45,Male,19211.0
9820,46-55,Male,3686.0
9821,56-65,Female,7570.0
9822,36-45,Female,5756.0
9823,56-65,Male,5739.0
9824,65+,Male,1536.0
9825,18-25,Female,3100.0
9826,56-65,Female,10784.0
9827,56-65,Male,5696.0
9828,36-45,Female,15331.0
9829,46-55,Male,5701.0
9830,18-25,Male,1288.0
9831,36-45,Female,10229.0
9832,36-45,Female,9519.0
9833,36-45,Female,4619.0
9834,26-35,Male,10055.0
9835,26-35,Male,4646.0
9836,65+,Male,13060.0
9837,36-45,Female,5128.0
9838,36-45,Male,7013.0
9839,36-45,Male,3957.0
9840,26-35,Male,3240.0
9841,36-45,Male,8273.0
9842,65+,Female,7317.0
9843,36-45,Female,4208.0
9844,36-45,Male,1026.0
9845,46-55,Male,5465.0
9846,36-45,Male,3014.0
9847,26-35,Female,3911.0
9848,26-35,Male,6204.0
9849,46-55,Male,9291.0
9850,36-45,Male,7261.0
9851,26-35,Female,3957.0
9852,46-55,Male,12816.0
9853,36-45,Male,7829.0
9854,36-45,Female,3704.0
9855,36-45,Male,4091.0
9856,46-55,Male,4392.0
9857,36-45,Male,4483.0
9858,36-45,Male,3558.0
9859,56-65,Female,9546.0
9860,36-45,Male,6792.0
9861,26-35,Male,4085.0
9862,36-45,Male,2349.0
9863,46-55,Male,3069.0
9864,36-45,Male,14068.0
9865,36-45,Male,5485.0
9866,36-45,Female,6156.0
9867,46-55,Female,13981.0
9868,46-55,Female,13830.0
9869,65+,Male,5171.0
9870,26-35,Male,1909.0
9871,36-45,Female,11096.0
9872,26-35,Male,3370.0
9873,46-55,Male,4531.0
9874,26-35,Male,8167.0
9875,46-55,Male,13239.0
9876,26-35,Female,2091.0
9877,46-55,Male,6271.0
9878,26-35,Male,2990.0
9879,18-25,Male,877.0
9880,26-35,Female,1346.0
9881,26-35,Female,6451.0
9882,36-45,Male,5184.0
9883,56-65,Female,5003.0
9884,46-55,Female,4293.0
9885,36-45,Male,4527.0
9886,36-45,Male,12562.0
9887,26-35,Male,3769.0
9888,36-45,Male,3495.0
9889,26-35,Male,3572.0
9890,56-65,Male,20281.0
9891,46-55,Female,3712.0
9892,26-35,Male,5209.0
9893,26-35,Male,2887.0
9894,36-45,Male,10748.0
9895,26-35,Male,2339.0
9896,36-45,Male,8238.0
9897,36-45,Male,2672.0
9898,46-55,Female,9919.0
9899,56-65,Male,10341.0
9900,26-35,Female,8682.0
9901,26-35,Male,2691.0
9902,26-35,Male,15451.0
9903,46-55,Male,14098.0
9904,36-45,Male,7521.0
9905,46-55,Male,16285.0
9906,26-35,Male,4014.0
9907,26-35,Female,3127.0
9908,26-35,Male,1208.0
9909,46-55,Male,3312.0
9910,56-65,Female,9356.0
9911,26-35,Male,6485.0
9912,26-35,Male,5877.0
9913,18-25,Female,2740.0
9914,56-65,Male,8052.0
9915,26-35,Male,5897.0
9916,26-35,Male,4677.0
9917,26-35,Male,6101.0
9918,36-45,Male,3629.0
9919,36-45,Male,5846.0
9920,46-55,Male,3761.0
9921,26-35,Male,2171.0
9922,56-65,Male,5901.0
9923,18-25,Male,3912.0
9924,26-35,Male,5464.0
9925,26-35,Male,4085.0
9926,26-35,Male,8282.0
9927,26-35,Male,1603.0
9928,56-65,Male,5884.0
9929,56-65,Male,8728.0
9930,46-55,Male,2339.0
9931,26-35,Male,6686.0
9932,18-25,Male,2723.0
9933,46-55,Female,17008.0
9934,36-45,Male,12145.0
9935,56-65,Male,8346.0
9936,26-35,Male,5257.0
9937,26-35,Male,7312.0
9938,36-45,Male,10507.0
9939,46-55,Male,15950.0
9940,26-35,Female,17018.0
9941,36-45,Male,3604.0
9942,18-25,Male,4019.0
9943,46-55,Female,9630.0
9944,46-55,Male,7441.0
9945,36-45,Male,8145.0
9946,26-35,Female,3206.0
9947,26-35,Female,4296.0
9948,46-55,Male,9223.0
9949,26-35,Male,1893.0
9950,65+,Male,7012.0
9951,26-35,Male,6826.0
9952,26-35,Male,1205.0
9953,26-35,Male,6374.0
9954,36-45,Male,7103.0
9955,18-25,Female,1978.0
9956,65+,Male,6782.0
9957,36-45,Female,5050.0
9958,26-35,Male,1485.0
9959,46-55,Male,8982.0
9960,46-55,Male,15012.0
9961,18-25,Male,2232.0
9962,26-35,Male,3870.0
9963,36-45,Male,9545.0
9964,56-65,Female,7651.0
9965,36-45,Male,3108.0
9966,26-35,Male,6241.0
9967,65+,Male,11632.0
9968,18-25,Male,2943.0
9969,56-65,Male,8481.0
9970,18-25,Male,1007.0
9971,36-45,Male,9424.0
9972,26-35,Female,3651.0
9973,36-45,Male,7937.0
9974,36-45,Male,1996.0
9975,26-35,Male,4244.0
9976,36-45,Female,12792.0
9977,26-35,Male,2449.0
9978,18-25,Male,2454.0
9979,36-45,Male,4909.0
9980,56-65,Male,1641.0
9981,26-35,Female,1694.0
9982,26-35,Male,2888.0
9983,36-45,Male,6923.0
9984,36-45,Male,4075.0
9985,26-35,Female,5203.0
9986,46-55,Female,6184.0
9987,18-25,Male,1439.0
9988,36-45,Female,9348.0
9989,46-55,Female,10330.0
9990,26-35,Male,1877.0
9991,46-55,Female,9389.0
9992,26-35,Male,2663.0
9993,46-55,Female,5292.0
9994,26-35,Female,3875.0
9995,56-65,Male,7344.0
9996,36-45,Male,2161.0
9997,36-45,Female,2105.0
9998,56-65,Male,8258.0
9999,46-55,Male,1908.0
10000,26-35,Male,4283.0
10001,26-35,Male,2370.0
10002,36-45,Male,6872.0
10003,26-35,Female,10035.0
10004,18-25,Male,1224.0
10005,26-35,Male,5752.0
10006,46-55,Male,2445.0
10007,46-55,Male,16388.0
10008,46-55,Female,6184.0
10009,26-35,Male,4585.0
10010,36-45,Male,11423.0
10011,26-35,Male,7137.0
10012,65+,Female,6909.0
10013,18-25,Female,6136.0
10014,26-35,Male,1953.0
10015,18-25,Male,1783.0
10016,26-35,Female,4706.0
10017,26-35,Male,10538.0
10018,36-45,Male,6592.0
10019,36-45,Male,8777.0
10020,36-45,Male,7958.0
10021,36-45,Female,2695.0
10022,26-35,Female,1588.0
10023,46-55,Male,9685.0
10024,26-35,Male,2626.0
10025,18-25,Male,1299.0
10026,36-45,Male,11481.0
10027,56-65,Male,5633.0
10028,26-35,Female,5222.0
10029,56-65,Male,8872.0
10030,46-55,Male,10163.0
10031,56-65,Male,16619.0
10032,56-65,Female,21214.0
10033,26-35,Male,6545.0
10034,18-25,Male,4760.0
10035,46-55,Female,10153.0
10036,26-35,Female,7956.0
10037,26-35,Male,2094.0
10038,18-25,Male,1659.0
10039,36-45,Male,3568.0
10040,26-35,Male,1821.0
10041,36-45,Male,4190.0
10042,36-45,Male,16941.0
10043,36-45,Female,5493.0
10044,26-35,Female,5937.0
10045,46-55,Female,10421.0
10046,46-55,Female,6876.0
10047,36-45,Male,9696.0
10048,26-35,Female,2272.0
10049,26-35,Male,3161.0
10050,46-55,Male,4850.0
10051,36-45,Male,7165.0
10052,56-65,Male,7499.0
10053,36-45,Male,6872.0
10054,26-35,Male,2706.0
10055,26-35,Male,2177.0
10056,36-45,Male,5585.0
10057,36-45,Male,18227.0
10058,65+,Male,10040.0
10059,46-55,Male,8274.0
10060,46-55,Female,8308.0
10061,46-55,Female,7561.0
10062,56-65,Female,6599.0
10063,36-45,Male,6766.0
10064,56-65,Male,6669.0
10065,46-55,Male,8490.0
10066,36-45,Male,5680.0
10067,36-45,Female,5084.0
10068,26-35,Female,1213.0
10069,26-35,Male,4969.0
10070,36-45,Male,7472.0
10071,46-55,Male,6313.0
10072,26-35,Female,3431.0
10073,46-55,Male,15336.0
10074,36-45,Female,6121.0
10075,26-35,Male,6677.0
10076,26-35,Male,1702.0
10077,46-55,Male,3287.0
10078,36-45,Male,2559.0
10079,46-55,Female,6096.0
10080,26-35,Male,6375.0
10081,26-35,Female,3823.0
10082,36-45,Male,6112.0
10083,56-65,Male,4963.0
10084,36-45,Male,13700.0
10085,36-45,Female,8337.0
10086,26-35,Male,5772.0
10087,26-35,Female,6117.0
10088,46-55,Male,8486.0
10089,36-45,Male,4327.0
10090,26-35,Female,3320.0
10091,26-35,Male,5962.0
10092,18-25,Male,4109.0
10093,46-55,Female,7633.0
10094,36-45,Male,10938.0
10095,26-35,Male,4403.0
10096,26-35,Female,4457.0
10097,36-45,Female,7197.0
10098,18-25,Male,2904.0
10099,46-55,Male,14653.0
10100,18-25,Male,1742.0
10101,26-35,Male,1737.0
10102,36-45,Male,11270.0
10103,36-45,Male,8321.0
10104,36-45,Male,15438.0
10105,46-55,Male,8507.0
10106,18-25,Female,3437.0
10107,18-25,Female,2376.0
10108,46-55,Male,15378.0
10109,65+,Female,3069.0
10110,46-55,Male,8261.0
10111,36-45,Male,3024.0
10112,26-35,Female,6498.0
10113,36-45,Male,12330.0
10114,46-55,Male,11245.0
10115,36-45,Male,33959.0
10116,26-35,Male,4233.0
10117,26-35,Male,5198.0
10118,36-45,Male,30069.0
10119,26-35,Male,2479.0
10120,18-25,Male,1154.0
10121,26-35,Male,3564.0
10122,18-25,Female,6664.0
10123,26-35,Male,2398.0
10124,26-35,Male,5386.0
10125,26-35,Male,4812.0
10126,46-55,Male,19937.0
10127,46-55,Male,10755.0
10128,56-65,Male,5228.0
10129,18-25,Male,3831.0
10130,26-35,Male,5159.0
10131,26-35,Male,8807.0
10132,36-45,Male,3655.0
10133,36-45,Male,13128.0
10134,56-65,Male,4015.0
10135,36-45,Male,7856.0
10136,36-45,Male,9268.0
10137,26-35,Male,2872.0
10138,36-45,Male,7890.0
10139,56-65,Female,2838.0
10140,26-35,Female,7066.0
10141,36-45,Male,7043.0
10142,56-65,Male,8984.0
10143,18-25,Female,1286.0
10144,36-45,Male,4211.0
10145,56-65,Male,9389.0
10146,26-35,Male,10778.0
10147,26-35,Male,2296.0
10148,26-35,Male,5284.0
10149,26-35,Male,6291.0
10150,26-35,Male,1943.0
10151,26-35,Male,2051.0
10152,36-45,Male,7402.0
10153,26-35,Female,8586.0
10154,56-65,Male,4766.0
10155,18-25,Male,3679.0
10156,46-55,Male,10628.0
10157,26-35,Male,4534.0
10158,36-45,Male,3089.0
10159,56-65,Female,8442.0
10160,36-45,Female,14493.0
10161,36-45,Female,3743.0
10162,36-45,Male,4498.0
10163,26-35,Male,4241.0
10164,36-45,Male,7341.0
10165,26-35,Female,10584.0
10166,56-65,Male,3320.0
10167,26-35,Female,8447.0
10168,18-25,Female,3087.0
10169,46-55,Male,4461.0
10170,26-35,Male,8457.0
10171,65+,Male,8423.0
10172,18-25,Male,1811.0
10173,46-55,Male,9665.0
10174,26-35,Female,3801.0
10175,26-35,Male,3906.0
10176,18-25,Male,1499.0
10177,46-55,Male,11658.0
10178,46-55,Male,5016.0
10179,26-35,Female,3838.0
10180,36-45,Male,6027.0
10181,26-35,Male,3677.0
10182,36-45,Male,9358.0
10183,36-45,Female,8807.0
10184,46-55,Female,5068.0
10185,26-35,Male,5304.0
10186,36-45,Male,8501.0
10187,46-55,Male,5482.0
10188,36-45,Female,6243.0
10189,26-35,Male,6240.0
10190,46-55,Male,2643.0
10191,26-35,Female,3665.0
10192,26-35,Male,1586.0
10193,26-35,Female,5776.0
10194,26-35,Male,4684.0
10195,36-45,Male,6058.0
10196,26-35,Female,4812.0
10197,36-45,Male,2698.0
10198,36-45,Female,7670.0
10199,36-45,Female,15715.0
10200,46-55,Male,14605.0
10201,26-35,Male,7575.0
10202,26-35,Male,1691.0
10203,26-35,Male,2897.0
10204,26-35,Male,6293.0
10205,36-45,Male,6222.0
10206,26-35,Male,37349.0
10207,26-35,Male,13122.0
10208,26-35,Female,5407.0
10209,36-45,Female,6559.0
10210,18-25,Male,2682.0
10211,26-35,Male,4157.0
10212,26-35,Male,4891.0
10213,26-35,Female,9078.0
10214,36-45,Male,7886.0
10215,26-35,Male,1994.0
10216,36-45,Male,3411.0
10217,26-35,Male,2538.0
10218,26-35,Male,6568.0
10219,26-35,Male,3020.0
10220,26-35,Female,4121.0
10221,26-35,Female,6815.0
10222,26-35,Male,10578.0
10223,26-35,Male,5508.0
10224,46-55,Male,13522.0
10225,36-45,Male,5207.0
10226,26-35,Male,3406.0
10227,56-65,Male,15072.0
10228,36-45,Female,2517.0
10229,26-35,Male,4203.0
10230,46-55,Male,2592.0
10231,36-45,Male,2188.0
10232,56-65,Male,8217.0
10233,26-35,Female,5923.0
10234,26-35,Male,3921.0
10235,36-45,Female,4011.0
10236,36-45,Male,3762.0
10237,36-45,Male,5414.0
10238,36-45,Male,3783.0
10239,26-35,Male,7070.0
10240,36-45,Male,6595.0
10241,26-35,Male,7030.0
10242,26-35,Male,1566.0
10243,56-65,Male,6339.0
10244,36-45,Male,11161.0
10245,18-25,Male,1705.0
10246,26-35,Male,1486.0
10247,36-45,Female,4295.0
10248,36-45,Male,13925.0
10249,46-55,Male,6508.0
10250,26-35,Female,3246.0
10251,36-45,Female,11686.0
10252,46-55,Female,4127.0
10253,56-65,Male,4689.0
10254,36-45,Female,11352.0
10255,36-45,Female,7540.0
10256,36-45,Female,4607.0
10257,36-45,Male,7859.0
10258,18-25,Male,6875.0
10259,65+,Female,2543.0
10260,18-25,Male,1207.0
10261,46-55,Male,8032.0
10262,46-55,Male,16853.0
10263,26-35,Male,5640.0
10264,46-55,Male,10882.0
10265,26-35,Female,3284.0
10266,26-35,Male,3362.0
10267,46-55,Male,5965.0
10268,36-45,Male,13207.0
10269,26-35,Male,1909.0
10270,36-45,Male,4261.0
10271,36-45,Male,5535.0
10272,18-25,Male,1813.0
10273,36-45,Male,3367.0
10274,36-45,Male,8830.0
10275,26-35,Male,2386.0
10276,36-45,Male,4158.0
10277,26-35,Female,3132.0
10278,46-55,Female,12451.0
10279,36-45,Female,5047.0
10280,46-55,Female,7716.0
10281,26-35,Male,3868.0
10282,26-35,Male,9022.0
10283,26-35,Male,2268.0
10284,36-45,Male,14405.0
10285,36-45,Male,9447.0
10286,26-35,Female,15841.0
10287,26-35,Male,4422.0
10288,46-55,Male,11553.0
10289,56-65,Male,4052.0
10290,46-55,Male,9659.0
10291,46-55,Male,8949.0
10292,36-45,Male,3728.0
10293,18-25,Male,9112.0
10294,36-45,Male,15722.0
10295,36-45,Male,4883.0
10296,26-35,Male,4244.0
10297,36-45,Male,5975.0
10298,26-35,Male,11500.0
10299,36-45,Male,2521.0
10300,26-35,Male,4666.0
10301,46-55,Male,9656.0
10302,26-35,Male,7717.0
10303,36-45,Male,3201.0
10304,46-55,Male,8085.0
10305,56-65,Female,26586.0
10306,46-55,Male,5940.0
10307,36-45,Male,6326.0
10308,26-35,Male,1238.0
10309,36-45,Male,12722.0
10310,65+,Male,4214.0
10311,36-45,Male,12525.0
10312,26-35,Female,6742.0
10313,36-45,Male,6514.0
10314,36-45,Female,14246.0
10315,46-55,Male,14854.0
10316,46-55,Female,8537.0
10317,26-35,Female,5333.0
10318,26-35,Male,7152.0
10319,26-35,Male,3140.0
10320,36-45,Male,3145.0
10321,36-45,Male,2442.0
10322,36-45,Male,7026.0
10323,65+,Male,10420.0
10324,36-45,Male,7978.0
10325,36-45,Male,2768.0
10326,46-55,Male,9385.0
10327,46-55,Male,6084.0
10328,26-35,Male,3216.0
10329,56-65,Female,9886.0
10330,26-35,Male,5059.0
10331,36-45,Male,7318.0
10332,26-35,Male,4195.0
10333,36-45,Male,16398.0
10334,36-45,Male,3648.0
10335,36-45,Male,4816.0
10336,56-65,Male,5698.0
10337,56-65,Male,16281.0
10338,36-45,Female,8780.0
10339,36-45,Female,3861.0
10340,26-35,Male,8649.0
10341,65+,Male,2476.0
10342,26-35,Male,2688.0
10343,18-25,Female,1355.0
10344,36-45,Male,14251.0
10345,56-65,Female,4899.0
10346,36-45,Male,3931.0
10347,46-55,Male,13223.0
10348,26-35,Male,6941.0
10349,18-25,Male,2273.0
10350,18-25,Male,3384.0
10351,26-35,Male,3683.0
10352,36-45,Male,4681.0
10353,18-25,Male,2986.0
10354,36-45,Male,6652.0
10355,56-65,Female,5261.0
10356,26-35,Female,4704.0
10357,26-35,Male,5738.0
10358,26-35,Female,3406.0
10359,36-45,Female,4883.0
10360,36-45,Male,6727.0
10361,36-45,Male,3909.0
10362,56-65,Male,9477.0
10363,36-45,Male,6357.0
10364,36-45,Male,8505.0
10365,26-35,Male,8964.0
10366,18-25,Female,3551.0
10367,26-35,Male,5652.0
10368,46-55,Male,10654.0
10369,26-35,Female,7878.0
10370,46-55,Male,10930.0
10371,46-55,Male,2747.0
10372,46-55,Male,6363.0
10373,26-35,Female,9384.0
10374,26-35,Male,4353.0
10375,26-35,Male,4397.0
10376,36-45,Female,25311.0
10377,46-55,Male,8833.0
10378,36-45,Female,8960.0
10379,26-35,Male,1726.0
10380,36-45,Male,9641.0
10381,56-65,Male,7264.0
10382,26-35,Female,5427.0
10383,36-45,Female,12077.0
10384,36-45,Male,6030.0
10385,26-35,Female,1204.0
10386,36-45,Male,11223.0
10387,26-35,Male,11785.0
10388,36-45,Female,7975.0
10389,36-45,Male,5569.0
10390,56-65,Male,6880.0
10391,36-45,Male,6480.0
10392,36-45,Female,4682.0
10393,26-35,Female,2590.0
10394,36-45,Male,2126.0
10395,36-45,Male,8501.0
10396,46-55,Female,14949.0
10397,36-45,Female,8746.0
10398,26-35,Male,3882.0
10399,26-35,Male,3907.0
10400,18-25,Female,4061.0
10401,36-45,Female,9828.0
10402,26-35,Female,9224.0
10403,46-55,Male,13376.0
10404,65+,Male,4613.0
10405,46-55,Male,11533.0
10406,56-65,Male,4585.0
10407,18-25,Male,2426.0
10408,36-45,Male,11537.0
10409,36-45,Male,5681.0
10410,56-65,Male,5383.0
10411,36-45,Female,7098.0
10412,18-25,Female,3730.0
10413,46-55,Male,4574.0
10414,26-35,Male,4270.0
10415,36-45,Male,7302.0
10416,26-35,Male,3570.0
10417,56-65,Male,14301.0
10418,36-45,Female,6480.0
10419,26-35,Male,2191.0
10420,26-35,Female,8964.0
10421,26-35,Male,3726.0
10422,36-45,Male,6016.0
10423,36-45,Female,4375.0
10424,26-35,Male,1177.0
10425,36-45,Female,11038.0
10426,18-25,Female,1764.0
10427,36-45,Male,6931.0
10428,36-45,Male,10268.0
10429,26-35,Male,3732.0
10430,18-25,Male,5626.0
10431,46-55,Male,9993.0
10432,56-65,Male,2731.0
10433,26-35,Male,2017.0
10434,18-25,Female,3383.0
10435,36-45,Male,5484.0
10436,26-35,Male,3061.0
10437,36-45,Male,3807.0
10438,46-55,Female,26485.0
10439,56-65,Male,6051.0
10440,36-45,Male,5867.0
10441,65+,Female,2499.0
10442,46-55,Male,10740.0
10443,56-65,Male,9606.0
10444,36-45,Male,7835.0
10445,46-55,Male,8015.0
10446,26-35,Male,2575.0
10447,46-55,Male,13385.0
10448,46-55,Male,5606.0
10449,26-35,Male,3539.0
10450,36-45,Male,4674.0
10451,26-35,Male,2453.0
10452,36-45,Male,6442.0
10453,36-45,Male,7595.0
10454,26-35,Male,5786.0
10455,26-35,Male,3412.0
10456,56-65,Female,7664.0
10457,36-45,Male,4287.0
10458,46-55,Male,12758.0
10459,26-35,Male,2419.0
10460,26-35,Male,3343.0
10461,46-55,Male,9047.0
10462,46-55,Female,7457.0
10463,36-45,Male,6405.0
10464,26-35,Male,4303.0
10465,26-35,Male,12231.0
10466,36-45,Male,2370.0
10467,26-35,Male,9178.0
10468,26-35,Male,7268.0
10469,26-35,Female,6827.0
10470,18-25,Male,1277.0
10471,65+,Male,2361.0
10472,18-25,Male,1164.0
10473,26-35,Female,9289.0
10474,26-35,Female,1333.0
10475,26-35,Male,5380.0
10476,26-35,Female,1349.0
10477,65+,Male,5175.0
10478,18-25,Male,1647.0
10479,18-25,Female,1056.0
10480,36-45,Male,3821.0
10481,26-35,Male,4232.0
10482,26-35,Male,4489.0
10483,26-35,Male,1623.0
10484,46-55,Male,8822.0
10485,56-65,Female,5001.0
10486,26-35,Male,1702.0
10487,46-55,Female,17323.0
10488,36-45,Female,11398.0
10489,36-45,Female,9349.0
10490,26-35,Male,9560.0
10491,26-35,Female,7775.0
10492,26-35,Male,3102.0
10493,26-35,Male,4649.0
10494,46-55,Male,6183.0
10495,36-45,Female,6933.0
10496,36-45,Male,5540.0
10497,46-55,Male,19560.0
10498,46-55,Female,3380.0
10499,18-25,Male,932.0
10500,46-55,Male,7024.0
10501,26-35,Female,6300.0
10502,26-35,Male,5375.0
10503,18-25,Male,1088.0
10504,18-25,Male,1364.0
10505,36-45,Female,3986.0
10506,26-35,Male,3807.0
10507,36-45,Female,7233.0
10508,18-25,Female,2106.0
10509,36-45,Male,5132.0
10510,26-35,Male,2411.0
10511,36-45,Male,6548.0
10512,46-55,Male,8906.0
10513,46-55,Male,6338.0
10514,26-35,Male,1904.0
10515,18-25,Male,3101.0
10516,26-35,Female,8546.0
10517,18-25,Female,5308.0
10518,36-45,Male,5492.0
10519,26-35,Male,3270.0
10520,46-55,Male,8547.0
10521,46-55,Male,14421.0
10522,36-45,Male,4266.0
10523,36-45,Male,11390.0
10524,56-65,Male,8080.0
10525,36-45,Male,9736.0
10526,26-35,Male,8247.0
10527,26-35,Male,2952.0
10528,26-35,Male,4980.0
10529,46-55,Female,8530.0
10530,56-65,Male,9234.0
10531,26-35,Male,6047.0
10532,36-45,Male,5999.0
10533,26-35,Male,8358.0
10534,36-45,Female,5873.0
10535,26-35,Female,2841.0
10536,26-35,Male,7608.0
10537,26-35,Female,2459.0
10538,26-35,Female,2243.0
10539,26-35,Male,2931.0
10540,56-65,Male,10997.0
10541,36-45,Male,4656.0
10542,26-35,Male,16570.0
10543,36-45,Male,6100.0
10544,26-35,Female,2784.0
10545,36-45,Male,3886.0
10546,46-55,Male,29814.0
10547,36-45,Female,12254.0
10548,26-35,Male,2700.0
10549,36-45,Female,16430.0
10550,18-25,Female,3123.0
10551,36-45,Male,4800.0
10552,36-45,Male,5035.0
10553,65+,Female,4565.0
10554,46-55,Male,6393.0
10555,26-35,Female,2024.0
10556,26-35,Female,2227.0
10557,26-35,Female,2380.0
10558,26-35,Male,13606.0
10559,36-45,Female,6058.0
10560,36-45,Male,2859.0
10561,36-45,Female,5053.0
10562,18-25,Male,2191.0
10563,26-35,Male,8188.0
10564,26-35,Female,7314.0
10565,36-45,Male,10407.0
10566,26-35,Male,1780.0
10567,46-55,Male,9659.0
10568,36-45,Male,5429.0
10569,18-25,Female,1285.0
10570,46-55,Female,11762.0
10571,56-65,Male,6525.0
10572,36-45,Female,6225.0
10573,26-35,Male,6270.0
10574,26-35,Male,3618.0
10575,26-35,Female,1117.0
10576,36-45,Female,8917.0
10577,46-55,Male,10267.0
10578,26-35,Male,2498.0
10579,46-55,Male,12036.0
10580,26-35,Female,3005.0
10581,26-35,Male,3054.0
10582,36-45,Male,8398.0
10583,36-45,Male,8767.0
10584,46-55,Male,7120.0
10585,46-55,Male,8302.0
10586,26-35,Male,2554.0
10587,26-35,Male,4697.0
10588,56-65,Female,6320.0
10589,26-35,Female,2355.0
10590,26-35,Male,5973.0
10591,36-45,Male,15245.0
10592,26-35,Female,6577.0
10593,26-35,Female,3570.0
10594,46-55,Male,4678.0
10595,26-35,Male,2256.0
10596,36-45,Female,10381.0
10597,26-35,Male,1753.0
10598,36-45,Female,9018.0
10599,26-35,Male,17208.0
10600,46-55,Male,6153.0
10601,36-45,Male,6240.0
10602,56-65,Male,11957.0
10603,18-25,Female,1064.0
10604,18-25,Male,5290.0
10605,36-45,Male,7385.0
10606,26-35,Male,3780.0
10607,36-45,Male,6656.0
10608,26-35,Female,3585.0
10609,46-55,Male,18387.0
10610,26-35,Male,5132.0
10611,26-35,Male,3881.0
10612,36-45,Male,12684.0
10613,65+,Male,2601.0
10614,56-65,Male,6503.0
10615,36-45,Male,11033.0
10616,26-35,Female,9617.0
10617,56-65,Female,6082.0
10618,46-55,Male,13399.0
10619,46-55,Female,8305.0
10620,26-35,Male,12678.0
10621,26-35,Male,4787.0
10622,46-55,Male,6184.0
10623,18-25,Male,7023.0
10624,56-65,Female,12146.0
10625,36-45,Male,5044.0
10626,36-45,Male,4471.0
10627,65+,Male,4074.0
10628,18-25,Female,1570.0
10629,36-45,Male,4600.0
10630,46-55,Male,4271.0
10631,36-45,Male,9241.0
10632,46-55,Female,7985.0
10633,26-35,Male,5463.0
10634,56-65,Male,14204.0
10635,26-35,Male,4081.0
10636,36-45,Male,8353.0
10637,18-25,Male,1472.0
10638,26-35,Male,6176.0
10639,26-35,Male,6749.0
10640,26-35,Male,5062.0
10641,36-45,Male,4254.0
10642,46-55,Male,7697.0
10643,26-35,Male,3377.0
10644,36-45,Male,6089.0
10645,36-45,Male,2768.0
10646,56-65,Male,3745.0
10647,26-35,Male,4295.0
10648,26-35,Female,2541.0
10649,36-45,Male,9124.0
10650,56-65,Male,5734.0
10651,36-45,Male,9807.0
10652,56-65,Male,5605.0
10653,36-45,Female,9658.0
10654,36-45,Male,4437.0
10655,56-65,Male,7942.0
10656,26-35,Male,2747.0
10657,56-65,Male,7959.0
10658,36-45,Male,9240.0
10659,26-35,Male,6032.0
10660,36-45,Male,6963.0
10661,18-25,Female,973.0
10662,26-35,Male,2745.0
10663,36-45,Male,7182.0
10664,56-65,Male,9952.0
10665,46-55,Male,6261.0
10666,26-35,Female,3285.0
10667,36-45,Female,2912.0
10668,26-35,Male,2260.0
10669,36-45,Female,7231.0
10670,36-45,Male,11479.0
10671,46-55,Female,5627.0
10672,26-35,Female,4531.0
10673,36-45,Male,1881.0
10674,56-65,Female,7469.0
10675,36-45,Male,15039.0
10676,36-45,Male,4124.0
10677,46-55,Male,4782.0
10678,36-45,Male,4786.0
10679,26-35,Male,7583.0
10680,46-55,Male,6663.0
10681,26-35,Female,5974.0
10682,36-45,Male,5825.0
10683,36-45,Male,8396.0
10684,36-45,Male,8388.0
10685,36-45,Female,7145.0
10686,65+,Male,5263.0
10687,18-25,Male,2060.0
10688,36-45,Male,10910.0
10689,36-45,Male,6458.0
10690,65+,Male,3006.0
10691,26-35,Male,2523.0
10692,36-45,Female,3350.0
10693,36-45,Female,7084.0
10694,46-55,Male,6134.0
10695,36-45,Male,8166.0
10696,46-55,Male,17334.0
10697,18-25,Male,1088.0
10698,26-35,Male,4996.0
10699,26-35,Male,6005.0
10700,26-35,Male,3922.0
10701,36-45,Male,6351.0
10702,26-35,Male,4314.0
10703,36-45,Male,3974.0
10704,36-45,Female,4880.0
10705,46-55,Male,15036.0
10706,46-55,Male,11978.0
10707,65+,Male,3216.0
10708,36-45,Female,3957.0
10709,46-55,Male,3338.0
10710,26-35,Male,4192.0
10711,46-55,Male,7104.0
10712,26-35,Male,2829.0
10713,26-35,Female,7752.0
10714,36-45,Male,6646.0
10715,56-65,Female,3132.0
10716,26-35,Female,7935.0
10717,36-45,Male,5370.0
10718,46-55,Male,11033.0
10719,36-45,Female,9135.0
10720,26-35,Male,3634.0
10721,26-35,Male,2928.0
10722,36-45,Female,5458.0
10723,56-65,Female,15309.0
10724,36-45,Female,7589.0
10725,26-35,Male,3323.0
10726,18-25,Female,5108.0
10727,56-65,Female,10130.0
10728,36-45,Male,10289.0
10729,26-35,Male,3723.0
10730,26-35,Male,3335.0
10731,18-25,Female,2054.0
10732,46-55,Female,11003.0
10733,26-35,Male,5063.0
10734,26-35,Male,6454.0
10735,26-35,Male,3040.0
10736,26-35,Female,13418.0
10737,36-45,Male,3781.0
10738,56-65,Male,12550.0
10739,36-45,Male,7383.0
10740,26-35,Male,3317.0
10741,18-25,Male,2203.0
10742,36-45,Female,20372.0
10743,26-35,Female,2051.0
10744,26-35,Male,4851.0
10745,26-35,Male,7141.0
10746,46-55,Female,3882.0
10747,36-45,Male,4661.0
10748,56-65,Male,8945.0
10749,46-55,Male,11094.0
10750,46-55,Female,8911.0
10751,36-45,Male,4900.0
10752,36-45,Male,4773.0
10753,36-45,Male,1873.0
10754,26-35,Female,2097.0
10755,46-55,Female,7747.0
10756,36-45,Male,6799.0
10757,18-25,Female,2185.0
10758,36-45,Male,6447.0
10759,36-45,Female,4872.0
10760,26-35,Female,2202.0
10761,56-65,Male,7170.0
10762,26-35,Male,3674.0
10763,46-55,Male,2887.0
10764,36-45,Male,2839.0
10765,36-45,Male,7800.0
10766,36-45,Female,3884.0
10767,26-35,Female,7877.0
10768,46-55,Male,5382.0
10769,26-35,Female,4004.0
10770,36-45,Male,10552.0
10771,26-35,Male,3325.0
10772,18-25,Male,2332.0
10773,56-65,Female,10510.0
10774,26-35,Male,4158.0
10775,36-45,Male,7591.0
10776,18-25,Female,1640.0
10777,65+,Male,8653.0
10778,26-35,Male,5250.0
10779,36-45,Female,9423.0
10780,46-55,Male,8002.0
10781,56-65,Male,4868.0
10782,26-35,Female,11571.0
10783,36-45,Male,1281.0
10784,56-65,Male,2859.0
10785,26-35,Female,4901.0
10786,26-35,Male,4145.0
10787,26-35,Female,5234.0
10788,26-35,Male,1349.0
10789,56-65,Male,3247.0
10790,26-35,Male,2155.0
10791,65+,Male,1783.0
10792,26-35,Male,4770.0
10793,26-35,Male,4682.0
10794,46-55,Female,9496.0
10795,65+,Male,7430.0
10796,26-35,Male,5531.0
10797,36-45,Female,9960.0
10798,46-55,Male,7425.0
10799,36-45,Female,8382.0
10800,46-55,Male,5405.0
10801,18-25,Female,4768.0
10802,26-35,Male,3862.0
10803,46-55,Male,28299.0
10804,26-35,Female,4187.0
10805,26-35,Female,4113.0
10806,26-35,Male,1811.0
10807,26-35,Male,10984.0
10808,36-45,Male,2426.0
10809,36-45,Female,10400.0
10810,36-45,Male,4954.0
10811,18-25,Male,1489.0
10812,56-65,Male,15844.0
10813,26-35,Female,3148.0
10814,26-35,Male,8069.0
10815,26-35,Male,3817.0
10816,26-35,Male,6045.0
10817,46-55,Female,31985.0
10818,46-55,Female,10853.0
10819,26-35,Male,9075.0
10820,26-35,Female,1993.0
10821,36-45,Male,10032.0
10822,46-55,Male,24635.0
10823,26-35,Female,4332.0
10824,18-25,Male,3917.0
10825,46-55,Male,10901.0
10826,36-45,Female,7300.0
10827,46-55,Male,6355.0
10828,26-35,Female,1583.0
10829,26-35,Female,3208.0
10830,26-35,Male,1607.0
10831,36-45,Male,2820.0
10832,18-25,Male,6936.0
10833,56-65,Male,20895.0
10834,36-45,Female,13552.0
10835,26-35,Female,6955.0
10836,36-45,Male,4261.0
10837,36-45,Male,9466.0
10838,46-55,Female,10167.0
10839,26-35,Male,8022.0
10840,56-65,Male,5343.0
10841,36-45,Male,4272.0
10842,36-45,Male,8318.0
10843,26-35,Male,5012.0
10844,26-35,Male,2479.0
10845,56-65,Male,14049.0
10846,36-45,Male,9693.0
10847,46-55,Male,13265.0
10848,26-35,Male,5222.0
10849,36-45,Male,3180.0
10850,18-25,Male,1433.0
10851,56-65,Male,8750.0
10852,46-55,Male,9804.0
10853,36-45,Male,7991.0
10854,36-45,Male,2323.0
10855,26-35,Female,5348.0
10856,46-55,Female,10793.0
10857,26-35,Male,1374.0
10858,36-45,Male,9512.0
10859,36-45,Female,9085.0
10860,36-45,Female,7308.0
10861,46-55,Female,22009.0
10862,56-65,Male,10867.0
10863,26-35,Male,3116.0
10864,36-45,Male,5668.0
10865,26-35,Male,1142.0
10866,26-35,Male,5288.0
10867,65+,Male,13432.0
10868,36-45,Male,8904.0
10869,46-55,Female,7629.0
10870,36-45,Female,8283.0
10871,56-65,Female,16148.0
10872,56-65,Female,7649.0
10873,36-45,Female,8807.0
10874,36-45,Male,5473.0
10875,36-45,Male,5881.0
10876,36-45,Female,11393.0
10877,36-45,Female,4653.0
10878,26-35,Male,3126.0
10879,18-25,Male,1292.0
10880,26-35,Male,2339.0
10881,26-35,Male,2631.0
10882,36-45,Female,7462.0
10883,46-55,Male,10531.0
10884,36-45,Male,4329.0
10885,26-35,Male,2586.0
10886,26-35,Male,7282.0
10887,36-45,Male,3308.0
10888,26-35,Male,3020.0
10889,36-45,Male,6998.0
10890,26-35,Male,7704.0
10891,26-35,Female,6171.0
10892,36-45,Male,9387.0
10893,46-55,Male,17420.0
10894,65+,Male,3730.0
10895,46-55,Male,6487.0
10896,36-45,Female,12786.0
10897,26-35,Male,4899.0
10898,26-35,Male,2961.0
10899,36-45,Male,8925.0
10900,46-55,Male,6082.0
10901,26-35,Male,7553.0
10902,26-35,Male,3171.0
10903,26-35,Female,4097.0
10904,26-35,Male,3639.0
10905,36-45,Female,4071.0
10906,36-45,Male,4377.0
10907,26-35,Male,3674.0
10908,36-45,Male,14537.0
10909,26-35,Male,3524.0
10910,36-45,Male,4080.0
10911,26-35,Female,3086.0
10912,36-45,Male,12676.0
10913,26-35,Female,6791.0
10914,56-65,Male,9874.0
10915,26-35,Male,4923.0
10916,36-45,Male,4989.0
10917,46-55,Male,10168.0
10918,18-25,Female,2046.0
10919,36-45,Male,8327.0
10920,36-45,Male,4726.0
10921,26-35,Male,7407.0
10922,36-45,Female,6699.0
10923,56-65,Male,4110.0
10924,18-25,Male,3247.0
10925,18-25,Male,932.0
10926,26-35,Male,2839.0
10927,26-35,Male,13429.0
10928,46-55,Male,6429.0
10929,26-35,Male,1453.0
10930,36-45,Male,5328.0
10931,18-25,Male,2051.0
10932,18-25,Male,2517.0
10933,36-45,Male,5317.0
10934,18-25,Male,2484.0
10935,26-35,Male,4559.0
10936,46-55,Male,8011.0
10937,26-35,Male,12459.0
10938,26-35,Male,2885.0
10939,26-35,Male,8213.0
10940,26-35,Male,5695.0
10941,46-55,Female,5710.0
10942,26-35,Male,7092.0
10943,26-35,Male,12759.0
10944,36-45,Male,5450.0
10945,26-35,Male,2216.0
10946,56-65,Female,8880.0
10947,36-45,Male,3476.0
10948,46-55,Male,5783.0
10949,26-35,Male,6099.0
10950,36-45,Male,9945.0
10951,26-35,Male,3911.0
10952,36-45,Female,8656.0
10953,26-35,Female,4396.0
10954,26-35,Male,6942.0
10955,56-65,Male,4857.0
10956,46-55,Female,3904.0
10957,26-35,Female,2813.0
10958,26-35,Female,5463.0
10959,36-45,Female,3641.0
10960,46-55,Male,7767.0
10961,18-25,Female,6787.0
10962,46-55,Male,6697.0
10963,26-35,Male,4334.0
10964,46-55,Female,11066.0
10965,18-25,Female,3781.0
10966,36-45,Male,4582.0
10967,46-55,Female,7237.0
10968,36-45,Male,3058.0
10969,26-35,Male,7545.0
10970,56-65,Male,20010.0
10971,46-55,Male,7862.0
10972,36-45,Female,19484.0
10973,26-35,Female,3448.0
10974,36-45,Male,11427.0
10975,36-45,Male,7766.0
10976,36-45,Female,7424.0
10977,26-35,Male,2142.0
10978,36-45,Female,6631.0
10979,26-35,Male,6511.0
10980,46-55,Female,4984.0
10981,18-25,Male,5377.0
10982,36-45,Male,17537.0
10983,36-45,Male,8418.0
10984,26-35,Male,1892.0
10985,65+,Female,4333.0
10986,26-35,Male,8708.0
10987,26-35,Male,2689.0
10988,36-45,Male,9624.0
10989,26-35,Male,5607.0
10990,65+,Female,3155.0
10991,36-45,Male,5675.0
10992,36-45,Female,5920.0
10993,36-45,Male,17210.0
10994,26-35,Male,6301.0
10995,26-35,Male,3170.0
10996,26-35,Male,7168.0
10997,26-35,Male,5983.0
10998,36-45,Male,7980.0
10999,18-25,Male,1903.0
11000,26-35,Male,6196.0
11001,26-35,Female,5196.0
11002,46-55,Male,9597.0
11003,26-35,Male,3871.0
11004,46-55,Female,6721.0
11005,26-35,Female,2602.0
11006,26-35,Male,1692.0
11007,56-65,Male,5172.0
11008,36-45,Male,8408.0
11009,56-65,Female,24703.0
11010,46-55,Male,14598.0
11011,56-65,Female,7676.0
11012,36-45,Female,12040.0
11013,36-45,Female,6068.0
11014,36-45,Male,4941.0
11015,26-35,Male,6325.0
11016,26-35,Male,1528.0
11017,26-35,Female,3283.0
11018,26-35,Female,2725.0
11019,26-35,Male,3142.0
11020,46-55,Female,5259.0
11021,36-45,Female,4025.0
11022,26-35,Female,5736.0
11023,65+,Male,12064.0
11024,26-35,Female,8044.0
11025,46-55,Male,4488.0
11026,26-35,Male,3200.0
11027,36-45,Female,13073.0
11028,36-45,Female,8911.0
11029,65+,Male,6098.0
11030,56-65,Male,12901.0
11031,26-35,Female,2834.0
11032,18-25,Male,1629.0
11033,36-45,Female,12259.0
11034,36-45,Male,9569.0
11035,18-25,Female,1358.0
11036,56-65,Female,2627.0
11037,36-45,Male,20119.0
11038,26-35,Female,11791.0
11039,36-45,Male,19090.0
11040,26-35,Male,1574.0
11041,36-45,Male,5836.0
11042,26-35,Male,10385.0
11043,56-65,Male,9456.0
11044,26-35,Male,19148.0
11045,18-25,Male,1713.0
11046,26-35,Male,4646.0
11047,36-45,Male,5842.0
11048,36-45,Female,4195.0
11049,46-55,Male,13435.0
11050,36-45,Male,8214.0
11051,36-45,Female,2053.0
11052,26-35,Female,2659.0
11053,46-55,Male,5008.0
11054,18-25,Male,4301.0
11055,36-45,Male,7428.0
11056,56-65,Male,2637.0
11057,26-35,Male,2095.0
11058,56-65,Male,3588.0
11059,36-45,Male,11475.0
11060,46-55,Male,10872.0
11061,46-55,Male,10119.0
11062,26-35,Male,3244.0
11063,46-55,Female,9268.0
11064,65+,Male,9842.0
11065,36-45,Female,5244.0
11066,26-35,Male,3715.0
11067,36-45,Male,5733.0
11068,36-45,Male,9190.0
11069,26-35,Male,9717.0
11070,46-55,Male,7925.0
11071,36-45,Male,5957.0
11072,56-65,Male,7672.0
11073,46-55,Female,6409.0
11074,36-45,Female,6111.0
11075,26-35,Male,2989.0
11076,26-35,Female,4096.0
11077,36-45,Female,7496.0
11078,26-35,Female,2526.0
11079,36-45,Male,3663.0
11080,56-65,Male,5054.0
11081,26-35,Female,8962.0
11082,26-35,Male,4782.0
11083,56-65,Male,2739.0
11084,46-55,Male,9726.0
11085,65+,Female,5724.0
11086,18-25,Male,2872.0
11087,26-35,Male,1824.0
11088,18-25,Female,1311.0
11089,46-55,Male,7008.0
11090,36-45,Male,9549.0
11091,36-45,Female,6610.0
11092,26-35,Male,3552.0
11093,26-35,Male,3787.0
11094,26-35,Male,2354.0
11095,26-35,Male,3739.0
11096,26-35,Female,1304.0
11097,26-35,Female,2920.0
11098,36-45,Male,4703.0
11099,36-45,Male,7431.0
11100,36-45,Male,6864.0
11101,56-65,Female,4630.0
11102,18-25,Male,1740.0
11103,26-35,Male,1136.0
11104,36-45,Male,7286.0
11105,26-35,Female,6588.0
11106,46-55,Male,14859.0
11107,46-55,Male,8046.0
11108,56-65,Male,6600.0
11109,26-35,Male,3980.0
11110,18-25,Male,2179.0
11111,26-35,Female,5326.0
11112,26-35,Male,3688.0
11113,46-55,Male,10220.0
11114,18-25,Male,1514.0
11115,26-35,Female,8007.0
11116,26-35,Male,2904.0
11117,56-65,Male,7366.0
11118,46-55,Male,9291.0
11119,26-35,Male,2590.0
11120,18-25,Male,3778.0
11121,65+,Female,3572.0
11122,26-35,Male,10484.0
11123,36-45,Male,13445.0
11124,56-65,Male,12845.0
11125,65+,Male,20531.0
11126,26-35,Male,7980.0
11127,46-55,Male,8928.0
11128,36-45,Male,9259.0
11129,26-35,Male,3008.0
11130,36-45,Male,21314.0
11131,56-65,Male,4298.0
11132,56-65,Male,11001.0
11133,46-55,Female,8436.0
11134,56-65,Male,8700.0
11135,36-45,Female,11737.0
11136,46-55,Male,10282.0
11137,56-65,Male,3435.0
11138,36-45,Male,6964.0
11139,36-45,Female,5726.0
11140,26-35,Female,4478.0
11141,26-35,Male,4104.0
11142,18-25,Male,1812.0
11143,36-45,Male,4210.0
11144,36-45,Male,3560.0
11145,36-45,Male,3576.0
11146,36-45,Male,13413.0
11147,26-35,Male,2742.0
11148,36-45,Male,8539.0
11149,46-55,Female,8058.0
11150,26-35,Male,3854.0
11151,36-45,Male,8499.0
11152,26-35,Female,1904.0
11153,36-45,Female,4125.0
11154,26-35,Female,1633.0
11155,18-25,Male,5431.0
11156,18-25,Female,3213.0
11157,36-45,Male,11397.0
11158,36-45,Male,4326.0
11159,18-25,Female,958.0
11160,36-45,Female,6672.0
11161,26-35,Male,2574.0
11162,36-45,Male,1747.0
11163,26-35,Male,5549.0
11164,26-35,Male,2052.0
11165,36-45,Female,3243.0
11166,36-45,Male,5776.0
11167,36-45,Male,9787.0
11168,36-45,Male,3774.0
11169,36-45,Male,10636.0
11170,26-35,Male,2316.0
11171,26-35,Male,9876.0
11172,36-45,Male,8031.0
11173,18-25,Male,1296.0
11174,18-25,Male,1729.0
11175,56-65,Male,21230.0
11176,36-45,Female,4925.0
11177,36-45,Female,16885.0
11178,36-45,Male,12959.0
11179,56-65,Male,3695.0
11180,36-45,Male,8682.0
11181,36-45,Male,5704.0
11182,65+,Female,8567.0
11183,36-45,Male,7518.0
11184,26-35,Female,4242.0
11185,56-65,Male,7419.0
11186,46-55,Male,18243.0
11187,18-25,Male,2530.0
11188,18-25,Male,4308.0
11189,26-35,Male,2645.0
11190,56-65,Female,3619.0
11191,26-35,Male,2607.0
11192,46-55,Male,8972.0
11193,26-35,Female,4614.0
11194,36-45,Male,8293.0
11195,18-25,Male,842.0
11196,36-45,Male,2855.0
11197,26-35,Male,3414.0
11198,46-55,Male,9126.0
11199,26-35,Male,3777.0
11200,46-55,Male,8369.0
11201,26-35,Male,3084.0
11202,36-45,Male,7196.0
11203,36-45,Male,9130.0
11204,26-35,Male,1178.0
11205,26-35,Male,6916.0
11206,26-35,Male,2515.0
11207,46-55,Male,9548.0
11208,36-45,Male,11390.0
11209,18-25,Male,1649.0
11210,36-45,Female,5285.0
11211,36-45,Female,20287.0
11212,46-55,Male,7166.0
11213,18-25,Male,2357.0
11214,36-45,Male,8832.0
11215,26-35,Male,3709.0
11216,26-35,Male,3372.0
11217,36-45,Male,3749.0
11218,36-45,Female,10255.0
11219,26-35,Male,8063.0
11220,46-55,Male,5707.0
11221,26-35,Male,3366.0
11222,26-35,Male,5513.0
11223,36-45,Male,4414.0
11224,46-55,Male,7103.0
11225,26-35,Male,2842.0
11226,56-65,Male,7552.0
11227,26-35,Male,3195.0
11228,26-35,Male,2822.0
11229,36-45,Male,9813.0
11230,18-25,Male,1599.0
11231,46-55,Male,10097.0
11232,36-45,Male,13038.0
11233,36-45,Male,4783.0
11234,26-35,Female,2613.0
11235,26-35,Male,2165.0
11236,65+,Male,2111.0
11237,26-35,Female,6484.0
11238,26-35,Female,7333.0
11239,26-35,Male,2999.0
11240,46-55,Male,3650.0
11241,36-45,Male,5453.0
11242,36-45,Male,6469.0
11243,56-65,Male,7956.0
11244,46-55,Female,3863.0
11245,46-55,Male,3855.0
11246,46-55,Male,3263.0
11247,46-55,Male,36245.0
11248,46-55,Male,10367.0
11249,46-55,Male,14890.0
11250,56-65,Female,7652.0
11251,26-35,Male,4474.0
11252,36-45,Male,5550.0
11253,26-35,Male,2564.0
11254,36-45,Male,10976.0
11255,18-25,Male,1603.0
11256,26-35,Female,3025.0
11257,46-55,Male,11634.0
11258,36-45,Male,6665.0
11259,26-35,Male,4157.0
11260,26-35,Male,3609.0
11261,65+,Male,4927.0
11262,26-35,Female,2931.0
11263,46-55,Male,9095.0
11264,56-65,Male,4072.0
11265,18-25,Male,1221.0
11266,65+,Female,7203.0
11267,36-45,Male,3967.0
11268,46-55,Female,22009.0
11269,36-45,Male,4249.0
11270,26-35,Female,6008.0
11271,36-45,Female,3632.0
11272,26-35,Female,7166.0
11273,26-35,Female,8472.0
11274,26-35,Male,3559.0
11275,56-65,Male,10702.0
11276,18-25,Male,4020.0
11277,36-45,Male,3618.0
11278,36-45,Female,7430.0
11279,36-45,Male,16540.0
11280,46-55,Female,13019.0
11281,26-35,Female,4700.0
11282,36-45,Male,12034.0
11283,26-35,Female,3840.0
11284,26-35,Male,2077.0
11285,46-55,Male,13830.0
11286,36-45,Male,4064.0
11287,26-35,Female,2258.0
11288,56-65,Female,4723.0
11289,36-45,Male,16046.0
11290,36-45,Female,21251.0
11291,46-55,Male,12341.0
11292,26-35,Female,1685.0
11293,18-25,Male,1023.0
11294,26-35,Male,5400.0
11295,26-35,Male,7005.0
11296,46-55,Male,5105.0
11297,36-45,Male,4677.0
11298,36-45,Male,17767.0
11299,56-65,Male,14684.0
11300,46-55,Female,8157.0
11301,46-55,Male,7806.0
11302,36-45,Male,6274.0
11303,36-45,Male,12487.0
11304,18-25,Male,2538.0
11305,26-35,Female,6819.0
11306,36-45,Male,2380.0
11307,26-35,Male,2059.0
11308,46-55,Male,8366.0
11309,36-45,Male,5116.0
11310,26-35,Male,3725.0
11311,36-45,Female,4736.0
11312,46-55,Male,8650.0
11313,26-35,Male,2880.0
11314,26-35,Male,5405.0
11315,18-25,Female,2185.0
11316,18-25,Female,3039.0
11317,36-45,Female,4711.0
11318,26-35,Female,5878.0
11319,36-45,Male,21783.0
11320,26-35,Male,3431.0
11321,46-55,Male,5326.0
11322,56-65,Male,14920.0
11323,46-55,Female,14242.0
11324,26-35,Male,7462.0
11325,36-45,Male,11377.0
11326,36-45,Male,10172.0
11327,36-45,Male,4583.0
11328,36-45,Female,4324.0
11329,36-45,Male,12832.0
11330,36-45,Female,3787.0
11331,26-35,Male,3223.0
11332,36-45,Male,9104.0
11333,46-55,Male,8409.0
11334,26-35,Female,4527.0
11335,26-35,Female,1257.0
11336,65+,Female,3449.0
11337,26-35,Male,2532.0
11338,56-65,Male,3540.0
11339,36-45,Male,8083.0
11340,26-35,Male,3962.0
11341,18-25,Male,1304.0
11342,26-35,Male,6025.0
11343,46-55,Male,10770.0
11344,26-35,Female,3434.0
11345,18-25,Female,4405.0
11346,46-55,Male,6281.0
11347,36-45,Male,13124.0
11348,26-35,Male,3234.0
11349,46-55,Male,3790.0
11350,36-45,Male,14336.0
11351,56-65,Male,4495.0
11352,36-45,Male,9028.0
11353,56-65,Male,5847.0
11354,36-45,Male,9861.0
11355,36-45,Male,8067.0
11356,56-65,Female,7885.0
11357,36-45,Male,2558.0
11358,46-55,Male,11375.0
11359,36-45,Male,4593.0
11360,26-35,Female,7717.0
11361,26-35,Female,7261.0
11362,26-35,Male,3025.0
11363,46-55,Male,8515.0
11364,36-45,Male,16387.0
11365,26-35,Female,4237.0
11366,26-35,Male,2419.0
11367,26-35,Male,4264.0
11368,46-55,Male,4059.0
11369,26-35,Male,2140.0
11370,56-65,Male,11655.0
11371,36-45,Male,3662.0
11372,26-35,Female,5340.0
11373,56-65,Male,7450.0
11374,26-35,Male,8613.0
11375,26-35,Male,6515.0
11376,26-35,Female,5658.0
11377,36-45,Male,7054.0
11378,26-35,Male,2954.0
11379,36-45,Female,7063.0
11380,26-35,Male,3976.0
11381,36-45,Male,8962.0
11382,56-65,Male,7531.0
11383,18-25,Male,2004.0
11384,65+,Male,2405.0
11385,46-55,Male,3374.0
11386,36-45,Female,16887.0
11387,26-35,Male,2081.0
11388,65+,Female,2307.0
11389,26-35,Male,4569.0
11390,46-55,Male,9395.0
11391,36-45,Male,4963.0
11392,26-35,Male,2953.0
11393,36-45,Female,28405.0
11394,46-55,Male,6486.0
11395,36-45,Male,4038.0
11396,36-45,Female,5881.0
11397,56-65,Male,4058.0
11398,65+,Female,2663.0
11399,26-35,Male,5008.0
11400,36-45,Male,8734.0
11401,36-45,Male,5584.0
11402,56-65,Male,5069.0
11403,18-25,Male,2404.0
11404,26-35,Female,7444.0
11405,18-25,Female,2576.0
11406,36-45,Male,4813.0
11407,26-35,Male,4067.0
11408,26-35,Male,16358.0
11409,26-35,Male,1692.0
11410,36-45,Male,10507.0
11411,18-25,Male,4103.0
11412,36-45,Male,8879.0
11413,36-45,Male,5631.0
11414,26-35,Male,6445.0
11415,46-55,Female,12240.0
11416,46-55,Male,8429.0
11417,46-55,Male,3822.0
11418,65+,Male,10001.0
11419,46-55,Male,11255.0
11420,36-45,Male,10372.0
11421,26-35,Male,5437.0
11422,36-45,Female,3759.0
11423,26-35,Female,13090.0
11424,26-35,Male,3662.0
11425,26-35,Male,2515.0
11426,26-35,Female,6691.0
11427,65+,Male,4382.0
11428,36-45,Male,12242.0
11429,65+,Male,8493.0
11430,46-55,Female,11471.0
11431,46-55,Male,14890.0
11432,65+,Male,5306.0
11433,36-45,Male,6655.0
11434,56-65,Female,5341.0
11435,36-45,Male,8006.0
11436,36-45,Male,14543.0
11437,36-45,Female,5791.0
11438,36-45,Female,6668.0
11439,36-45,Male,10079.0
11440,26-35,Male,7037.0
11441,36-45,Female,4563.0
11442,36-45,Male,7608.0
11443,36-45,Male,11691.0
11444,18-25,Male,2992.0
11445,56-65,Female,5381.0
11446,26-35,Female,5157.0
11447,26-35,Female,1976.0
11448,46-55,Female,8963.0
11449,26-35,Male,4356.0
11450,46-55,Male,6832.0
11451,36-45,Male,8511.0
11452,46-55,Male,2728.0
11453,18-25,Female,1906.0
11454,26-35,Female,5493.0
11455,36-45,Male,6674.0
11456,26-35,Male,4697.0
11457,26-35,Female,7929.0
11458,26-35,Male,8616.0
11459,36-45,Male,4434.0
11460,26-35,Male,2511.0
11461,18-25,Male,2432.0
11462,26-35,Female,3693.0
11463,36-45,Male,2925.0
11464,46-55,Female,12944.0
11465,46-55,Female,3126.0
11466,18-25,Male,14773.0
11467,46-55,Male,8918.0
11468,26-35,Male,12174.0
11469,26-35,Male,5996.0
11470,26-35,Male,5292.0
11471,36-45,Male,5351.0
11472,26-35,Female,2771.0
11473,56-65,Female,11835.0
11474,26-35,Male,2309.0
11475,46-55,Male,6502.0
11476,26-35,Male,4159.0
11477,26-35,Male,12337.0
11478,36-45,Female,12224.0
11479,36-45,Female,7878.0
11480,26-35,Male,4814.0
11481,36-45,Male,7417.0
11482,56-65,Male,17811.0
11483,26-35,Male,3393.0
11484,36-45,Male,4125.0
11485,36-45,Female,7192.0
11486,26-35,Male,1743.0
11487,26-35,Male,9631.0
11488,46-55,Male,5905.0
11489,36-45,Male,10088.0
11490,36-45,Male,3429.0
11491,46-55,Male,6338.0
11492,18-25,Male,2030.0
11493,56-65,Male,5349.0
11494,36-45,Male,8539.0
11495,36-45,Male,3811.0
11496,26-35,Male,5258.0
11497,26-35,Female,7538.0
11498,26-35,Female,3449.0
11499,36-45,Female,2595.0
11500,46-55,Male,2760.0
11501,26-35,Female,7855.0
11502,26-35,Female,4801.0
11503,46-55,Male,6199.0
11504,36-45,Female,6958.0
11505,26-35,Male,2781.0
11506,26-35,Female,10310.0
11507,18-25,Female,500.0
11508,36-45,Male,7419.0
11509,56-65,Male,3785.0
11510,46-55,Male,9145.0
11511,18-25,Male,1589.0
11512,26-35,Female,9106.0
11513,46-55,Male,7286.0
11514,46-55,Male,6823.0
11515,26-35,Male,13298.0
11516,36-45,Female,7886.0
11517,26-35,Male,5744.0
11518,36-45,Male,6331.0
11519,26-35,Male,4782.0
11520,26-35,Male,4727.0
11521,26-35,Male,4170.0
11522,26-35,Male,5384.0
11523,36-45,Male,5146.0
11524,46-55,Male,3270.0
11525,26-35,Male,8239.0
11526,18-25,Male,3221.0
11527,26-35,Male,3675.0
11528,36-45,Male,4227.0
11529,46-55,Male,14335.0
11530,65+,Male,3283.0
11531,36-45,Female,6995.0
11532,18-25,Male,9458.0
11533,26-35,Male,1880.0
11534,26-35,Male,5190.0
11535,26-35,Female,3760.0
11536,36-45,Male,7411.0
11537,26-35,Male,7003.0
11538,46-55,Male,5330.0
11539,26-35,Male,1432.0
11540,26-35,Female,1683.0
11541,36-45,Male,9110.0
11542,46-55,Male,7956.0
11543,26-35,Male,5763.0
11544,56-65,Male,13284.0
11545,26-35,Male,3499.0
11546,26-35,Female,830.0
11547,46-55,Female,6282.0
11548,36-45,Male,5309.0
11549,26-35,Female,4082.0
11550,56-65,Female,15001.0
11551,26-35,Female,8162.0
11552,46-55,Male,3828.0
11553,18-25,Male,2230.0
11554,36-45,Male,4933.0
11555,26-35,Male,5421.0
11556,26-35,Male,2149.0
11557,56-65,Female,9138.0
11558,18-25,Male,2065.0
11559,56-65,Female,5215.0
11560,18-25,Male,1518.0
11561,36-45,Female,12477.0
11562,36-45,Male,3905.0
11563,26-35,Male,5068.0
11564,26-35,Male,4748.0
11565,18-25,Male,1453.0
11566,26-35,Male,3944.0
11567,26-35,Male,6749.0
11568,36-45,Male,1795.0
11569,26-35,Male,4055.0
11570,18-25,Male,1343.0
11571,26-35,Female,5074.0
11572,36-45,Male,11736.0
11573,36-45,Female,9462.0
11574,46-55,Male,5020.0
11575,56-65,Male,6974.0
11576,26-35,Male,6345.0
11577,26-35,Male,3304.0
11578,26-35,Male,8770.0
11579,36-45,Male,4077.0
11580,36-45,Male,4709.0
11581,18-25,Female,3133.0
11582,46-55,Male,7073.0
11583,36-45,Female,9654.0
11584,46-55,Male,2618.0
11585,46-55,Male,8478.0
11586,36-45,Male,7448.0
11587,36-45,Male,14404.0
11588,36-45,Male,10840.0
11589,26-35,Male,2647.0
11590,46-55,Male,14106.0
11591,46-55,Female,12822.0
11592,26-35,Male,1386.0
11593,36-45,Male,6210.0
11594,36-45,Male,13775.0
11595,26-35,Male,1733.0
11596,36-45,Male,5763.0
11597,26-35,Female,5356.0
11598,36-45,Male,7192.0
11599,36-45,Male,9247.0
11600,56-65,Male,3546.0
11601,26-35,Male,1881.0
11602,46-55,Male,5604.0
11603,26-35,Male,2349.0
11604,36-45,Male,6363.0
11605,18-25,Female,688.0
11606,36-45,Female,8031.0
11607,46-55,Male,18624.0
11608,26-35,Male,4083.0
11609,36-45,Male,26854.0
11610,46-55,Male,3309.0
11611,36-45,Male,8525.0
11612,56-65,Male,11333.0
11613,18-25,Female,1156.0
11614,36-45,Male,17557.0
11615,18-25,Female,4929.0
11616,26-35,Male,3221.0
11617,46-55,Male,20052.0
11618,36-45,Male,4505.0
11619,46-55,Female,8458.0
11620,26-35,Female,9390.0
11621,36-45,Female,3123.0
11622,65+,Female,1969.0
11623,18-25,Male,2724.0
11624,65+,Female,5063.0
11625,56-65,Male,6847.0
11626,18-25,Male,3186.0
11627,56-65,Male,9589.0
11628,36-45,Male,9982.0
11629,36-45,Female,10289.0
11630,56-65,Female,4344.0
11631,36-45,Male,9019.0
11632,18-25,Male,2013.0
11633,36-45,Male,12659.0
11634,36-45,Female,6260.0
11635,56-65,Male,1898.0
11636,36-45,Male,6915.0
11637,26-35,Male,2518.0
11638,46-55,Male,4881.0
11639,65+,Female,3381.0
11640,56-65,Male,9101.0
11641,46-55,Male,14690.0
11642,46-55,Female,22102.0
11643,46-55,Male,3504.0
11644,18-25,Female,2253.0
11645,26-35,Male,5930.0
11646,46-55,Male,14270.0
11647,26-35,Male,4647.0
11648,46-55,Male,7560.0
11649,56-65,Male,10846.0
11650,18-25,Female,1895.0
11651,46-55,Male,9540.0
11652,26-35,Female,1352.0
11653,36-45,Female,5356.0
11654,36-45,Male,8595.0
11655,46-55,Male,9133.0
11656,56-65,Male,10202.0
11657,18-25,Female,2044.0
11658,65+,Male,3840.0
11659,18-25,Female,4497.0
11660,36-45,Male,8656.0
11661,46-55,Male,10826.0
11662,18-25,Male,2915.0
11663,26-35,Male,4219.0
11664,26-35,Male,6836.0
11665,26-35,Female,1980.0
11666,18-25,Male,2294.0
11667,46-55,Male,13199.0
11668,65+,Male,5368.0
11669,46-55,Male,13645.0
11670,36-45,Female,7027.0
11671,36-45,Female,4892.0
11672,36-45,Female,9429.0
11673,36-45,Male,4684.0
11674,26-35,Female,9649.0
11675,56-65,Female,2508.0
11676,46-55,Male,11117.0
11677,26-35,Male,4292.0
11678,26-35,Male,4972.0
11679,36-45,Male,6390.0
11680,46-55,Female,22227.0
11681,46-55,Female,3874.0
11682,26-35,Female,2489.0
11683,36-45,Female,12517.0
11684,26-35,Female,3634.0
11685,56-65,Male,5376.0
11686,36-45,Male,5906.0
11687,36-45,Male,6780.0
11688,36-45,Male,6239.0
11689,56-65,Male,5128.0
11690,36-45,Female,8494.0
11691,26-35,Male,3720.0
11692,36-45,Male,8607.0
11693,18-25,Male,1298.0
11694,56-65,Male,3776.0
11695,56-65,Male,6094.0
11696,46-55,Male,11236.0
11697,46-55,Female,4996.0
11698,18-25,Male,6404.0
11699,18-25,Female,1830.0
11700,36-45,Male,4331.0
11701,36-45,Male,6251.0
11702,46-55,Female,10616.0
11703,46-55,Male,6345.0
11704,36-45,Female,4728.0
11705,36-45,Male,2225.0
11706,36-45,Male,7581.0
11707,26-35,Male,4298.0
11708,36-45,Male,12754.0
11709,26-35,Male,10547.0
11710,36-45,Female,2638.0
11711,56-65,Male,12385.0
11712,26-35,Female,2476.0
11713,26-35,Male,9903.0
11714,46-55,Male,1941.0
11715,26-35,Male,1931.0
11716,26-35,Male,11280.0
11717,18-25,Male,2856.0
11718,46-55,Male,7278.0
11719,65+,Male,2423.0
11720,26-35,Male,1421.0
11721,36-45,Female,3785.0
11722,26-35,Female,3881.0
11723,18-25,Female,3949.0
11724,26-35,Male,11940.0
11725,18-25,Male,1509.0
11726,36-45,Male,2609.0
11727,26-35,Female,2368.0
11728,26-35,Female,5512.0
11729,26-35,Female,3743.0
11730,18-25,Male,3797.0
11731,46-55,Female,9137.0
11732,56-65,Female,6340.0
11733,26-35,Female,6218.0
11734,56-65,Female,6653.0
11735,18-25,Male,1166.0
11736,46-55,Male,6696.0
11737,26-35,Male,2166.0
11738,46-55,Male,8525.0
11739,36-45,Male,6335.0
11740,26-35,Female,3649.0
11741,26-35,Male,6405.0
11742,26-35,Female,3429.0
11743,36-45,Male,14179.0
11744,56-65,Male,14368.0
11745,26-35,Male,9805.0
11746,46-55,Male,10669.0
11747,26-35,Male,4149.0
11748,46-55,Male,3201.0
11749,36-45,Female,16461.0
11750,36-45,Female,12480.0
11751,56-65,Male,4423.0
11752,36-45,Male,7671.0
11753,36-45,Female,10053.0
11754,36-45,Male,6745.0
11755,26-35,Male,16311.0
11756,46-55,Male,7224.0
11757,26-35,Female,5127.0
11758,36-45,Male,11522.0
11759,36-45,Male,8986.0
11760,26-35,Female,995.0
11761,56-65,Male,5441.0
11762,36-45,Male,11421.0
11763,46-55,Male,6985.0
11764,36-45,Male,3095.0
11765,26-35,Male,3288.0
11766,46-55,Male,5505.0
11767,36-45,Male,19886.0
11768,18-25,Male,5650.0
11769,46-55,Male,8561.0
11770,46-55,Female,5417.0
11771,26-35,Male,8820.0
11772,46-55,Male,8827.0
11773,36-45,Male,9324.0
11774,36-45,Male,10673.0
11775,56-65,Male,3466.0
11776,26-35,Male,4818.0
11777,36-45,Male,7851.0
11778,26-35,Male,3001.0
11779,26-35,Male,4684.0
11780,26-35,Female,3919.0
11781,36-45,Female,4250.0
11782,18-25,Female,2440.0
11783,26-35,Male,2313.0
11784,36-45,Male,5982.0
11785,18-25,Female,927.0
11786,26-35,Female,8560.0
11787,26-35,Male,2527.0
11788,46-55,Male,22864.0
11789,36-45,Female,6701.0
11790,46-55,Female,10259.0
11791,18-25,Female,2990.0
11792,26-35,Male,4348.0
11793,26-35,Male,2589.0
11794,26-35,Female,5213.0
11795,26-35,Female,6715.0
11796,36-45,Male,5144.0
11797,26-35,Male,3848.0
11798,26-35,Male,2200.0
11799,26-35,Male,1866.0
11800,26-35,Male,5357.0
11801,36-45,Female,9124.0
11802,36-45,Male,9534.0
11803,26-35,Female,18327.0
11804,46-55,Male,4474.0
11805,26-35,Male,5593.0
11806,26-35,Male,13160.0
11807,18-25,Female,902.0
11808,36-45,Male,3762.0
11809,26-35,Male,2223.0
11810,26-35,Female,3969.0
11811,46-55,Male,12075.0
11812,36-45,Male,7462.0
11813,26-35,Female,2948.0
11814,26-35,Female,4766.0
11815,36-45,Male,8365.0
11816,36-45,Male,6132.0
11817,26-35,Male,2345.0
11818,46-55,Male,4655.0
11819,36-45,Male,4416.0
11820,36-45,Female,10934.0
11821,56-65,Male,13674.0
11822,26-35,Male,5776.0
11823,36-45,Male,8899.0
11824,56-65,Male,14267.0
11825,56-65,Female,10147.0
11826,26-35,Female,2135.0
11827,18-25,Female,2728.0
11828,46-55,Female,9233.0
11829,26-35,Male,5096.0
11830,36-45,Female,3020.0
11831,36-45,Female,5078.0
11832,36-45,Female,10365.0
11833,26-35,Female,6465.0
11834,56-65,Female,11207.0
11835,18-25,Female,2264.0
11836,26-35,Female,4370.0
11837,46-55,Male,11864.0
11838,36-45,Female,4532.0
11839,26-35,Male,4244.0
11840,36-45,Female,10935.0
11841,65+,Male,8874.0
11842,56-65,Male,8076.0
11843,56-65,Female,18132.0
11844,26-35,Male,10792.0
11845,65+,Male,8368.0
11846,36-45,Female,14278.0
11847,36-45,Male,6879.0
11848,26-35,Male,6583.0
11849,36-45,Male,7528.0
11850,18-25,Male,6719.0
11851,56-65,Male,5657.0
11852,56-65,Male,3207.0
11853,46-55,Female,4332.0
11854,46-55,Male,10153.0
11855,26-35,Male,7164.0
11856,36-45,Male,7869.0
11857,36-45,Male,6226.0
11858,46-55,Female,6528.0
11859,65+,Male,5887.0
11860,18-25,Male,1965.0
11861,36-45,Female,4813.0
11862,26-35,Female,3600.0
11863,36-45,Male,15271.0
11864,46-55,Male,9808.0
11865,18-25,Male,1246.0
11866,26-35,Male,2465.0
11867,46-55,Male,4327.0
11868,26-35,Female,3142.0
11869,18-25,Female,2863.0
11870,26-35,Male,3191.0
11871,26-35,Male,12194.0
11872,26-35,Male,4359.0
11873,36-45,Male,7433.0
11874,18-25,Male,3049.0
11875,18-25,Male,913.0
11876,18-25,Male,3366.0
11877,26-35,Male,18281.0
11878,46-55,Female,13085.0
11879,36-45,Male,3579.0
11880,18-25,Male,1895.0
11881,18-25,Female,4738.0
11882,56-65,Female,11535.0
11883,46-55,Male,6434.0
11884,18-25,Male,1167.0
11885,46-55,Male,11043.0
11886,36-45,Male,17215.0
11887,26-35,Male,3453.0
11888,18-25,Male,2863.0
11889,26-35,Male,3096.0
11890,26-35,Male,4252.0
11891,26-35,Male,5288.0
11892,18-25,Male,1230.0
11893,26-35,Female,5518.0
11894,26-35,Female,6444.0
11895,26-35,Male,7985.0
11896,36-45,Female,2447.0
11897,36-45,Female,11710.0
11898,26-35,Male,4084.0
11899,26-35,Female,5928.0
11900,36-45,Male,4600.0
11901,26-35,Female,4392.0
11902,18-25,Male,1482.0
11903,36-45,Female,2739.0
11904,26-35,Female,4917.0
11905,46-55,Male,11852.0
11906,46-55,Female,4756.0
11907,36-45,Male,2904.0
11908,18-25,Female,3910.0
11909,46-55,Male,6617.0
11910,65+,Female,7864.0
11911,26-35,Male,5924.0
11912,18-25,Female,610.0
11913,46-55,Male,5134.0
11914,36-45,Male,11016.0
11915,36-45,Male,2073.0
11916,36-45,Male,2616.0
11917,36-45,Male,8578.0
11918,56-65,Male,5559.0
11919,36-45,Male,5168.0
11920,46-55,Male,5323.0
11921,36-45,Male,16021.0
11922,46-55,Male,4000.0
11923,26-35,Male,10048.0
11924,36-45,Male,5698.0
11925,18-25,Male,2018.0
11926,36-45,Male,7885.0
11927,26-35,Female,4348.0
11928,36-45,Male,9926.0
11929,26-35,Male,4280.0
11930,46-55,Male,9485.0
11931,36-45,Male,6300.0
11932,26-35,Female,8308.0
11933,26-35,Male,2550.0
11934,56-65,Male,2658.0
11935,26-35,Male,3186.0
11936,18-25,Male,1543.0
11937,36-45,Female,8261.0
11938,46-55,Male,12310.0
11939,18-25,Male,2843.0
11940,26-35,Female,5373.0
11941,36-45,Male,4539.0
11942,26-35,Male,5947.0
11943,18-25,Male,881.0
11944,46-55,Female,17152.0
11945,26-35,Male,4670.0
11946,56-65,Male,5681.0
11947,46-55,Male,7125.0
11948,18-25,Male,3329.0
11949,26-35,Male,8094.0
11950,26-35,Male,4452.0
11951,56-65,Male,3874.0
11952,36-45,Male,2579.0
11953,26-35,Female,6155.0
11954,18-25,Female,1446.0
11955,46-55,Female,13667.0
11956,56-65,Male,9013.0
11957,26-35,Male,7462.0
11958,36-45,Male,4259.0
11959,26-35,Female,3449.0
11960,26-35,Female,11656.0
11961,26-35,Female,1590.0
11962,26-35,Male,2108.0
11963,26-35,Male,4604.0
11964,26-35,Female,4038.0
11965,26-35,Male,3443.0
11966,26-35,Male,5205.0
11967,18-25,Male,1778.0
11968,18-25,Male,4197.0
11969,26-35,Male,4623.0
11970,26-35,Male,4135.0
11971,36-45,Male,6732.0
11972,26-35,Male,3174.0
11973,36-45,Male,8943.0
11974,26-35,Female,3419.0
11975,36-45,Female,10766.0
11976,26-35,Female,2972.0
11977,36-45,Male,5051.0
11978,26-35,Male,7347.0
11979,36-45,Male,6013.0
11980,26-35,Female,2837.0
11981,26-35,Female,2639.0
11982,56-65,Male,12716.0
11983,36-45,Male,7619.0
11984,46-55,Male,6482.0
11985,56-65,Male,5302.0
11986,26-35,Male,4088.0
11987,46-55,Male,3646.0
11988,26-35,Male,3195.0
11989,36-45,Male,13729.0
11990,18-25,Male,956.0
11991,26-35,Male,2997.0
11992,36-45,Male,13838.0
11993,65+,Male,5897.0
11994,46-55,Female,6762.0
11995,46-55,Female,10395.0
11996,26-35,Male,4246.0
11997,26-35,Male,8876.0
11998,56-65,Male,3391.0
11999,26-35,Male,5860.0
12000,26-35,Female,3425.0
12001,26-35,Male,4452.0
12002,26-35,Female,2996.0
12003,65+,Male,4754.0
12004,56-65,Male,8635.0
12005,26-35,Female,6102.0
12006,65+,Male,2690.0
12007,36-45,Male,6938.0
12008,18-25,Female,6689.0
12009,46-55,Male,10707.0
12010,18-25,Male,1008.0
12011,36-45,Male,8297.0
12012,36-45,Male,4928.0
12013,36-45,Female,6256.0
12014,46-55,Female,10564.0
12015,26-35,Male,3119.0
12016,26-35,Male,10811.0
12017,36-45,Male,5229.0
12018,36-45,Male,8345.0
12019,36-45,Female,13677.0
12020,36-45,Female,8095.0
12021,36-45,Male,16756.0
12022,46-55,Female,2911.0
12023,26-35,Male,7379.0
12024,65+,Male,5398.0
12025,36-45,Female,3671.0
12026,36-45,Female,23226.0
12027,18-25,Male,4280.0
12028,56-65,Male,7021.0
12029,56-65,Male,4449.0
12030,26-35,Male,1375.0
12031,36-45,Female,7135.0
12032,46-55,Male,5075.0
12033,56-65,Male,4749.0
12034,26-35,Male,4351.0
12035,36-45,Male,6825.0
12036,26-35,Male,3743.0
12037,18-25,Female,1983.0
12038,26-35,Female,4320.0
12039,46-55,Female,12751.0
12040,36-45,Male,5728.0
12041,26-35,Male,6501.0
12042,26-35,Male,2897.0
12043,36-45,Male,9754.0
12044,46-55,Female,9126.0
12045,46-55,Male,19150.0
12046,36-45,Female,3750.0
12047,65+,Female,3932.0
12048,18-25,Male,1116.0
12049,36-45,Female,2774.0
12050,26-35,Female,6861.0
12051,36-45,Female,6540.0
12052,26-35,Male,2041.0
12053,26-35,Male,6728.0
12054,36-45,Female,8108.0
12055,46-55,Male,12252.0
12056,56-65,Male,8538.0
12057,46-55,Female,12437.0
12058,46-55,Female,9653.0
12059,46-55,Male,7903.0
12060,46-55,Male,6879.0
12061,26-35,Male,4491.0
12062,56-65,Male,7952.0
12063,36-45,Male,4702.0
12064,26-35,Male,5620.0
12065,26-35,Male,6360.0
12066,26-35,Female,7118.0
12067,56-65,Male,8412.0
12068,36-45,Male,16902.0
12069,65+,Female,2333.0
12070,26-35,Female,3148.0
12071,46-55,Male,9046.0
12072,46-55,Male,10226.0
12073,26-35,Male,4848.0
12074,26-35,Male,3975.0
12075,46-55,Female,11801.0
12076,36-45,Male,7165.0
12077,65+,Male,3605.0
12078,36-45,Male,3596.0
12079,36-45,Male,4697.0
12080,18-25,Male,780.0
12081,36-45,Male,4029.0
12082,46-55,Male,11200.0
12083,26-35,Female,5171.0
12084,26-35,Male,2993.0
12085,36-45,Male,5220.0
12086,46-55,Male,15700.0
12087,18-25,Male,3395.0
12088,26-35,Female,6298.0
12089,56-65,Male,2723.0
12090,36-45,Female,16453.0
12091,26-35,Female,5871.0
12092,26-35,Male,6802.0
12093,26-35,Male,9109.0
12094,36-45,Male,5426.0
12095,26-35,Male,3853.0
12096,36-45,Male,7699.0
12097,26-35,Male,9715.0
12098,18-25,Female,1270.0
12099,46-55,Female,20731.0
12100,36-45,Male,6088.0
12101,26-35,Male,7898.0
12102,56-65,Male,30085.0
12103,26-35,Male,7293.0
12104,26-35,Female,1293.0
12105,36-45,Male,15929.0
12106,36-45,Male,4937.0
12107,26-35,Male,3873.0
12108,26-35,Male,8133.0
12109,36-45,Male,4627.0
12110,36-45,Male,6679.0
12111,26-35,Male,2958.0
12112,36-45,Male,8170.0
12113,26-35,Male,1863.0
12114,46-55,Male,9322.0
12115,26-35,Male,4838.0
12116,36-45,Male,8831.0
12117,26-35,Male,7844.0
12118,26-35,Female,18436.0
12119,26-35,Female,5692.0
12120,36-45,Male,5783.0
12121,18-25,Male,2276.0
12122,26-35,Male,5890.0
12123,36-45,Female,12166.0
12124,26-35,Male,8945.0
12125,56-65,Male,4933.0
12126,65+,Male,3100.0
12127,26-35,Male,1233.0
12128,26-35,Male,12609.0
12129,26-35,Female,2692.0
12130,26-35,Male,4094.0
12131,26-35,Male,4484.0
12132,26-35,Male,2437.0
12133,26-35,Male,3026.0
12134,26-35,Male,8094.0
12135,36-45,Female,7511.0
12136,26-35,Male,6197.0
12137,36-45,Male,6803.0
12138,36-45,Male,8523.0
12139,18-25,Male,1302.0
12140,46-55,Female,9006.0
12141,26-35,Male,2774.0
12142,36-45,Male,7006.0
12143,26-35,Female,5781.0
12144,26-35,Female,5614.0
12145,26-35,Male,24460.0
12146,26-35,Male,3259.0
12147,26-35,Male,3312.0
12148,26-35,Male,8190.0
12149,26-35,Female,3857.0
12150,26-35,Male,2330.0
12151,36-45,Male,3992.0
12152,26-35,Male,3283.0
12153,36-45,Male,8830.0
12154,46-55,Female,5254.0
12155,46-55,Male,25052.0
12156,56-65,Female,8317.0
12157,56-65,Male,5601.0
12158,36-45,Female,4802.0
12159,36-45,Male,4292.0
12160,26-35,Female,6256.0
12161,26-35,Male,6554.0
12162,56-65,Female,5029.0
12163,26-35,Male,3630.0
12164,26-35,Male,8506.0
12165,36-45,Male,5126.0
12166,26-35,Female,2675.0
12167,36-45,Male,6541.0
12168,36-45,Male,9163.0
12169,26-35,Male,7500.0
12170,46-55,Female,12958.0
12171,26-35,Male,4949.0
12172,36-45,Male,6348.0
12173,46-55,Male,15219.0
12174,18-25,Male,14242.0
12175,46-55,Female,10251.0
12176,36-45,Male,10335.0
12177,36-45,Male,5399.0
12178,46-55,Male,8352.0
12179,36-45,Male,4634.0
12180,36-45,Male,2549.0
12181,36-45,Male,8284.0
12182,36-45,Male,5150.0
12183,46-55,Male,8498.0
12184,26-35,Female,7312.0
12185,26-35,Male,3139.0
12186,56-65,Female,8439.0
12187,26-35,Female,2417.0
12188,26-35,Female,2483.0
12189,46-55,Male,5813.0
12190,26-35,Male,3848.0
12191,26-35,Male,3690.0
12192,26-35,Male,3199.0
12193,36-45,Male,22794.0
12194,36-45,Female,17277.0
12195,56-65,Male,9708.0
12196,36-45,Male,10009.0
12197,56-65,Male,2747.0
12198,36-45,Female,8714.0
12199,26-35,Male,4710.0
12200,36-45,Female,8153.0
12201,46-55,Female,8037.0
12202,26-35,Male,3578.0
12203,36-45,Male,18358.0
12204,36-45,Male,7072.0
12205,26-35,Male,5673.0
12206,46-55,Male,10968.0
12207,46-55,Female,9625.0
12208,56-65,Male,9694.0
12209,26-35,Female,9429.0
12210,18-25,Male,3600.0
12211,36-45,Male,13978.0
12212,18-25,Male,913.0
12213,46-55,Male,11077.0
12214,56-65,Female,6307.0
12215,65+,Male,8229.0
12216,56-65,Male,8312.0
12217,26-35,Male,4960.0
12218,18-25,Female,3446.0
12219,18-25,Male,1631.0
12220,36-45,Female,3633.0
12221,26-35,Male,7682.0
12222,56-65,Female,9216.0
12223,46-55,Female,9306.0
12224,46-55,Male,9970.0
12225,26-35,Male,2235.0
12226,26-35,Male,5710.0
12227,46-55,Male,8318.0
12228,46-55,Male,4344.0
12229,26-35,Male,2396.0
12230,26-35,Male,2879.0
12231,26-35,Female,7352.0
12232,26-35,Male,6601.0
12233,36-45,Female,6442.0
12234,26-35,Male,5020.0
12235,26-35,Male,4159.0
12236,26-35,Male,11634.0
12237,18-25,Male,4841.0
12238,26-35,Female,5953.0
12239,18-25,Male,3730.0
12240,36-45,Male,4969.0
12241,36-45,Male,5617.0
12242,36-45,Male,14797.0
12243,26-35,Male,3489.0
12244,56-65,Male,8184.0
12245,26-35,Male,4506.0
12246,36-45,Female,15456.0
12247,46-55,Male,2654.0
12248,18-25,Male,5469.0
12249,26-35,Female,3088.0
12250,46-55,Male,5489.0
12251,36-45,Female,4107.0
12252,46-55,Male,6740.0
12253,26-35,Male,4065.0
12254,18-25,Male,4822.0
12255,65+,Male,6907.0
12256,36-45,Male,7238.0
12257,36-45,Male,7319.0
12258,26-35,Male,2676.0
12259,26-35,Male,5991.0
12260,36-45,Male,3967.0
12261,46-55,Male,6898.0
12262,26-35,Male,6354.0
12263,18-25,Female,1059.0
12264,26-35,Male,9853.0
12265,46-55,Female,10245.0
12266,46-55,Male,4267.0
12267,26-35,Female,2387.0
12268,46-55,Female,5027.0
12269,36-45,Female,7845.0
12270,36-45,Female,13640.0
12271,36-45,Male,2713.0
12272,18-25,Male,730.0
12273,46-55,Male,16107.0
12274,26-35,Male,14139.0
12275,26-35,Female,2627.0
12276,46-55,Male,5657.0
12277,46-55,Female,9837.0
12278,26-35,Male,2702.0
12279,46-55,Male,2828.0
12280,36-45,Male,6758.0
12281,26-35,Male,6679.0
12282,56-65,Male,9049.0
12283,26-35,Male,2276.0
12284,26-35,Male,6752.0
12285,56-65,Male,14232.0
12286,26-35,Female,2788.0
12287,56-65,Male,4195.0
12288,46-55,Male,7712.0
12289,26-35,Female,2259.0
12290,18-25,Male,2256.0
12291,56-65,Male,7488.0
12292,26-35,Male,3224.0
12293,26-35,Female,7155.0
12294,36-45,Male,5441.0
12295,46-55,Male,27307.0
12296,46-55,Female,11788.0
12297,36-45,Male,10848.0
12298,26-35,Male,7628.0
12299,36-45,Male,9232.0
12300,26-35,Male,2834.0
12301,36-45,Male,7636.0
12302,36-45,Female,4944.0
12303,46-55,Female,7337.0
12304,46-55,Male,11302.0
12305,18-25,Male,1505.0
12306,36-45,Male,10596.0
12307,46-55,Male,51702.0
12308,36-45,Male,5976.0
12309,18-25,Male,2519.0
12310,18-25,Female,3387.0
12311,36-45,Female,4033.0
12312,46-55,Male,5061.0
12313,56-65,Male,4304.0
12314,36-45,Male,10427.0
12315,26-35,Female,2275.0
12316,36-45,Male,4343.0
12317,36-45,Male,4170.0
12318,56-65,Female,5639.0
12319,36-45,Female,9144.0
12320,65+,Female,3749.0
12321,26-35,Male,8349.0
12322,18-25,Male,7372.0
12323,36-45,Male,12600.0
12324,26-35,Male,5317.0
12325,26-35,Male,15341.0
12326,56-65,Male,7778.0
12327,56-65,Male,8300.0
12328,36-45,Female,7504.0
12329,46-55,Male,8931.0
12330,18-25,Male,628.0
12331,46-55,Female,9521.0
12332,26-35,Male,5967.0
12333,46-55,Male,12381.0
12334,36-45,Male,6739.0
12335,36-45,Female,3696.0
12336,36-45,Male,6375.0
12337,46-55,Male,8934.0
12338,46-55,Male,10981.0
12339,18-25,Male,907.0
12340,36-45,Male,5978.0
12341,18-25,Male,1100.0
12342,46-55,Female,9870.0
12343,26-35,Male,7001.0
12344,36-45,Male,7002.0
12345,36-45,Female,11493.0
12346,26-35,Male,2364.0
12347,56-65,Male,12449.0
12348,36-45,Male,9043.0
12349,26-35,Male,2905.0
12350,36-45,Male,2895.0
12351,36-45,Male,3014.0
12352,36-45,Male,8023.0
12353,36-45,Female,8795.0
12354,18-25,Male,5773.0
12355,36-45,Male,12031.0
12356,36-45,Female,6044.0
12357,56-65,Male,4299.0
12358,36-45,Male,14279.0
12359,36-45,Male,7861.0
12360,36-45,Male,8270.0
12361,36-45,Female,13053.0
12362,36-45,Female,2985.0
12363,36-45,Male,3761.0
12364,26-35,Male,6175.0
12365,26-35,Male,7407.0
12366,36-45,Male,7696.0
12367,36-45,Male,5229.0
12368,36-45,Male,6290.0
12369,36-45,Male,4399.0
12370,46-55,Male,6167.0
12371,36-45,Female,4982.0
12372,36-45,Male,12220.0
12373,26-35,Male,3335.0
12374,36-45,Male,7696.0
12375,26-35,Male,6426.0
12376,36-45,Female,15150.0
12377,26-35,Male,5196.0
12378,36-45,Male,9337.0
12379,36-45,Male,12392.0
12380,18-25,Female,3150.0
12381,46-55,Male,6340.0
12382,18-25,Female,5065.0
12383,56-65,Female,7801.0
12384,26-35,Male,4780.0
12385,18-25,Male,1369.0
12386,46-55,Female,5953.0
12387,26-35,Male,2555.0
12388,46-55,Female,16781.0
12389,56-65,Male,8133.0
12390,36-45,Male,6219.0
12391,46-55,Male,8734.0
12392,36-45,Male,12655.0
12393,36-45,Male,7113.0
12394,56-65,Male,8076.0
12395,65+,Male,3156.0
12396,36-45,Female,5625.0
12397,36-45,Male,23067.0
12398,36-45,Male,8526.0
12399,46-55,Male,9552.0
12400,36-45,Male,10614.0
12401,46-55,Female,7237.0
12402,36-45,Male,8390.0
12403,18-25,Male,1698.0
12404,36-45,Male,16109.0
12405,46-55,Male,3486.0
12406,36-45,Male,5485.0
12407,26-35,Female,14856.0
12408,36-45,Male,6483.0
12409,36-45,Male,4153.0
12410,65+,Male,9823.0
12411,36-45,Male,5434.0
12412,26-35,Female,6536.0
12413,36-45,Male,4273.0
12414,26-35,Male,9052.0
12415,26-35,Male,5920.0
12416,36-45,Male,3013.0
12417,36-45,Female,5909.0
12418,18-25,Female,964.0
12419,26-35,Male,3706.0
12420,46-55,Male,11798.0
12421,26-35,Male,2689.0
12422,26-35,Male,20654.0
12423,46-55,Female,12903.0
12424,18-25,Male,8753.0
12425,18-25,Male,1217.0
12426,26-35,Male,8407.0
12427,36-45,Female,2800.0
12428,26-35,Male,4501.0
12429,26-35,Male,3905.0
12430,46-55,Male,15475.0
12431,18-25,Male,1441.0
12432,26-35,Female,2458.0
12433,36-45,Female,6796.0
12434,56-65,Male,4237.0
12435,46-55,Male,7400.0
12436,26-35,Male,5426.0
12437,36-45,Male,6246.0
12438,26-35,Male,4533.0
12439,36-45,Male,4465.0
12440,46-55,Female,7557.0
12441,56-65,Male,4315.0
12442,65+,Male,4420.0
12443,46-55,Female,7157.0
12444,26-35,Male,1839.0
12445,26-35,Female,1172.0
12446,46-55,Male,7357.0
12447,46-55,Female,6646.0
12448,36-45,Female,12294.0
12449,26-35,Male,1862.0
12450,26-35,Male,3263.0
12451,36-45,Female,10655.0
12452,36-45,Female,10982.0
12453,26-35,Male,3466.0
12454,36-45,Male,14318.0
12455,26-35,Male,10442.0
12456,46-55,Male,11091.0
12457,18-25,Male,2926.0
12458,36-45,Female,3099.0
12459,36-45,Male,19417.0
12460,36-45,Male,5893.0
12461,36-45,Male,4903.0
12462,18-25,Male,1759.0
12463,46-55,Female,11286.0
12464,36-45,Male,3828.0
12465,36-45,Male,16679.0
12466,36-45,Female,9664.0
12467,65+,Male,10135.0
12468,26-35,Female,6575.0
12469,46-55,Female,15764.0
12470,46-55,Male,11258.0
12471,26-35,Female,4652.0
12472,36-45,Male,7776.0
12473,26-35,Male,5974.0
12474,36-45,Male,5802.0
12475,26-35,Female,3549.0
12476,26-35,Male,1986.0
12477,26-35,Male,2201.0
12478,46-55,Male,5291.0
12479,46-55,Male,4127.0
12480,36-45,Male,15856.0
12481,46-55,Female,9385.0
12482,46-55,Male,13248.0
12483,18-25,Male,2294.0
12484,26-35,Female,1865.0
12485,56-65,Male,7084.0
12486,36-45,Male,4836.0
12487,18-25,Male,4674.0
12488,36-45,Male,5265.0
12489,36-45,Female,11689.0
12490,46-55,Female,10395.0
12491,65+,Male,5246.0
12492,46-55,Male,2731.0
12493,36-45,Male,3866.0
12494,26-35,Male,9915.0
12495,26-35,Male,1567.0
12496,36-45,Male,5757.0
12497,46-55,Female,7925.0
12498,36-45,Female,6293.0
12499,36-45,Male,6442.0
12500,36-45,Male,4718.0
12501,26-35,Male,2733.0
12502,36-45,Male,11244.0
12503,18-25,Male,702.0
12504,46-55,Female,9524.0
12505,36-45,Female,9480.0
12506,56-65,Male,9764.0
12507,36-45,Male,10383.0
12508,46-55,Male,9241.0
12509,26-35,Female,1860.0
12510,36-45,Female,6214.0
12511,46-55,Female,10215.0
12512,46-55,Male,10259.0
12513,26-35,Male,5134.0
12514,26-35,Female,2405.0
12515,18-25,Male,4706.0
12516,26-35,Female,5416.0
12517,36-45,Male,7906.0
12518,46-55,Male,4295.0
12519,46-55,Male,6176.0
12520,18-25,Female,1735.0
12521,26-35,Male,2709.0
12522,26-35,Male,4704.0
12523,46-55,Male,3186.0
12524,26-35,Male,4175.0
12525,46-55,Male,4663.0
12526,26-35,Male,3140.0
12527,36-45,Male,10892.0
12528,46-55,Male,1828.0
12529,26-35,Male,9990.0
12530,18-25,Female,2536.0
12531,56-65,Male,11147.0
12532,26-35,Male,3031.0
12533,46-55,Male,9674.0
12534,26-35,Male,1378.0
12535,36-45,Male,3442.0
12536,46-55,Male,7602.0
12537,46-55,Male,9119.0
12538,18-25,Female,1751.0
12539,26-35,Male,2603.0
12540,36-45,Female,3429.0
12541,26-35,Male,2764.0
12542,26-35,Female,11808.0
12543,26-35,Male,7066.0
12544,26-35,Male,7241.0
12545,26-35,Male,5110.0
12546,46-55,Male,22558.0
12547,26-35,Female,3347.0
12548,36-45,Female,9166.0
12549,56-65,Male,5872.0
12550,56-65,Female,7625.0
12551,56-65,Female,7750.0
12552,26-35,Male,3976.0
12553,36-45,Male,11009.0
12554,36-45,Male,5451.0
12555,26-35,Male,3522.0
12556,46-55,Male,8808.0
12557,46-55,Male,13174.0
12558,56-65,Male,7151.0
12559,56-65,Male,3928.0
12560,26-35,Male,4265.0
12561,26-35,Male,1895.0
12562,46-55,Male,5513.0
12563,26-35,Male,6935.0
12564,26-35,Female,6323.0
12565,36-45,Male,3724.0
12566,56-65,Male,5143.0
12567,46-55,Male,11639.0
12568,26-35,Male,11492.0
12569,36-45,Female,4170.0
12570,56-65,Male,10105.0
12571,26-35,Male,4167.0
12572,26-35,Male,9471.0
12573,26-35,Male,3597.0
12574,56-65,Male,5960.0
12575,46-55,Male,5997.0
12576,26-35,Male,5397.0
12577,46-55,Female,14259.0
12578,56-65,Female,9615.0
12579,65+,Female,5918.0
12580,46-55,Male,7879.0
12581,26-35,Female,5778.0
12582,36-45,Female,13410.0
12583,46-55,Female,8222.0
12584,26-35,Male,3885.0
12585,26-35,Male,5795.0
12586,18-25,Male,1302.0
12587,26-35,Male,4558.0
12588,46-55,Male,3609.0
12589,56-65,Male,3578.0
12590,46-55,Female,8403.0
12591,46-55,Male,14638.0
12592,46-55,Female,4946.0
12593,36-45,Male,2246.0
12594,18-25,Female,1981.0
12595,56-65,Female,12952.0
12596,36-45,Female,6438.0
12597,26-35,Male,1118.0
12598,36-45,Male,10107.0
12599,26-35,Male,8414.0
12600,26-35,Male,4835.0
12601,26-35,Male,4306.0
12602,36-45,Male,4000.0
12603,26-35,Male,1278.0
12604,46-55,Female,9111.0
12605,26-35,Male,7713.0
12606,36-45,Female,7257.0
12607,18-25,Male,1317.0
12608,56-65,Male,5809.0
12609,18-25,Male,2027.0
12610,65+,Male,8708.0
12611,46-55,Female,7428.0
12612,46-55,Female,11650.0
12613,18-25,Male,3780.0
12614,26-35,Female,4423.0
12615,56-65,Male,5700.0
12616,46-55,Female,7282.0
12617,36-45,Male,11238.0
12618,65+,Male,3641.0
12619,26-35,Female,2366.0
12620,46-55,Male,6819.0
12621,46-55,Male,8059.0
12622,36-45,Male,5379.0
12623,36-45,Female,19324.0
12624,36-45,Male,10115.0
12625,18-25,Male,3297.0
12626,26-35,Female,1564.0
12627,46-55,Male,10129.0
12628,26-35,Male,3716.0
12629,36-45,Male,6868.0
12630,26-35,Male,2988.0
12631,36-45,Female,10031.0
12632,56-65,Male,14353.0
12633,26-35,Male,2748.0
12634,36-45,Male,5867.0
12635,36-45,Female,6902.0
12636,36-45,Female,5927.0
12637,56-65,Male,3970.0
12638,36-45,Male,2897.0
12639,56-65,Male,10635.0
12640,36-45,Female,5666.0
12641,46-55,Male,27151.0
12642,26-35,Female,3910.0
12643,36-45,Male,10304.0
12644,46-55,Male,6579.0
12645,26-35,Male,2955.0
12646,36-45,Male,9151.0
12647,26-35,Female,5642.0
12648,36-45,Male,4615.0
12649,26-35,Male,2216.0
12650,26-35,Male,4792.0
12651,56-65,Male,3666.0
12652,46-55,Female,7873.0
12653,26-35,Male,3726.0
12654,56-65,Male,6897.0
12655,26-35,Female,9516.0
12656,46-55,Male,18374.0
12657,36-45,Male,4337.0
12658,26-35,Male,3022.0
12659,26-35,Male,2672.0
12660,36-45,Female,9859.0
12661,26-35,Female,4557.0
12662,46-55,Female,12108.0
12663,36-45,Female,4701.0
12664,26-35,Male,4065.0
12665,46-55,Male,14175.0
12666,26-35,Male,9112.0
12667,36-45,Male,8241.0
12668,26-35,Female,6371.0
12669,46-55,Female,10148.0
12670,46-55,Female,5450.0
12671,36-45,Female,26131.0
12672,36-45,Male,12580.0
12673,18-25,Male,934.0
12674,36-45,Female,7794.0
12675,36-45,Female,8651.0
12676,36-45,Male,6254.0
12677,36-45,Female,6395.0
12678,26-35,Male,1328.0
12679,65+,Male,6721.0
12680,36-45,Female,8133.0
12681,26-35,Male,3466.0
12682,26-35,Male,2129.0
12683,65+,Male,14241.0
12684,36-45,Female,12660.0
12685,26-35,Male,8615.0
12686,65+,Female,6435.0
12687,26-35,Female,6249.0
12688,36-45,Male,6277.0
12689,36-45,Male,14869.0
12690,26-35,Male,1819.0
12691,26-35,Male,6201.0
12692,36-45,Male,3990.0
12693,26-35,Male,7059.0
12694,26-35,Male,1660.0
12695,26-35,Male,4565.0
12696,26-35,Female,5948.0
12697,46-55,Male,7808.0
12698,46-55,Male,7350.0
12699,46-55,Male,6573.0
12700,36-45,Female,4866.0
12701,36-45,Female,9338.0
12702,65+,Male,14291.0
12703,26-35,Female,2999.0
12704,36-45,Female,8955.0
12705,26-35,Female,3231.0
12706,26-35,Female,1683.0
12707,56-65,Male,4120.0
12708,46-55,Male,29571.0
12709,26-35,Female,3158.0
12710,56-65,Male,12885.0
12711,46-55,Male,6414.0
12712,26-35,Male,4455.0
12713,46-55,Female,5084.0
12714,36-45,Female,6553.0
12715,18-25,Female,5222.0
12716,56-65,Male,5321.0
12717,56-65,Male,3298.0
12718,36-45,Female,6563.0
12719,26-35,Male,1515.0
12720,18-25,Female,1461.0
12721,56-65,Male,6646.0
12722,36-45,Female,11857.0
12723,46-55,Male,6559.0
12724,26-35,Female,13836.0
12725,46-55,Male,12711.0
12726,26-35,Female,1438.0
12727,36-45,Male,6984.0
12728,46-55,Female,7035.0
12729,26-35,Female,3092.0
12730,36-45,Female,4944.0
12731,36-45,Male,7483.0
12732,56-65,Female,14488.0
12733,26-35,Male,4522.0
12734,26-35,Female,3401.0
12735,18-25,Male,848.0
12736,36-45,Male,14649.0
12737,26-35,Male,6261.0
12738,65+,Male,6437.0
12739,36-45,Male,6125.0
12740,26-35,Female,9756.0
12741,46-55,Female,10530.0
12742,18-25,Male,3654.0
12743,36-45,Male,3922.0
12744,46-55,Male,14227.0
12745,36-45,Female,2960.0
12746,36-45,Female,3851.0
12747,26-35,Male,3506.0
12748,36-45,Male,11690.0
12749,65+,Female,9105.0
12750,46-55,Male,5946.0
12751,46-55,Female,5609.0
12752,36-45,Male,6692.0
12753,26-35,Female,9124.0
12754,65+,Female,11666.0
12755,18-25,Male,1233.0
12756,36-45,Male,5386.0
12757,46-55,Female,8489.0
12758,56-65,Male,6879.0
12759,26-35,Male,5543.0
12760,26-35,Male,3203.0
12761,36-45,Male,9662.0
12762,46-55,Female,12919.0
12763,36-45,Female,5527.0
12764,26-35,Male,4370.0
12765,46-55,Female,6582.0
12766,18-25,Male,3347.0
12767,36-45,Male,5421.0
12768,26-35,Female,6904.0
12769,36-45,Female,5577.0
12770,36-45,Male,10061.0
12771,26-35,Female,2680.0
12772,26-35,Female,1769.0
12773,65+,Female,3284.0
12774,46-55,Male,7167.0
12775,36-45,Male,4448.0
12776,56-65,Male,6206.0
12777,65+,Male,7424.0
12778,65+,Male,2663.0
12779,46-55,Male,2995.0
12780,36-45,Male,3012.0
12781,26-35,Male,5362.0
12782,18-25,Female,1866.0
12783,36-45,Male,3145.0
12784,26-35,Female,2790.0
12785,46-55,Male,14424.0
12786,18-25,Male,2678.0
12787,36-45,Female,6129.0
12788,18-25,Male,3107.0
12789,36-45,Male,4007.0
12790,26-35,Male,2514.0
12791,56-65,Male,7140.0
12792,36-45,Male,8963.0
12793,36-45,Male,10111.0
12794,26-35,Male,2504.0
12795,36-45,Female,5323.0
12796,26-35,Female,1513.0
12797,65+,Male,3977.0
12798,26-35,Female,2401.0
12799,26-35,Male,2890.0
12800,26-35,Male,5335.0
12801,36-45,Male,4179.0
12802,36-45,Male,9887.0
12803,36-45,Female,6389.0
12804,26-35,Male,5084.0
12805,36-45,Male,10240.0
12806,26-35,Male,2205.0
12807,26-35,Male,1479.0
12808,36-45,Male,7783.0
12809,36-45,Female,5358.0
12810,26-35,Female,2482.0
12811,56-65,Female,5531.0
12812,26-35,Male,2274.0
12813,46-55,Female,8643.0
12814,36-45,Male,7199.0
12815,26-35,Female,3643.0
12816,36-45,Female,7999.0
12817,36-45,Male,5102.0
12818,46-55,Male,7610.0
12819,46-55,Male,5945.0
12820,56-65,Female,6981.0
12821,18-25,Female,2383.0
12822,36-45,Female,9129.0
12823,36-45,Male,6597.0
12824,26-35,Male,9861.0
12825,36-45,Male,5116.0
12826,46-55,Male,9980.0
12827,56-65,Male,4455.0
12828,46-55,Male,8245.0
12829,26-35,Male,8083.0
12830,36-45,Male,2971.0
12831,26-35,Male,4289.0
12832,26-35,Male,3624.0
12833,26-35,Male,4781.0
12834,26-35,Female,4302.0
12835,36-45,Male,7455.0
12836,26-35,Female,11646.0
12837,18-25,Male,2774.0
12838,36-45,Female,4725.0
12839,36-45,Male,4024.0
12840,46-55,Male,5165.0
12841,46-55,Male,14631.0
12842,26-35,Female,5975.0
12843,26-35,Male,2164.0
12844,26-35,Male,4767.0
12845,36-45,Male,4413.0
12846,46-55,Male,5963.0
12847,26-35,Female,10141.0
12848,26-35,Female,5622.0
12849,36-45,Male,3644.0
12850,36-45,Female,4828.0
12851,26-35,Male,7380.0
12852,36-45,Female,4498.0
12853,36-45,Male,3592.0
12854,46-55,Female,10782.0
12855,26-35,Female,2030.0
12856,46-55,Male,19567.0
12857,36-45,Female,9148.0
12858,26-35,Male,6871.0
12859,36-45,Female,2388.0
12860,26-35,Male,2833.0
12861,46-55,Male,5230.0
12862,26-35,Male,4748.0
12863,18-25,Female,1784.0
12864,46-55,Male,12850.0
12865,26-35,Male,3911.0
12866,26-35,Male,4980.0
12867,46-55,Male,1848.0
12868,26-35,Female,9643.0
12869,26-35,Male,4405.0
12870,65+,Male,3509.0
12871,46-55,Male,13647.0
12872,26-35,Male,4102.0
12873,65+,Female,5562.0
12874,26-35,Male,1550.0
12875,26-35,Male,1715.0
12876,26-35,Female,12500.0
12877,18-25,Male,1279.0
12878,56-65,Male,3803.0
12879,36-45,Male,4345.0
12880,46-55,Male,12368.0
12881,46-55,Male,13825.0
12882,26-35,Female,7828.0
12883,46-55,Male,3763.0
12884,36-45,Male,6618.0
12885,46-55,Male,18166.0
12886,36-45,Female,9879.0
12887,26-35,Male,4736.0
12888,36-45,Female,14501.0
12889,18-25,Male,869.0
12890,26-35,Male,2599.0
12891,56-65,Male,11873.0
12892,26-35,Male,5412.0
12893,36-45,Male,4034.0
12894,56-65,Male,11145.0
12895,65+,Male,12053.0
12896,26-35,Male,7128.0
12897,46-55,Female,7909.0
12898,36-45,Male,9563.0
12899,56-65,Male,14267.0
12900,18-25,Male,1766.0
12901,26-35,Female,3994.0
12902,46-55,Male,24673.0
12903,36-45,Male,7917.0
12904,56-65,Male,9243.0
12905,46-55,Female,12777.0
12906,56-65,Male,7156.0
12907,56-65,Male,7577.0
12908,26-35,Male,2247.0
12909,65+,Male,5583.0
12910,18-25,Male,5106.0
12911,26-35,Female,7818.0
12912,26-35,Male,2642.0
12913,36-45,Female,1699.0
12914,36-45,Male,6709.0
12915,26-35,Female,7994.0
12916,26-35,Male,11620.0
12917,26-35,Female,1552.0
12918,26-35,Female,6321.0
12919,36-45,Male,19886.0
12920,36-45,Male,12368.0
12921,18-25,Male,2719.0
12922,56-65,Female,22640.0
12923,46-55,Female,14630.0
12924,26-35,Female,7692.0
12925,46-55,Male,9748.0
12926,36-45,Female,3245.0
12927,36-45,Male,24936.0
12928,26-35,Male,9590.0
12929,36-45,Male,6023.0
12930,26-35,Female,3764.0
12931,18-25,Male,3309.0
12932,26-35,Male,5499.0
12933,26-35,Female,2030.0
12934,36-45,Male,15122.0
12935,26-35,Male,3460.0
12936,46-55,Male,7923.0
12937,26-35,Female,17060.0
12938,26-35,Male,2490.0
12939,46-55,Male,7057.0
12940,26-35,Male,5365.0
12941,46-55,Male,13895.0
12942,46-55,Female,9085.0
12943,36-45,Male,3290.0
12944,36-45,Male,7596.0
12945,56-65,Male,2284.0
12946,56-65,Male,8976.0
12947,56-65,Male,21696.0
12948,56-65,Male,5392.0
12949,26-35,Female,3546.0
12950,46-55,Male,11333.0
12951,36-45,Male,6730.0
12952,36-45,Female,6848.0
12953,65+,Male,7467.0
12954,26-35,Male,2821.0
12955,36-45,Male,11976.0
12956,36-45,Male,6532.0
12957,36-45,Male,5147.0
12958,36-45,Male,19334.0
12959,36-45,Male,4886.0
12960,36-45,Male,8981.0
12961,18-25,Male,6519.0
12962,46-55,Female,14802.0
12963,36-45,Female,17535.0
12964,46-55,Male,3387.0
12965,36-45,Male,5016.0
12966,65+,Male,5511.0
12967,26-35,Male,4818.0
12968,26-35,Female,3350.0
12969,56-65,Male,6892.0
12970,36-45,Male,18930.0
12971,56-65,Female,16792.0
12972,36-45,Male,7329.0
12973,46-55,Male,10824.0
12974,46-55,Male,8883.0
12975,56-65,Male,7473.0
12976,46-55,Female,3460.0
12977,56-65,Male,9103.0
12978,36-45,Female,5317.0
12979,26-35,Male,6053.0
12980,46-55,Male,6816.0
12981,36-45,Male,7336.0
12982,18-25,Female,2124.0
12983,36-45,Female,4179.0
12984,18-25,Female,1120.0
12985,26-35,Male,3442.0
12986,26-35,Male,4201.0
12987,46-55,Male,15788.0
12988,46-55,Male,6414.0
12989,36-45,Female,5650.0
12990,36-45,Male,3109.0
12991,26-35,Male,13408.0
12992,65+,Male,3713.0
12993,26-35,Female,3555.0
12994,26-35,Male,8165.0
12995,56-65,Female,11621.0
12996,26-35,Male,3768.0
12997,36-45,Male,6035.0
12998,26-35,Male,9419.0
12999,26-35,Male,3377.0
13000,36-45,Female,4736.0
13001,26-35,Male,8449.0
13002,18-25,Male,2072.0
13003,26-35,Male,9825.0
13004,26-35,Male,4681.0
13005,56-65,Female,3541.0
13006,36-45,Male,3142.0
13007,26-35,Male,5060.0
13008,26-35,Female,7422.0
13009,36-45,Female,7870.0
13010,18-25,Male,2239.0
13011,18-25,Female,1169.0
13012,26-35,Female,1312.0
13013,36-45,Male,5899.0
13014,36-45,Male,5234.0
13015,36-45,Male,14445.0
13016,26-35,Male,3293.0
13017,46-55,Female,12758.0
13018,46-55,Female,9419.0
13019,36-45,Female,4281.0
13020,26-35,Male,8259.0
13021,46-55,Female,8685.0
13022,56-65,Female,6760.0
13023,18-25,Female,2357.0
13024,36-45,Male,5059.0
13025,18-25,Female,3545.0
13026,36-45,Male,6926.0
13027,18-25,Male,2043.0
13028,36-45,Male,16077.0
13029,26-35,Male,6718.0
13030,26-35,Male,4069.0
13031,65+,Male,8100.0
13032,56-65,Male,13990.0
13033,18-25,Male,2260.0
13034,26-35,Male,7918.0
13035,26-35,Male,1392.0
13036,36-45,Male,5271.0
13037,18-25,Male,2625.0
13038,36-45,Male,8019.0
13039,26-35,Male,4185.0
13040,26-35,Male,3114.0
13041,46-55,Female,20972.0
13042,46-55,Female,1682.0
13043,65+,Male,3473.0
13044,46-55,Male,2693.0
13045,36-45,Male,4132.0
13046,65+,Male,8075.0
13047,65+,Male,4266.0
13048,36-45,Male,7334.0
13049,36-45,Male,13907.0
13050,36-45,Male,8945.0
13051,26-35,Female,4715.0
13052,26-35,Male,2445.0
13053,26-35,Male,5532.0
13054,26-35,Female,2445.0
13055,26-35,Male,4724.0
13056,26-35,Male,7802.0
13057,36-45,Male,12239.0
13058,26-35,Female,2660.0
13059,36-45,Male,3354.0
13060,46-55,Male,9130.0
13061,56-65,Male,5941.0
13062,56-65,Female,6473.0
13063,46-55,Male,7397.0
13064,26-35,Female,3993.0
13065,18-25,Male,508.0
13066,26-35,Female,19607.0
13067,26-35,Male,7348.0
13068,26-35,Male,3193.0
13069,56-65,Female,6082.0
13070,46-55,Male,16886.0
13071,18-25,Female,1462.0
13072,56-65,Female,7761.0
13073,26-35,Male,8899.0
13074,36-45,Female,3715.0
13075,46-55,Female,3353.0
13076,36-45,Male,9202.0
13077,26-35,Male,2770.0
13078,46-55,Female,6852.0
13079,56-65,Male,15057.0
13080,46-55,Female,4234.0
13081,46-55,Male,5205.0
13082,18-25,Female,1289.0
13083,56-65,Male,7526.0
13084,36-45,Male,8061.0
13085,26-35,Male,8434.0
13086,18-25,Male,1930.0
13087,26-35,Female,5466.0
13088,56-65,Female,6889.0
13089,46-55,Male,14680.0
13090,26-35,Female,1734.0
13091,26-35,Male,2060.0
13092,46-55,Female,6838.0
13093,36-45,Female,10137.0
13094,36-45,Female,4408.0
13095,65+,Male,6433.0
13096,56-65,Female,6973.0
13097,56-65,Male,17555.0
13098,26-35,Male,7041.0
13099,36-45,Female,6191.0
13100,36-45,Male,3595.0
13101,36-45,Male,3912.0
13102,36-45,Male,9260.0
13103,26-35,Male,8100.0
13104,46-55,Male,1977.0
13105,36-45,Male,8018.0
13106,26-35,Male,3800.0
13107,46-55,Male,4595.0
13108,26-35,Male,2605.0
13109,36-45,Male,6992.0
13110,36-45,Female,7557.0
13111,26-35,Female,1753.0
13112,46-55,Male,11389.0
13113,26-35,Male,6313.0
13114,36-45,Female,7280.0
13115,36-45,Male,6182.0
13116,56-65,Male,3795.0
13117,46-55,Male,6734.0
13118,36-45,Female,5428.0
13119,36-45,Male,6425.0
13120,26-35,Male,2978.0
13121,36-45,Female,6807.0
13122,56-65,Male,11884.0
13123,26-35,Male,4107.0
13124,36-45,Male,3629.0
13125,36-45,Male,2935.0
13126,46-55,Male,7013.0
13127,46-55,Male,10694.0
13128,36-45,Male,2242.0
13129,26-35,Female,4113.0
13130,36-45,Male,2812.0
13131,46-55,Female,6199.0
13132,36-45,Male,10361.0
13133,36-45,Male,30639.0
13134,18-25,Female,3185.0
13135,36-45,Male,18443.0
13136,26-35,Male,1903.0
13137,46-55,Male,5926.0
13138,46-55,Male,3757.0
13139,36-45,Female,12863.0
13140,26-35,Male,3035.0
13141,36-45,Male,7202.0
13142,26-35,Male,10931.0
13143,36-45,Male,18179.0
13144,36-45,Male,14725.0
13145,18-25,Male,2062.0
13146,36-45,Male,3031.0
13147,36-45,Male,10852.0
13148,36-45,Male,6027.0
13149,46-55,Male,7780.0
13150,26-35,Female,2675.0
13151,26-35,Male,9185.0
13152,26-35,Male,2125.0
13153,36-45,Male,11119.0
13154,46-55,Male,5922.0
13155,18-25,Male,1162.0
13156,36-45,Male,6090.0
13157,26-35,Male,3178.0
13158,18-25,Female,1480.0
13159,26-35,Female,11949.0
13160,46-55,Female,4518.0
13161,26-35,Female,4678.0
13162,46-55,Female,8082.0
13163,46-55,Male,10987.0
13164,26-35,Male,4865.0
13165,36-45,Male,11592.0
13166,65+,Male,5179.0
13167,46-55,Male,14239.0
13168,36-45,Male,9049.0
13169,26-35,Male,3611.0
13170,36-45,Male,7231.0
13171,18-25,Male,2622.0
13172,46-55,Male,6312.0
13173,26-35,Male,6894.0
13174,26-35,Male,5100.0
13175,18-25,Female,2505.0
13176,36-45,Female,10248.0
13177,36-45,Male,4594.0
13178,18-25,Male,1616.0
13179,18-25,Female,5410.0
13180,26-35,Male,3118.0
13181,18-25,Male,740.0
13182,36-45,Male,2631.0
13183,26-35,Male,3931.0
13184,36-45,Female,9316.0
13185,36-45,Male,4875.0
13186,36-45,Male,4809.0
13187,26-35,Male,2040.0
13188,56-65,Male,3199.0
13189,18-25,Female,1184.0
13190,36-45,Male,13384.0
13191,26-35,Female,2810.0
13192,26-35,Male,2296.0
13193,46-55,Male,6098.0
13194,36-45,Female,18064.0
13195,56-65,Male,14744.0
13196,36-45,Female,4776.0
13197,56-65,Male,9660.0
13198,26-35,Male,7280.0
13199,36-45,Female,10766.0
13200,26-35,Male,3400.0
13201,36-45,Male,12493.0
13202,36-45,Male,9267.0
13203,46-55,Male,4083.0
13204,26-35,Male,6152.0
13205,46-55,Male,15059.0
13206,56-65,Female,4133.0
13207,26-35,Male,3762.0
13208,36-45,Male,1241.0
13209,18-25,Male,1622.0
13210,26-35,Female,2224.0
13211,46-55,Male,4330.0
13212,26-35,Female,2614.0
13213,26-35,Male,4277.0
13214,26-35,Female,6773.0
13215,26-35,Female,7370.0
13216,65+,Male,2077.0
13217,36-45,Male,9334.0
13218,46-55,Female,4150.0
13219,36-45,Male,3320.0
13220,26-35,Male,4695.0
13221,26-35,Female,3983.0
13222,26-35,Male,5219.0
13223,26-35,Male,3758.0
13224,26-35,Female,1963.0
13225,26-35,Male,3644.0
13226,36-45,Female,10158.0
13227,36-45,Female,8821.0
13228,26-35,Female,3800.0
13229,26-35,Male,4978.0
13230,26-35,Male,7234.0
13231,36-45,Male,5704.0
13232,26-35,Male,1626.0
13233,26-35,Female,7174.0
13234,18-25,Male,1064.0
13235,26-35,Male,5988.0
13236,26-35,Female,5241.0
13237,26-35,Male,4781.0
13238,46-55,Female,7809.0
13239,26-35,Female,5356.0
13240,36-45,Male,7848.0
13241,26-35,Male,777.0
13242,26-35,Male,5455.0
13243,26-35,Female,2055.0
13244,36-45,Female,8191.0
13245,46-55,Male,17612.0
13246,26-35,Male,7345.0
13247,36-45,Male,8934.0
13248,36-45,Male,8640.0
13249,56-65,Male,10966.0
13250,26-35,Female,8306.0
13251,36-45,Female,12520.0
13252,46-55,Male,12716.0
13253,26-35,Male,752.0
13254,36-45,Female,4569.0
13255,26-35,Male,2940.0
13256,26-35,Male,4702.0
13257,46-55,Female,18169.0
13258,36-45,Male,3193.0
13259,36-45,Male,7608.0
13260,36-45,Female,12684.0
13261,26-35,Male,7853.0
13262,26-35,Female,3700.0
13263,36-45,Female,1936.0
13264,26-35,Female,2681.0
13265,56-65,Male,5217.0
13266,36-45,Male,3350.0
13267,26-35,Male,8081.0
13268,26-35,Male,2036.0
13269,26-35,Female,7345.0
13270,56-65,Female,3781.0
13271,56-65,Male,3108.0
13272,36-45,Male,8043.0
13273,65+,Female,5488.0
13274,36-45,Female,6757.0
13275,26-35,Male,8690.0
13276,46-55,Female,13566.0
13277,36-45,Male,3363.0
13278,36-45,Male,7434.0
13279,36-45,Male,9733.0
13280,56-65,Male,6539.0
13281,56-65,Female,12477.0
13282,46-55,Female,10546.0
13283,65+,Male,4954.0
13284,26-35,Male,11779.0
13285,26-35,Male,4699.0
13286,36-45,Male,1500.0
13287,26-35,Female,5010.0
13288,36-45,Female,5835.0
13289,36-45,Male,11444.0
13290,46-55,Male,5255.0
13291,26-35,Female,6167.0
13292,26-35,Female,4104.0
13293,26-35,Male,3623.0
13294,26-35,Male,4438.0
13295,46-55,Male,25199.0
13296,26-35,Female,1906.0
13297,36-45,Male,5470.0
13298,26-35,Female,4852.0
13299,56-65,Male,4392.0
13300,18-25,Male,1744.0
13301,36-45,Male,4231.0
13302,26-35,Male,9352.0
13303,26-35,Male,4896.0
13304,36-45,Male,6597.0
13305,65+,Female,3180.0
13306,46-55,Male,9505.0
13307,26-35,Male,4864.0
13308,26-35,Male,4900.0
13309,36-45,Male,16136.0
13310,56-65,Male,4988.0
13311,46-55,Female,7532.0
13312,36-45,Male,4477.0
13313,56-65,Male,13769.0
13314,36-45,Male,17555.0
13315,46-55,Male,11101.0
13316,36-45,Male,3186.0
13317,56-65,Male,18743.0
13318,36-45,Male,7766.0
13319,26-35,Male,3198.0
13320,18-25,Male,2261.0
13321,26-35,Male,2182.0
13322,36-45,Female,4741.0
13323,36-45,Female,7788.0
13324,46-55,Female,7408.0
13325,36-45,Male,6323.0
13326,36-45,Male,3041.0
13327,36-45,Male,13108.0
13328,36-45,Female,10016.0
13329,36-45,Male,3294.0
13330,36-45,Male,5169.0
13331,46-55,Female,7064.0
13332,26-35,Female,7485.0
13333,36-45,Male,8846.0
13334,26-35,Male,3434.0
13335,18-25,Male,1287.0
13336,36-45,Male,10145.0
13337,46-55,Male,14513.0
13338,65+,Female,2677.0
13339,26-35,Female,4145.0
13340,26-35,Male,3885.0
13341,26-35,Male,4041.0
13342,36-45,Male,9252.0
13343,26-35,Male,2708.0
13344,26-35,Female,2750.0
13345,46-55,Male,11873.0
13346,18-25,Male,2094.0
13347,36-45,Male,1281.0
13348,36-45,Male,7913.0
13349,18-25,Male,2137.0
13350,26-35,Male,1757.0
13351,36-45,Male,2839.0
13352,56-65,Female,16399.0
13353,36-45,Male,10496.0
13354,26-35,Female,5873.0
13355,18-25,Male,2775.0
13356,36-45,Male,10551.0
13357,36-45,Female,10848.0
13358,36-45,Male,7822.0
13359,26-35,Male,1664.0
13360,18-25,Male,1034.0
13361,26-35,Female,5967.0
13362,65+,Male,3968.0
13363,26-35,Female,4517.0
13364,36-45,Male,15797.0
13365,46-55,Female,9414.0
13366,36-45,Male,4296.0
13367,18-25,Male,1042.0
13368,26-35,Male,7928.0
13369,26-35,Male,6067.0
13370,26-35,Male,8112.0
13371,26-35,Male,8935.0
13372,36-45,Male,11798.0
13373,26-35,Male,3721.0
13374,18-25,Male,2838.0
13375,36-45,Male,5525.0
13376,26-35,Female,5321.0
13377,26-35,Female,5165.0
13378,26-35,Male,5748.0
13379,26-35,Male,4715.0
13380,26-35,Male,5422.0
13381,46-55,Male,9285.0
13382,26-35,Male,9191.0
13383,26-35,Male,4012.0
13384,36-45,Female,13715.0
13385,18-25,Male,3481.0
13386,26-35,Male,3292.0
13387,36-45,Male,11343.0
13388,26-35,Male,8309.0
13389,36-45,Male,7932.0
13390,46-55,Female,16418.0
13391,18-25,Male,2259.0
13392,46-55,Male,8531.0
13393,18-25,Male,2044.0
13394,36-45,Male,2879.0
13395,18-25,Male,1648.0
13396,36-45,Female,16944.0
13397,46-55,Male,5108.0
13398,36-45,Male,16079.0
13399,46-55,Male,12804.0
13400,26-35,Female,12288.0
13401,18-25,Female,2681.0
13402,26-35,Female,7111.0
13403,36-45,Male,12810.0
13404,26-35,Male,6398.0
13405,36-45,Male,4328.0
13406,26-35,Female,6975.0
13407,26-35,Male,17586.0
13408,26-35,Male,8411.0
13409,36-45,Male,22925.0
13410,56-65,Female,13060.0
13411,26-35,Male,4690.0
13412,36-45,Male,11126.0
13413,65+,Male,7868.0
13414,56-65,Male,9973.0
13415,18-25,Male,2140.0
13416,26-35,Female,3079.0
13417,46-55,Female,8638.0
13418,26-35,Male,2653.0
13419,26-35,Female,9756.0
13420,56-65,Male,11423.0
13421,46-55,Male,11087.0
13422,46-55,Female,3446.0
13423,26-35,Male,3534.0
13424,26-35,Male,2434.0
13425,18-25,Male,2590.0
13426,56-65,Female,22572.0
13427,26-35,Female,1507.0
13428,36-45,Female,3474.0
13429,36-45,Male,3879.0
13430,46-55,Female,3343.0
13431,36-45,Male,9026.0
13432,36-45,Male,3159.0
13433,26-35,Female,4066.0
13434,26-35,Female,2925.0
13435,46-55,Male,10689.0
13436,26-35,Female,3628.0
13437,26-35,Male,2276.0
13438,56-65,Male,22059.0
13439,26-35,Male,3865.0
13440,36-45,Female,6234.0
13441,65+,Female,6992.0
13442,56-65,Male,6399.0
13443,26-35,Male,2320.0
13444,36-45,Male,12785.0
13445,26-35,Male,3329.0
13446,46-55,Male,31241.0
13447,36-45,Male,6775.0
13448,56-65,Male,8812.0
13449,36-45,Male,6458.0
13450,36-45,Female,7526.0
13451,36-45,Female,7327.0
13452,36-45,Male,4319.0
13453,46-55,Male,8292.0
13454,26-35,Female,8103.0
13455,46-55,Male,6601.0
13456,36-45,Female,8611.0
13457,46-55,Female,4830.0
13458,46-55,Male,9545.0
13459,36-45,Female,8638.0
13460,65+,Female,5757.0
13461,36-45,Male,3679.0
13462,46-55,Male,2080.0
13463,26-35,Male,13949.0
13464,36-45,Male,7040.0
13465,36-45,Male,8213.0
13466,26-35,Male,3746.0
13467,26-35,Female,1157.0
13468,26-35,Male,7789.0
13469,26-35,Male,1543.0
13470,46-55,Male,8822.0
13471,18-25,Male,2838.0
13472,26-35,Female,2988.0
13473,18-25,Female,2931.0
13474,56-65,Male,4017.0
13475,46-55,Female,8189.0
13476,36-45,Male,3742.0
13477,26-35,Male,6177.0
13478,46-55,Male,5918.0
13479,36-45,Male,3312.0
13480,36-45,Male,10146.0
13481,26-35,Female,5393.0
13482,26-35,Female,6290.0
13483,36-45,Male,10404.0
13484,46-55,Female,11875.0
13485,46-55,Male,8377.0
13486,36-45,Male,4005.0
13487,56-65,Male,14874.0
13488,36-45,Male,11266.0
13489,18-25,Female,1036.0
13490,46-55,Female,9160.0
13491,26-35,Male,5612.0
13492,36-45,Male,3743.0
13493,26-35,Female,2871.0
13494,26-35,Female,3735.0
13495,26-35,Female,5839.0
13496,56-65,Male,4041.0
13497,26-35,Female,1986.0
13498,36-45,Male,7454.0
13499,36-45,Male,5254.0
13500,36-45,Male,6547.0
13501,46-55,Male,4540.0
13502,26-35,Male,4720.0
13503,46-55,Male,7067.0
13504,36-45,Female,3553.0
13505,36-45,Male,7184.0
13506,26-35,Male,7461.0
13507,46-55,Male,2450.0
13508,46-55,Male,11586.0
13509,18-25,Female,787.0
13510,26-35,Female,15138.0
13511,56-65,Male,2043.0
13512,36-45,Female,19055.0
13513,36-45,Male,3661.0
13514,46-55,Female,6575.0
13515,26-35,Male,5673.0
13516,18-25,Female,2246.0
13517,36-45,Female,5762.0
13518,46-55,Female,3630.0
13519,56-65,Male,4257.0
13520,26-35,Female,4137.0
13521,26-35,Male,1830.0
13522,36-45,Male,6088.0
13523,36-45,Male,12163.0
13524,26-35,Male,2353.0
13525,36-45,Female,10801.0
13526,46-55,Male,5682.0
13527,46-55,Male,3271.0
13528,46-55,Male,5293.0
13529,46-55,Female,20174.0
13530,36-45,Male,5955.0
13531,36-45,Male,5579.0
13532,18-25,Male,881.0
13533,26-35,Male,3415.0
13534,26-35,Female,2841.0
13535,36-45,Female,13940.0
13536,26-35,Male,1498.0
13537,26-35,Female,2767.0
13538,18-25,Male,1639.0
13539,26-35,Male,5005.0
13540,56-65,Female,14276.0
13541,46-55,Male,10436.0
13542,56-65,Female,18159.0
13543,18-25,Female,2414.0
13544,36-45,Male,4244.0
13545,18-25,Female,4651.0
13546,26-35,Male,4448.0
13547,36-45,Female,7900.0
13548,26-35,Male,6751.0
13549,26-35,Male,5694.0
13550,36-45,Male,11234.0
13551,26-35,Male,4189.0
13552,46-55,Female,18868.0
13553,36-45,Female,10096.0
13554,26-35,Male,2170.0
13555,26-35,Female,1761.0
13556,26-35,Female,4027.0
13557,56-65,Female,7722.0
13558,26-35,Female,3861.0
13559,36-45,Male,3502.0
13560,36-45,Female,4144.0
13561,36-45,Male,7794.0
13562,36-45,Female,8101.0
13563,56-65,Female,6484.0
13564,26-35,Male,11629.0
13565,26-35,Male,6927.0
13566,46-55,Male,6031.0
13567,36-45,Male,3972.0
13568,18-25,Male,1642.0
13569,56-65,Female,7541.0
13570,46-55,Male,2730.0
13571,26-35,Male,3558.0
13572,18-25,Female,1949.0
13573,26-35,Female,10540.0
13574,26-35,Male,12148.0
13575,56-65,Male,5723.0
13576,36-45,Male,3831.0
13577,56-65,Male,6041.0
13578,56-65,Male,10657.0
13579,56-65,Male,7763.0
13580,46-55,Female,8452.0
13581,56-65,Male,3815.0
13582,26-35,Male,3860.0
13583,26-35,Male,4339.0
13584,46-55,Male,5272.0
13585,18-25,Male,2680.0
13586,18-25,Female,2025.0
13587,26-35,Male,3351.0
13588,36-45,Male,3346.0
13589,36-45,Male,6345.0
13590,26-35,Male,3147.0
13591,46-55,Male,6543.0
13592,26-35,Male,1711.0
13593,26-35,Male,4292.0
13594,26-35,Female,5406.0
13595,46-55,Male,11049.0
13596,46-55,Male,6393.0
13597,36-45,Male,10047.0
13598,56-65,Male,34039.0
13599,46-55,Male,5466.0
13600,18-25,Male,3044.0
13601,26-35,Male,2500.0
13602,26-35,Female,1542.0
13603,46-55,Male,13019.0
13604,26-35,Male,6153.0
13605,26-35,Male,3787.0
13606,26-35,Male,3077.0
13607,26-35,Male,3039.0
13608,46-55,Male,15408.0
13609,46-55,Female,14486.0
13610,56-65,Female,2867.0
13611,36-45,Female,3328.0
13612,36-45,Male,9827.0
13613,36-45,Male,6883.0
13614,18-25,Male,2325.0
13615,26-35,Female,3890.0
13616,26-35,Male,3016.0
13617,26-35,Male,1896.0
13618,26-35,Male,5298.0
13619,26-35,Male,5445.0
13620,26-35,Female,4215.0
13621,36-45,Female,6805.0
13622,26-35,Female,2971.0
13623,36-45,Female,12158.0
13624,26-35,Male,1871.0
13625,36-45,Male,6791.0
13626,26-35,Male,4483.0
13627,36-45,Male,6276.0
13628,26-35,Female,12733.0
13629,36-45,Male,3717.0
13630,46-55,Male,3962.0
13631,26-35,Male,2363.0
13632,26-35,Male,7180.0
13633,36-45,Female,9145.0
13634,46-55,Male,8995.0
13635,26-35,Female,4513.0
13636,56-65,Female,10155.0
13637,26-35,Female,2282.0
13638,26-35,Male,4268.0
13639,26-35,Male,2989.0
13640,56-65,Male,1614.0
13641,46-55,Male,6303.0
13642,36-45,Female,3635.0
13643,26-35,Female,3779.0
13644,46-55,Male,5968.0
13645,36-45,Female,8483.0
13646,65+,Male,5256.0
13647,18-25,Male,1847.0
13648,26-35,Female,11858.0
13649,26-35,Male,6611.0
13650,26-35,Female,11673.0
13651,18-25,Male,1852.0
13652,36-45,Male,9430.0
13653,46-55,Male,20930.0
13654,26-35,Male,2988.0
13655,26-35,Male,8418.0
13656,26-35,Male,4008.0
13657,18-25,Male,910.0
13658,36-45,Male,12689.0
13659,46-55,Male,12347.0
13660,36-45,Male,12387.0
13661,36-45,Female,7073.0
13662,26-35,Male,1983.0
13663,26-35,Female,5416.0
13664,56-65,Female,6593.0
13665,46-55,Female,17670.0
13666,36-45,Male,7992.0
13667,26-35,Male,3008.0
13668,26-35,Female,9239.0
13669,18-25,Male,2436.0
13670,46-55,Male,12886.0
13671,26-35,Male,4574.0
13672,36-45,Male,18105.0
13673,26-35,Female,5665.0
13674,26-35,Male,3918.0
13675,26-35,Male,3019.0
13676,46-55,Male,6172.0
13677,26-35,Male,11821.0
13678,36-45,Male,2653.0
13679,36-45,Female,6788.0
13680,36-45,Male,3637.0
13681,36-45,Male,10588.0
13682,65+,Male,6334.0
13683,46-55,Male,4203.0
13684,26-35,Female,1666.0
13685,36-45,Female,4515.0
13686,46-55,Male,11341.0
13687,65+,Male,2096.0
13688,65+,Female,9073.0
13689,46-55,Male,9601.0
13690,46-55,Male,16097.0
13691,26-35,Male,3002.0
13692,36-45,Male,20730.0
13693,26-35,Male,2315.0
13694,18-25,Male,4634.0
13695,26-35,Male,3131.0
13696,46-55,Male,5108.0
13697,18-25,Female,1030.0
13698,46-55,Male,11565.0
13699,46-55,Female,10910.0
13700,26-35,Male,3707.0
13701,46-55,Female,12121.0
13702,56-65,Female,6707.0
13703,36-45,Male,12034.0
13704,26-35,Female,3034.0
13705,26-35,Male,6073.0
13706,36-45,Female,5777.0
13707,56-65,Male,12086.0
13708,26-35,Male,7563.0
13709,56-65,Female,8660.0
13710,36-45,Male,11433.0
13711,36-45,Male,6753.0
13712,36-45,Female,10415.0
13713,46-55,Female,11040.0
13714,36-45,Male,12129.0
13715,46-55,Male,3116.0
13716,36-45,Male,4867.0
13717,26-35,Female,2104.0
13718,46-55,Male,9222.0
13719,46-55,Male,3220.0
13720,46-55,Female,9020.0
13721,46-55,Male,5176.0
13722,26-35,Male,4415.0
13723,26-35,Male,3253.0
13724,18-25,Male,2935.0
13725,18-25,Female,3327.0
13726,18-25,Male,1076.0
13727,26-35,Female,10094.0
13728,46-55,Male,7238.0
13729,36-45,Male,3653.0
13730,26-35,Female,5925.0
13731,26-35,Female,4694.0
13732,46-55,Male,5594.0
13733,46-55,Female,12541.0
13734,36-45,Male,8821.0
13735,46-55,Male,12359.0
13736,18-25,Male,2310.0
13737,26-35,Male,4844.0
13738,46-55,Female,4095.0
13739,26-35,Male,4879.0
13740,46-55,Male,22588.0
13741,36-45,Male,5063.0
13742,46-55,Male,8229.0
13743,36-45,Male,6926.0
13744,36-45,Male,3612.0
13745,36-45,Male,6818.0
13746,36-45,Male,18937.0
13747,46-55,Male,47571.0
13748,65+,Male,2362.0
13749,36-45,Female,5220.0
13750,65+,Male,7496.0
13751,26-35,Female,2302.0
13752,26-35,Male,4475.0
13753,36-45,Male,4029.0
13754,26-35,Male,13622.0
13755,26-35,Female,15594.0
13756,26-35,Male,5804.0
13757,46-55,Male,10491.0
13758,36-45,Female,2612.0
13759,36-45,Female,5727.0
13760,36-45,Female,7519.0
13761,26-35,Male,2590.0
13762,65+,Female,8164.0
13763,46-55,Male,5490.0
13764,36-45,Male,2952.0
13765,65+,Male,7188.0
13766,18-25,Male,2432.0
13767,18-25,Male,1421.0
13768,46-55,Male,29201.0
13769,56-65,Female,18915.0
13770,36-45,Female,9966.0
13771,18-25,Male,4574.0
13772,36-45,Male,2844.0
13773,56-65,Male,3944.0
13774,36-45,Female,14392.0
13775,65+,Male,4805.0
13776,26-35,Male,1124.0
13777,36-45,Male,3605.0
13778,46-55,Male,14268.0
13779,26-35,Female,10215.0
13780,46-55,Male,2382.0
13781,18-25,Female,1434.0
13782,56-65,Male,11029.0
13783,36-45,Female,5884.0
13784,56-65,Male,2866.0
13785,46-55,Male,7979.0
13786,36-45,Male,12235.0
13787,26-35,Male,4966.0
13788,26-35,Male,7764.0
13789,36-45,Male,7172.0
13790,65+,Male,5168.0
13791,26-35,Male,4578.0
13792,36-45,Female,3816.0
13793,36-45,Male,10561.0
13794,18-25,Male,3415.0
13795,36-45,Male,14632.0
13796,56-65,Female,8665.0
13797,26-35,Male,5269.0
13798,26-35,Male,17272.0
13799,26-35,Female,6711.0
13800,36-45,Male,3688.0
13801,18-25,Male,3900.0
13802,36-45,Male,2519.0
13803,46-55,Male,7375.0
13804,26-35,Female,8887.0
13805,56-65,Male,14574.0
13806,46-55,Male,6587.0
13807,26-35,Female,2545.0
13808,36-45,Female,13522.0
13809,46-55,Male,8995.0
13810,26-35,Male,2628.0
13811,56-65,Male,6615.0
13812,46-55,Male,2570.0
13813,26-35,Female,8253.0
13814,36-45,Male,10517.0
13815,26-35,Male,3813.0
13816,36-45,Male,18370.0
13817,26-35,Male,3133.0
13818,26-35,Female,2863.0
13819,46-55,Female,11854.0
13820,26-35,Female,4600.0
13821,46-55,Male,3346.0
13822,46-55,Male,6348.0
13823,26-35,Male,10215.0
13824,26-35,Female,5743.0
13825,26-35,Male,8616.0
13826,26-35,Male,2493.0
13827,46-55,Male,11202.0
13828,36-45,Male,17590.0
13829,26-35,Female,5040.0
13830,36-45,Male,11404.0
13831,36-45,Male,5567.0
13832,46-55,Male,14134.0
13833,56-65,Male,8554.0
13834,36-45,Male,2441.0
13835,56-65,Female,2561.0
13836,46-55,Female,12450.0
13837,18-25,Female,2604.0
13838,36-45,Female,8316.0
13839,36-45,Female,4349.0
13840,46-55,Male,6796.0
13841,65+,Female,13725.0
13842,36-45,Female,12771.0
13843,18-25,Male,1198.0
13844,36-45,Female,5479.0
13845,65+,Female,1392.0
13846,26-35,Female,6488.0
13847,46-55,Male,15463.0
13848,36-45,Male,8193.0
13849,26-35,Male,3503.0
13850,46-55,Male,4766.0
13851,36-45,Male,11901.0
13852,26-35,Male,7181.0
13853,36-45,Male,13315.0
13854,18-25,Male,3826.0
13855,26-35,Male,3522.0
13856,36-45,Male,10049.0
13857,56-65,Male,11298.0
13858,46-55,Male,9283.0
13859,26-35,Male,4001.0
13860,36-45,Male,4907.0
13861,18-25,Male,686.0
13862,26-35,Female,4091.0
13863,26-35,Male,1650.0
13864,26-35,Female,3512.0
13865,56-65,Male,5471.0
13866,36-45,Male,6537.0
13867,26-35,Male,6342.0
13868,26-35,Male,5959.0
13869,36-45,Male,4417.0
13870,18-25,Male,1450.0
13871,36-45,Female,4145.0
13872,26-35,Male,3441.0
13873,26-35,Male,5289.0
13874,26-35,Male,7798.0
13875,56-65,Male,3513.0
13876,26-35,Male,5769.0
13877,26-35,Male,2623.0
13878,26-35,Female,4378.0
13879,26-35,Male,6442.0
13880,46-55,Female,9666.0
13881,36-45,Male,5813.0
13882,26-35,Male,7106.0
13883,18-25,Male,761.0
13884,46-55,Female,4462.0
13885,26-35,Male,5417.0
13886,26-35,Male,6014.0
13887,46-55,Female,9126.0
13888,26-35,Female,7384.0
13889,26-35,Male,3826.0
13890,26-35,Female,3636.0
13891,26-35,Male,2955.0
13892,65+,Female,18170.0
13893,36-45,Male,7286.0
13894,46-55,Male,6065.0
13895,46-55,Male,12305.0
13896,46-55,Female,20013.0
13897,36-45,Male,6757.0
13898,18-25,Female,2249.0
13899,26-35,Female,1599.0
13900,26-35,Male,9676.0
13901,36-45,Female,3659.0
13902,36-45,Male,4757.0
13903,18-25,Female,2798.0
13904,18-25,Male,2087.0
13905,18-25,Male,3399.0
13906,26-35,Female,2968.0
13907,26-35,Male,1457.0
13908,36-45,Male,6282.0
13909,46-55,Male,7589.0
13910,46-55,Female,3940.0
13911,26-35,Female,1914.0
13912,26-35,Male,4760.0
13913,46-55,Male,9543.0
13914,36-45,Female,8153.0
13915,26-35,Male,5104.0
13916,46-55,Male,8840.0
13917,36-45,Female,6479.0
13918,36-45,Male,7452.0
13919,46-55,Male,5487.0
13920,46-55,Male,6017.0
13921,18-25,Female,5461.0
13922,36-45,Male,19858.0
13923,36-45,Male,4814.0
13924,18-25,Male,1582.0
13925,36-45,Male,7379.0
13926,46-55,Male,13903.0
13927,26-35,Female,1566.0
13928,46-55,Male,8065.0
13929,26-35,Female,8075.0
13930,26-35,Female,7225.0
13931,26-35,Male,3514.0
13932,36-45,Male,19863.0
13933,18-25,Male,2000.0
13934,36-45,Male,5355.0
13935,18-25,Female,4782.0
13936,36-45,Male,6882.0
13937,56-65,Male,10514.0
13938,26-35,Male,1352.0
13939,36-45,Male,7101.0
13940,36-45,Male,4135.0
13941,26-35,Male,8375.0
13942,26-35,Male,20690.0
13943,26-35,Male,2085.0
13944,26-35,Male,3498.0
13945,46-55,Female,12252.0
13946,36-45,Male,4426.0
13947,26-35,Male,6483.0
13948,26-35,Female,4113.0
13949,26-35,Male,2344.0
13950,46-55,Male,4958.0
13951,36-45,Female,5337.0
13952,46-55,Male,4963.0
13953,26-35,Female,3662.0
13954,36-45,Male,9227.0
13955,46-55,Male,1664.0
13956,26-35,Male,6601.0
13957,36-45,Female,7845.0
13958,46-55,Male,19084.0
13959,36-45,Male,14732.0
13960,26-35,Male,1535.0
13961,26-35,Male,2012.0
13962,56-65,Male,8244.0
13963,26-35,Male,5532.0
13964,56-65,Male,8978.0
13965,18-25,Male,1504.0
13966,36-45,Male,7710.0
13967,26-35,Female,7847.0
13968,26-35,Male,8421.0
13969,26-35,Male,5994.0
13970,26-35,Male,7804.0
13971,46-55,Male,20250.0
13972,26-35,Male,4416.0
13973,36-45,Male,5540.0
13974,26-35,Male,1263.0
13975,46-55,Female,9172.0
13976,36-45,Male,3048.0
13977,36-45,Male,4390.0
13978,26-35,Female,10915.0
13979,65+,Male,3802.0
13980,56-65,Male,8594.0
13981,36-45,Male,15844.0
13982,26-35,Female,2634.0
13983,46-55,Female,7369.0
13984,36-45,Male,5300.0
13985,26-35,Male,7115.0
13986,56-65,Male,4552.0
13987,36-45,Female,10309.0
13988,26-35,Male,5708.0
13989,26-35,Male,1999.0
13990,36-45,Male,6403.0
13991,36-45,Female,5051.0
13992,46-55,Male,15158.0
13993,18-25,Male,5297.0
13994,36-45,Female,12489.0
13995,26-35,Male,6946.0
13996,18-25,Male,1339.0
13997,46-55,Male,22708.0
13998,26-35,Female,4665.0
13999,26-35,Male,7860.0
14000,46-55,Male,13875.0
14001,26-35,Male,5972.0
14002,26-35,Male,3504.0
14003,26-35,Male,2292.0
14004,36-45,Male,4766.0
14005,46-55,Male,12505.0
14006,26-35,Male,1741.0
14007,36-45,Male,12222.0
14008,56-65,Male,8480.0
14009,56-65,Male,6703.0
14010,36-45,Female,14425.0
14011,36-45,Female,3394.0
14012,56-65,Female,8868.0
14013,46-55,Female,8543.0
14014,26-35,Male,7203.0
14015,26-35,Male,11677.0
14016,56-65,Female,4318.0
14017,36-45,Male,7012.0
14018,18-25,Male,3001.0
14019,26-35,Female,2946.0
14020,36-45,Female,4528.0
14021,36-45,Male,7338.0
14022,26-35,Male,7924.0
14023,56-65,Male,3674.0
14024,46-55,Male,7302.0
14025,26-35,Male,4109.0
14026,36-45,Female,6299.0
14027,36-45,Male,5624.0
14028,26-35,Male,2533.0
14029,26-35,Female,2655.0
14030,36-45,Male,12637.0
14031,36-45,Male,4530.0
14032,18-25,Male,1927.0
14033,26-35,Female,2760.0
14034,26-35,Male,3367.0
14035,36-45,Male,10624.0
14036,26-35,Female,11844.0
14037,18-25,Female,2902.0
14038,26-35,Male,7638.0
14039,46-55,Female,5251.0
14040,46-55,Male,23980.0
14041,46-55,Female,14607.0
14042,36-45,Male,9634.0
14043,18-25,Male,760.0
14044,36-45,Male,5152.0
14045,26-35,Male,3357.0
14046,26-35,Male,3837.0
14047,26-35,Male,5544.0
14048,26-35,Male,9972.0
14049,26-35,Female,5947.0
14050,65+,Male,1976.0
14051,36-45,Female,4428.0
14052,18-25,Male,1517.0
14053,26-35,Male,5781.0
14054,26-35,Male,10313.0
14055,26-35,Female,12103.0
14056,65+,Female,10306.0
14057,36-45,Female,45113.0
14058,46-55,Male,10551.0
14059,46-55,Male,8070.0
14060,56-65,Female,8507.0
14061,26-35,Male,2442.0
14062,36-45,Male,4325.0
14063,26-35,Male,12259.0
14064,26-35,Male,6340.0
14065,26-35,Female,5084.0
14066,26-35,Male,9418.0
14067,46-55,Female,14210.0
14068,36-45,Male,14292.0
14069,26-35,Male,6466.0
14070,36-45,Male,4453.0
14071,26-35,Male,4164.0
14072,26-35,Male,3923.0
14073,46-55,Male,22904.0
14074,36-45,Female,9086.0
14075,36-45,Male,3698.0
14076,36-45,Male,6399.0
14077,26-35,Female,3417.0
14078,56-65,Male,6914.0
14079,26-35,Male,6591.0
14080,56-65,Male,5560.0
14081,18-25,Male,2307.0
14082,46-55,Female,18767.0
14083,46-55,Male,12780.0
14084,26-35,Male,3735.0
14085,36-45,Male,9054.0
14086,18-25,Female,527.0
14087,36-45,Male,5235.0
14088,18-25,Male,3337.0
14089,46-55,Male,11506.0
14090,18-25,Female,1907.0
14091,36-45,Male,7696.0
14092,18-25,Female,2182.0
14093,46-55,Female,9021.0
14094,46-55,Male,5841.0
14095,65+,Male,6402.0
14096,26-35,Male,2542.0
14097,56-65,Female,5280.0
14098,36-45,Female,5686.0
14099,46-55,Female,8167.0
14100,46-55,Male,7828.0
14101,26-35,Female,5731.0
14102,46-55,Female,9650.0
14103,26-35,Male,5103.0
14104,36-45,Male,10371.0
14105,46-55,Male,14979.0
14106,18-25,Female,1851.0
14107,36-45,Female,16386.0
14108,26-35,Male,6402.0
14109,36-45,Female,8871.0
14110,36-45,Male,11138.0
14111,36-45,Female,11789.0
14112,65+,Male,3563.0
14113,36-45,Male,11875.0
14114,56-65,Male,4803.0
14115,36-45,Male,5146.0
14116,36-45,Male,13127.0
14117,26-35,Male,5733.0
14118,26-35,Male,7817.0
14119,18-25,Male,1737.0
14120,26-35,Male,2537.0
14121,26-35,Female,1684.0
14122,18-25,Male,5069.0
14123,18-25,Male,2136.0
14124,36-45,Male,5271.0
14125,65+,Male,11174.0
14126,56-65,Female,10905.0
14127,36-45,Female,6535.0
14128,36-45,Male,13353.0
14129,36-45,Female,8028.0
14130,26-35,Female,1990.0
14131,36-45,Male,17555.0
14132,56-65,Male,2980.0
14133,18-25,Male,2996.0
14134,36-45,Male,4187.0
14135,46-55,Male,10274.0
14136,36-45,Male,18720.0
14137,46-55,Male,4404.0
14138,56-65,Female,5980.0
14139,56-65,Male,5440.0
14140,26-35,Male,2742.0
14141,46-55,Female,10747.0
14142,18-25,Male,902.0
14143,26-35,Male,7259.0
14144,26-35,Male,15202.0
14145,56-65,Male,7572.0
14146,36-45,Male,3410.0
14147,26-35,Male,5170.0
14148,36-45,Male,10158.0
14149,26-35,Male,9970.0
14150,36-45,Male,6264.0
14151,26-35,Male,7479.0
14152,36-45,Female,9930.0
14153,36-45,Male,4438.0
14154,56-65,Female,3433.0
14155,26-35,Male,4363.0
14156,26-35,Female,3402.0
14157,18-25,Male,3311.0
14158,26-35,Male,4647.0
14159,36-45,Male,4323.0
14160,36-45,Female,6676.0
14161,56-65,Male,6292.0
14162,56-65,Male,3148.0
14163,36-45,Male,16923.0
14164,36-45,Male,2297.0
14165,36-45,Female,5353.0
14166,46-55,Female,15381.0
14167,26-35,Female,1394.0
14168,26-35,Male,6697.0
14169,26-35,Male,11598.0
14170,36-45,Male,6140.0
14171,26-35,Male,3770.0
14172,26-35,Male,2973.0
14173,26-35,Male,3936.0
14174,18-25,Male,1741.0
14175,26-35,Male,10570.0
14176,26-35,Male,4080.0
14177,36-45,Male,10955.0
14178,56-65,Female,7619.0
14179,46-55,Male,15209.0
14180,46-55,Female,14513.0
14181,18-25,Male,2187.0
14182,36-45,Male,3410.0
14183,36-45,Male,6444.0
14184,26-35,Male,1169.0
14185,26-35,Male,1821.0
14186,26-35,Female,3151.0
14187,18-25,Female,1985.0
14188,18-25,Male,1568.0
14189,26-35,Female,3161.0
14190,26-35,Female,1516.0
14191,46-55,Female,3631.0
14192,36-45,Female,20593.0
14193,26-35,Male,3217.0
14194,46-55,Female,8713.0
14195,36-45,Male,4771.0
14196,36-45,Male,9591.0
14197,46-55,Male,35588.0
14198,26-35,Male,5194.0
14199,46-55,Female,2932.0
14200,18-25,Male,1443.0
14201,26-35,Male,4142.0
14202,56-65,Female,14370.0
14203,36-45,Male,6750.0
14204,56-65,Male,5951.0
14205,36-45,Female,8176.0
14206,18-25,Male,5342.0
14207,36-45,Male,8155.0
14208,18-25,Male,3375.0
14209,18-25,Female,2808.0
14210,36-45,Male,9734.0
14211,26-35,Male,8701.0
14212,36-45,Female,2795.0
14213,26-35,Male,1844.0
14214,36-45,Male,8336.0
14215,18-25,Male,3615.0
14216,46-55,Male,7281.0
14217,36-45,Male,3703.0
14218,26-35,Male,4197.0
14219,36-45,Male,11311.0
14220,36-45,Male,7952.0
14221,26-35,Male,7970.0
14222,26-35,Male,3073.0
14223,36-45,Male,5353.0
14224,36-45,Male,3968.0
14225,26-35,Male,8293.0
14226,26-35,Male,7467.0
14227,46-55,Male,7128.0
14228,36-45,Male,8023.0
14229,26-35,Female,3994.0
14230,36-45,Male,2945.0
14231,56-65,Male,3401.0
14232,36-45,Female,7258.0
14233,36-45,Female,7289.0
14234,18-25,Male,2136.0
14235,36-45,Male,3288.0
14236,26-35,Male,2031.0
14237,46-55,Female,17951.0
14238,36-45,Male,6233.0
14239,36-45,Female,15110.0
14240,18-25,Female,2693.0
14241,46-55,Male,6289.0
14242,56-65,Male,10133.0
14243,36-45,Male,16006.0
14244,26-35,Female,6150.0
14245,36-45,Male,7607.0
14246,26-35,Male,4639.0
14247,65+,Male,4727.0
14248,36-45,Male,4678.0
14249,36-45,Male,12133.0
14250,18-25,Male,2648.0
14251,26-35,Male,2998.0
14252,46-55,Male,7251.0
14253,56-65,Male,5755.0
14254,46-55,Male,4724.0
14255,46-55,Male,25996.0
14256,36-45,Male,3667.0
14257,36-45,Female,4960.0
14258,36-45,Male,12647.0
14259,26-35,Male,3994.0
14260,18-25,Male,3247.0
14261,26-35,Male,6385.0
14262,26-35,Male,9367.0
14263,56-65,Male,5469.0
14264,46-55,Male,4885.0
14265,46-55,Male,13506.0
14266,36-45,Male,9278.0
14267,46-55,Female,14102.0
14268,26-35,Male,1674.0
14269,36-45,Male,10411.0
14270,18-25,Female,1610.0
14271,46-55,Male,7850.0
14272,36-45,Male,5488.0
14273,26-35,Male,4264.0
14274,26-35,Male,3788.0
14275,36-45,Male,33808.0
14276,36-45,Male,30592.0
14277,36-45,Female,4905.0
14278,18-25,Male,3184.0
14279,46-55,Female,7844.0
14280,46-55,Female,9374.0
14281,36-45,Female,7573.0
14282,26-35,Female,1968.0
14283,26-35,Female,7920.0
14284,36-45,Male,9894.0
14285,26-35,Male,6949.0
14286,46-55,Male,7400.0
14287,36-45,Male,12714.0
14288,26-35,Male,3995.0
14289,46-55,Male,6309.0
14290,18-25,Male,1132.0
14291,56-65,Male,24227.0
14292,26-35,Female,2718.0
14293,26-35,Male,7007.0
14294,46-55,Female,4038.0
14295,56-65,Male,2180.0
14296,26-35,Female,2269.0
14297,46-55,Female,3929.0
14298,26-35,Male,6665.0
14299,26-35,Male,11709.0
14300,26-35,Male,4949.0
14301,18-25,Male,1326.0
14302,26-35,Male,6870.0
14303,26-35,Female,2158.0
14304,36-45,Male,3768.0
14305,46-55,Male,5729.0
14306,18-25,Female,4901.0
14307,36-45,Male,4348.0
14308,26-35,Male,4891.0
14309,36-45,Male,12241.0
14310,18-25,Male,817.0
14311,46-55,Male,4316.0
14312,56-65,Male,17960.0
14313,18-25,Female,2708.0
14314,36-45,Male,5690.0
14315,46-55,Male,4175.0
14316,36-45,Female,8382.0
14317,65+,Male,6089.0
14318,26-35,Female,4860.0
14319,36-45,Female,5216.0
14320,56-65,Male,11857.0
14321,36-45,Male,9301.0
14322,56-65,Female,8582.0
14323,36-45,Male,5329.0
14324,26-35,Male,4388.0
14325,26-35,Male,4356.0
14326,18-25,Female,1343.0
14327,56-65,Male,11017.0
14328,26-35,Male,1834.0
14329,26-35,Female,3771.0
14330,36-45,Male,5239.0
14331,36-45,Male,8310.0
14332,36-45,Female,7171.0
14333,36-45,Female,10398.0
14334,36-45,Male,3128.0
14335,26-35,Female,3395.0
14336,36-45,Female,3567.0
14337,26-35,Male,3501.0
14338,36-45,Male,9835.0
14339,26-35,Male,3631.0
14340,26-35,Male,2648.0
14341,36-45,Male,8091.0
14342,18-25,Male,1256.0
14343,36-45,Male,12021.0
14344,46-55,Male,9201.0
14345,46-55,Male,4606.0
14346,56-65,Male,11262.0
14347,26-35,Female,5405.0
14348,36-45,Male,7476.0
14349,36-45,Male,12877.0
14350,46-55,Male,5008.0
14351,36-45,Female,8824.0
14352,46-55,Male,10458.0
14353,26-35,Male,4972.0
14354,36-45,Female,6085.0
14355,26-35,Male,8558.0
14356,46-55,Male,13529.0
14357,26-35,Female,8880.0
14358,18-25,Male,1744.0
14359,26-35,Female,4791.0
14360,36-45,Female,8028.0
14361,46-55,Male,21411.0
14362,26-35,Male,4473.0
14363,26-35,Male,2831.0
14364,56-65,Female,8111.0
14365,26-35,Female,8484.0
14366,46-55,Male,14739.0
14367,26-35,Male,4229.0
14368,46-55,Male,23187.0
14369,18-25,Male,3467.0
14370,36-45,Male,5450.0
14371,36-45,Male,4683.0
14372,26-35,Male,8132.0
14373,26-35,Male,3578.0
14374,46-55,Male,8659.0
14375,36-45,Male,18078.0
14376,36-45,Female,1302.0
14377,36-45,Male,21165.0
14378,36-45,Female,14571.0
14379,18-25,Male,3274.0
14380,36-45,Male,8315.0
14381,26-35,Male,2640.0
14382,46-55,Male,36023.0
14383,26-35,Female,7175.0
14384,36-45,Male,10818.0
14385,26-35,Male,3037.0
14386,36-45,Female,8004.0
14387,36-45,Female,10265.0
14388,46-55,Male,10068.0
14389,26-35,Male,4517.0
14390,36-45,Male,2756.0
14391,18-25,Male,1108.0
14392,36-45,Male,20066.0
14393,36-45,Male,5075.0
14394,36-45,Male,6767.0
14395,36-45,Male,4604.0
14396,26-35,Male,3688.0
14397,36-45,Female,11531.0
14398,26-35,Female,9337.0
14399,26-35,Male,4861.0
14400,46-55,Male,9573.0
14401,26-35,Male,3944.0
14402,26-35,Female,3652.0
14403,26-35,Male,2436.0
14404,56-65,Male,8234.0
14405,26-35,Female,2074.0
14406,46-55,Male,13115.0
14407,56-65,Male,5205.0
14408,18-25,Male,1372.0
14409,26-35,Female,4769.0
14410,46-55,Male,5308.0
14411,46-55,Female,4632.0
14412,46-55,Female,8972.0
14413,26-35,Male,1643.0
14414,46-55,Male,9082.0
14415,65+,Female,3305.0
14416,36-45,Female,13070.0
14417,65+,Male,4226.0
14418,26-35,Male,2936.0
14419,26-35,Male,3905.0
14420,36-45,Male,4114.0
14421,26-35,Male,1138.0
14422,26-35,Female,1609.0
14423,36-45,Male,8583.0
14424,18-25,Male,1389.0
14425,56-65,Male,6874.0
14426,36-45,Female,7286.0
14427,46-55,Male,7892.0
14428,26-35,Male,3777.0
14429,26-35,Female,3929.0
14430,36-45,Male,2475.0
14431,56-65,Male,6774.0
14432,36-45,Female,9238.0
14433,26-35,Female,2658.0
14434,65+,Female,1486.0
14435,36-45,Female,12667.0
14436,56-65,Female,18595.0
14437,36-45,Male,12203.0
14438,36-45,Female,12004.0
14439,36-45,Female,5122.0
14440,26-35,Female,6212.0
14441,18-25,Male,2083.0
14442,46-55,Male,9986.0
14443,36-45,Female,3244.0
14444,36-45,Female,1946.0
14445,18-25,Female,4574.0
14446,26-35,Female,9583.0
14447,36-45,Female,5741.0
14448,26-35,Female,3346.0
14449,56-65,Female,11169.0
14450,36-45,Male,6134.0
14451,36-45,Male,7456.0
14452,26-35,Male,3422.0
14453,26-35,Male,2113.0
14454,56-65,Male,6557.0
14455,36-45,Female,5850.0
14456,46-55,Female,8282.0
14457,26-35,Female,4364.0
14458,26-35,Male,3565.0
14459,26-35,Female,8446.0
14460,36-45,Female,7052.0
14461,36-45,Male,7856.0
14462,26-35,Male,9066.0
14463,26-35,Male,4493.0
14464,56-65,Female,6891.0
14465,26-35,Male,5685.0
14466,36-45,Female,2514.0
14467,36-45,Male,5190.0
14468,26-35,Male,6384.0
14469,18-25,Male,6265.0
14470,56-65,Male,5892.0
14471,26-35,Female,2973.0
14472,26-35,Female,1030.0
14473,26-35,Male,7436.0
14474,18-25,Male,2263.0
14475,26-35,Female,3054.0
14476,36-45,Male,5601.0
14477,46-55,Male,7443.0
14478,26-35,Female,5002.0
14479,46-55,Male,11560.0
14480,26-35,Male,4106.0
14481,56-65,Male,4962.0
14482,46-55,Male,7617.0
14483,26-35,Male,7823.0
14484,36-45,Male,6739.0
14485,26-35,Male,3481.0
14486,36-45,Male,7380.0
14487,36-45,Male,6317.0
14488,36-45,Male,5898.0
14489,26-35,Male,7814.0
14490,46-55,Male,12711.0
14491,26-35,Male,9699.0
14492,36-45,Female,18002.0
14493,36-45,Female,8336.0
14494,36-45,Male,11803.0
14495,26-35,Female,4328.0
14496,26-35,Male,7652.0
14497,18-25,Male,1303.0
14498,26-35,Male,3317.0
14499,56-65,Male,4846.0
14500,46-55,Male,27277.0
14501,46-55,Male,11333.0
14502,26-35,Female,1452.0
14503,18-25,Male,1810.0
14504,36-45,Female,9673.0
14505,26-35,Male,5495.0
14506,26-35,Male,9176.0
14507,36-45,Male,8238.0
14508,26-35,Male,1136.0
14509,26-35,Female,5054.0
14510,26-35,Male,10467.0
14511,46-55,Male,11365.0
14512,36-45,Female,9883.0
14513,26-35,Male,4358.0
14514,18-25,Male,2125.0
14515,26-35,Male,5153.0
14516,36-45,Male,3960.0
14517,26-35,Male,9216.0
14518,36-45,Male,8643.0
14519,18-25,Male,4105.0
14520,26-35,Male,1544.0
14521,26-35,Male,1694.0
14522,26-35,Male,6686.0
14523,26-35,Male,2180.0
14524,26-35,Female,4395.0
14525,65+,Male,6096.0
14526,36-45,Male,6533.0
14527,46-55,Female,6667.0
14528,56-65,Male,15872.0
14529,26-35,Male,3484.0
14530,36-45,Male,5331.0
14531,36-45,Male,8484.0
14532,36-45,Male,10126.0
14533,26-35,Male,3554.0
14534,26-35,Female,5085.0
14535,46-55,Male,14337.0
14536,18-25,Male,1686.0
14537,26-35,Female,1467.0
14538,56-65,Female,2660.0
14539,18-25,Male,1707.0
14540,36-45,Female,8694.0
14541,65+,Male,10213.0
14542,26-35,Male,2315.0
14543,26-35,Female,5023.0
14544,36-45,Male,8952.0
14545,46-55,Male,5880.0
14546,46-55,Female,10916.0
14547,26-35,Male,5855.0
14548,46-55,Female,10385.0
14549,56-65,Female,7153.0
14550,18-25,Male,1786.0
14551,46-55,Male,3327.0
14552,36-45,Male,7200.0
14553,46-55,Male,15255.0
14554,26-35,Female,2951.0
14555,18-25,Male,761.0
14556,46-55,Male,9377.0
14557,36-45,Male,2476.0
14558,56-65,Female,4204.0
14559,26-35,Male,5549.0
14560,26-35,Female,3107.0
14561,36-45,Female,3337.0
14562,26-35,Male,4513.0
14563,26-35,Male,1972.0
14564,18-25,Male,2525.0
14565,46-55,Male,12514.0
14566,26-35,Female,2687.0
14567,26-35,Male,2322.0
14568,46-55,Male,6823.0
14569,18-25,Male,1393.0
14570,36-45,Female,8779.0
14571,26-35,Female,4760.0
14572,36-45,Male,14314.0
14573,36-45,Male,9761.0
14574,26-35,Female,2004.0
14575,36-45,Male,4100.0
14576,65+,Male,7565.0
14577,36-45,Female,6522.0
14578,26-35,Male,2457.0
14579,26-35,Female,2788.0
14580,46-55,Male,3018.0
14581,26-35,Male,4607.0
14582,26-35,Male,2579.0
14583,65+,Male,3072.0
14584,26-35,Male,1784.0
14585,26-35,Male,2541.0
14586,26-35,Male,1903.0
14587,26-35,Male,2208.0
14588,18-25,Male,1905.0
14589,26-35,Female,1675.0
14590,36-45,Male,21974.0
14591,36-45,Female,4931.0
14592,26-35,Female,1759.0
14593,36-45,Male,4671.0
14594,26-35,Female,5336.0
14595,46-55,Female,5664.0
14596,46-55,Male,6054.0
14597,36-45,Male,10049.0
14598,46-55,Male,6821.0
14599,65+,Male,10006.0
14600,36-45,Male,5557.0
14601,26-35,Male,3697.0
14602,26-35,Male,3837.0
14603,26-35,Male,3094.0
14604,36-45,Female,3544.0
14605,26-35,Male,3185.0
14606,46-55,Male,2368.0
14607,26-35,Female,14435.0
14608,26-35,Female,962.0
14609,18-25,Male,1196.0
14610,18-25,Female,1118.0
14611,36-45,Female,17422.0
14612,26-35,Male,5968.0
14613,56-65,Male,4712.0
14614,36-45,Female,4300.0
14615,26-35,Male,9032.0
14616,36-45,Male,5733.0
14617,26-35,Male,12198.0
14618,18-25,Female,1419.0
14619,26-35,Male,3107.0
14620,26-35,Female,1357.0
14621,26-35,Female,12462.0
14622,18-25,Male,2003.0
14623,36-45,Male,5742.0
14624,65+,Male,5103.0
14625,26-35,Male,5431.0
14626,36-45,Male,3819.0
14627,65+,Male,5438.0
14628,36-45,Male,5124.0
14629,36-45,Female,14792.0
14630,36-45,Male,13606.0
14631,46-55,Male,5684.0
14632,26-35,Male,4217.0
14633,26-35,Male,2881.0
14634,46-55,Female,14609.0
14635,26-35,Male,5862.0
14636,26-35,Male,5923.0
14637,46-55,Male,4641.0
14638,26-35,Female,3567.0
14639,36-45,Male,8049.0
14640,26-35,Male,3710.0
14641,36-45,Male,11294.0
14642,18-25,Male,1906.0
14643,18-25,Female,1638.0
14644,46-55,Male,19132.0
14645,26-35,Female,6425.0
14646,46-55,Male,9911.0
14647,26-35,Male,8648.0
14648,26-35,Male,4975.0
14649,26-35,Male,4196.0
14650,18-25,Male,5302.0
14651,26-35,Male,4942.0
14652,26-35,Female,2602.0
14653,26-35,Male,2654.0
14654,36-45,Male,11766.0
14655,46-55,Male,11301.0
14656,26-35,Male,2863.0
14657,26-35,Female,2526.0
14658,36-45,Male,11803.0
14659,36-45,Female,3393.0
14660,36-45,Male,19130.0
14661,56-65,Female,3243.0
14662,56-65,Male,17361.0
14663,46-55,Male,14131.0
14664,36-45,Male,3626.0
14665,26-35,Male,2770.0
14666,36-45,Male,6767.0
14667,36-45,Female,20094.0
14668,36-45,Male,5463.0
14669,26-35,Male,4016.0
14670,65+,Male,2768.0
14671,26-35,Male,3656.0
14672,26-35,Male,3418.0
14673,26-35,Female,5564.0
14674,65+,Male,8126.0
14675,46-55,Male,8168.0
14676,46-55,Male,9547.0
14677,18-25,Male,776.0
14678,26-35,Male,4407.0
14679,26-35,Male,5440.0
14680,26-35,Male,5025.0
14681,46-55,Male,4860.0
14682,56-65,Male,5715.0
14683,26-35,Female,5055.0
14684,26-35,Male,2525.0
14685,46-55,Male,11739.0
14686,36-45,Female,10131.0
14687,26-35,Male,1850.0
14688,46-55,Female,18153.0
14689,36-45,Male,3194.0
14690,56-65,Female,25553.0
14691,36-45,Male,4378.0
14692,56-65,Male,4020.0
14693,18-25,Female,2340.0
14694,46-55,Male,5971.0
14695,26-35,Female,2020.0
14696,26-35,Male,4924.0
14697,36-45,Male,8154.0
14698,26-35,Male,1484.0
14699,36-45,Male,8053.0
14700,18-25,Male,2381.0
14701,26-35,Male,4858.0
14702,36-45,Male,3204.0
14703,36-45,Female,13320.0
14704,26-35,Female,7505.0
14705,36-45,Male,3802.0
14706,26-35,Male,5249.0
14707,26-35,Male,6570.0
14708,36-45,Male,4690.0
14709,26-35,Male,6939.0
14710,26-35,Male,4001.0
14711,56-65,Female,4084.0
14712,18-25,Male,2074.0
14713,26-35,Female,5018.0
14714,18-25,Male,2537.0
14715,36-45,Male,11349.0
14716,26-35,Female,14152.0
14717,26-35,Male,10720.0
14718,36-45,Female,10423.0
14719,26-35,Male,3642.0
14720,36-45,Male,14129.0
14721,36-45,Female,6263.0
14722,18-25,Female,1959.0
14723,36-45,Male,6481.0
14724,26-35,Male,5237.0
14725,46-55,Male,5511.0
14726,56-65,Male,4551.0
14727,26-35,Female,3983.0
14728,36-45,Female,3747.0
14729,36-45,Female,8976.0
14730,18-25,Male,1777.0
14731,26-35,Male,3053.0
14732,26-35,Male,3535.0
14733,26-35,Male,4449.0
14734,65+,Female,6998.0
14735,26-35,Female,9045.0
14736,46-55,Male,6229.0
14737,56-65,Female,12751.0
14738,65+,Female,9662.0
14739,46-55,Male,8726.0
14740,36-45,Male,22507.0
14741,26-35,Female,3966.0
14742,36-45,Male,5131.0
14743,26-35,Male,1624.0
14744,46-55,Male,6145.0
14745,26-35,Male,6754.0
14746,36-45,Male,3296.0
14747,46-55,Male,3561.0
14748,36-45,Male,2389.0
14749,26-35,Female,3631.0
14750,56-65,Male,8809.0
14751,26-35,Male,4206.0
14752,56-65,Male,4748.0
14753,56-65,Female,9195.0
14754,18-25,Male,793.0
14755,46-55,Male,9447.0
14756,36-45,Male,6851.0
14757,18-25,Male,1398.0
14758,26-35,Male,3673.0
14759,26-35,Male,6380.0
14760,26-35,Female,3616.0
14761,26-35,Male,3975.0
14762,36-45,Male,4129.0
14763,36-45,Male,2048.0
14764,46-55,Female,7448.0
14765,56-65,Male,7769.0
14766,46-55,Male,8173.0
14767,56-65,Male,9922.0
14768,18-25,Female,580.0
14769,26-35,Male,1335.0
14770,26-35,Male,6713.0
14771,36-45,Male,7099.0
14772,26-35,Male,6338.0
14773,26-35,Male,2457.0
14774,36-45,Male,10917.0
14775,36-45,Male,8535.0
14776,18-25,Male,1421.0
14777,46-55,Male,21135.0
14778,46-55,Male,5879.0
14779,26-35,Male,2553.0
14780,36-45,Female,2087.0
14781,36-45,Male,6431.0
14782,36-45,Male,9003.0
14783,46-55,Male,12662.0
14784,26-35,Male,2225.0
14785,36-45,Male,14791.0
14786,56-65,Female,8892.0
14787,26-35,Male,2887.0
14788,26-35,Male,7386.0
14789,36-45,Male,8972.0
14790,18-25,Male,2027.0
14791,26-35,Male,3414.0
14792,46-55,Male,19810.0
14793,26-35,Male,2656.0
14794,36-45,Female,7287.0
14795,18-25,Female,1527.0
14796,46-55,Male,18941.0
14797,56-65,Male,29377.0
14798,26-35,Male,4461.0
14799,36-45,Male,3241.0
14800,26-35,Male,6893.0
14801,36-45,Male,5076.0
14802,36-45,Female,3122.0
14803,36-45,Male,6929.0
14804,36-45,Female,3173.0
14805,26-35,Female,4499.0
14806,46-55,Male,7187.0
14807,26-35,Female,5543.0
14808,26-35,Male,2527.0
14809,26-35,Male,9360.0
14810,26-35,Male,9241.0
14811,36-45,Female,8025.0
14812,56-65,Male,6555.0
14813,26-35,Male,16927.0
14814,26-35,Male,3134.0
14815,46-55,Male,9215.0
14816,36-45,Female,11745.0
14817,18-25,Male,2333.0
14818,26-35,Male,9648.0
14819,26-35,Female,5486.0
14820,26-35,Male,11000.0
14821,26-35,Male,3449.0
14822,36-45,Male,4437.0
14823,36-45,Female,9664.0
14824,26-35,Male,5055.0
14825,26-35,Male,11006.0
14826,26-35,Female,6968.0
14827,36-45,Female,3022.0
14828,36-45,Male,14622.0
14829,26-35,Male,5464.0
14830,56-65,Male,7876.0
14831,56-65,Male,9747.0
14832,46-55,Male,19347.0
14833,26-35,Male,5930.0
14834,56-65,Male,5994.0
14835,26-35,Male,7580.0
14836,36-45,Male,11786.0
14837,36-45,Male,5120.0
14838,26-35,Male,4024.0
14839,36-45,Male,13306.0
14840,36-45,Male,10195.0
14841,26-35,Female,2834.0
14842,56-65,Female,9025.0
14843,46-55,Male,13527.0
14844,18-25,Male,3103.0
14845,18-25,Female,1082.0
14846,36-45,Female,8065.0
14847,56-65,Male,5780.0
14848,36-45,Male,2043.0
14849,56-65,Male,8545.0
14850,36-45,Male,8390.0
14851,26-35,Male,9414.0
14852,26-35,Male,6789.0
14853,36-45,Male,3686.0
14854,46-55,Male,9343.0
14855,26-35,Male,2717.0
14856,65+,Female,5627.0
14857,56-65,Male,6165.0
14858,65+,Male,4325.0
14859,36-45,Male,15478.0
14860,36-45,Male,8845.0
14861,26-35,Male,2555.0
14862,26-35,Male,4102.0
14863,36-45,Male,5362.0
14864,26-35,Male,3957.0
14865,36-45,Male,11243.0
14866,46-55,Male,7947.0
14867,18-25,Male,2040.0
14868,46-55,Male,9197.0
14869,36-45,Female,4477.0
14870,26-35,Male,3068.0
14871,26-35,Male,1555.0
14872,36-45,Male,2739.0
14873,46-55,Female,11852.0
14874,36-45,Male,5872.0
14875,46-55,Male,16911.0
14876,56-65,Male,7937.0
14877,26-35,Female,4132.0
14878,36-45,Male,6958.0
14879,18-25,Male,2303.0
14880,26-35,Male,3165.0
14881,18-25,Female,2558.0
14882,26-35,Female,3795.0
14883,56-65,Female,3078.0
14884,65+,Male,5367.0
14885,46-55,Female,3783.0
14886,26-35,Male,5751.0
14887,26-35,Male,4254.0
14888,26-35,Male,1460.0
14889,18-25,Male,3226.0
14890,26-35,Female,4783.0
14891,36-45,Male,3665.0
14892,26-35,Male,4794.0
14893,36-45,Female,5819.0
14894,18-25,Male,4857.0
14895,56-65,Male,7170.0
14896,46-55,Male,14260.0
14897,18-25,Male,5434.0
14898,36-45,Female,6666.0
14899,46-55,Male,10800.0
14900,18-25,Female,8220.0
14901,26-35,Male,3266.0
14902,26-35,Male,1622.0
14903,26-35,Male,2211.0
14904,26-35,Male,3459.0
14905,46-55,Male,9568.0
14906,46-55,Male,9406.0
14907,36-45,Male,5880.0
14908,46-55,Female,12268.0
14909,56-65,Male,7786.0
14910,26-35,Male,3140.0
14911,18-25,Female,1789.0
14912,26-35,Male,2275.0
14913,26-35,Female,3410.0
14914,26-35,Female,3704.0
14915,26-35,Male,2431.0
14916,36-45,Male,6790.0
14917,26-35,Male,2506.0
14918,26-35,Male,2492.0
14919,36-45,Male,5016.0
14920,26-35,Female,3363.0
14921,65+,Male,8312.0
14922,18-25,Male,1562.0
14923,26-35,Male,7710.0
14924,26-35,Female,10471.0
14925,36-45,Male,9049.0
14926,26-35,Male,4083.0
14927,36-45,Male,6267.0
14928,26-35,Male,2694.0
14929,46-55,Female,23741.0
14930,26-35,Male,3377.0
14931,36-45,Female,4231.0
14932,36-45,Female,11511.0
14933,65+,Male,2550.0
14934,26-35,Male,5510.0
14935,46-55,Male,6976.0
14936,18-25,Male,2511.0
14937,36-45,Male,10056.0
14938,26-35,Male,4119.0
14939,26-35,Male,4584.0
14940,46-55,Female,3786.0
14941,56-65,Male,3733.0
14942,36-45,Male,9235.0
14943,56-65,Male,8709.0
14944,36-45,Male,11501.0
14945,56-65,Male,8528.0
14946,26-35,Male,3627.0
14947,18-25,Female,1306.0
14948,36-45,Male,11987.0
14949,36-45,Male,20134.0
14950,46-55,Female,5120.0
14951,36-45,Male,5717.0
14952,18-25,Male,1700.0
14953,36-45,Female,21481.0
14954,36-45,Male,7767.0
14955,26-35,Female,6760.0
14956,26-35,Male,4180.0
14957,56-65,Male,8643.0
14958,26-35,Male,2167.0
14959,26-35,Male,3744.0
14960,36-45,Male,12877.0
14961,26-35,Male,3052.0
14962,46-55,Male,4342.0
14963,36-45,Male,15756.0
14964,36-45,Male,10726.0
14965,36-45,Female,3286.0
14966,36-45,Male,7619.0
14967,36-45,Male,12058.0
14968,56-65,Male,15868.0
14969,36-45,Male,14987.0
14970,46-55,Male,3715.0
14971,46-55,Female,9004.0
14972,18-25,Male,1471.0
14973,46-55,Female,7112.0
14974,36-45,Male,5692.0
14975,36-45,Male,4310.0
14976,36-45,Male,4745.0
14977,56-65,Male,3098.0
14978,36-45,Male,3416.0
14979,46-55,Female,4770.0
14980,36-45,Male,1538.0
14981,26-35,Male,3189.0
14982,36-45,Female,4070.0
14983,46-55,Male,5976.0
14984,36-45,Male,5906.0
14985,65+,Male,10610.0
14986,36-45,Male,6343.0
14987,36-45,Female,11661.0
14988,26-35,Male,3935.0
14989,46-55,Female,2501.0
14990,26-35,Female,3359.0
14991,36-45,Female,3183.0
14992,26-35,Male,2759.0
14993,26-35,Male,4931.0
14994,46-55,Male,4771.0
14995,26-35,Female,6431.0
14996,36-45,Female,22244.0
14997,36-45,Male,6290.0
14998,26-35,Female,2603.0
14999,46-55,Female,5581.0
15000,26-35,Male,4030.0
15001,18-25,Male,1246.0
15002,26-35,Male,2376.0
15003,26-35,Female,5330.0
15004,36-45,Female,10873.0
15005,26-35,Male,3530.0
15006,46-55,Male,15334.0
15007,26-35,Male,3986.0
15008,36-45,Male,10555.0
15009,65+,Male,1376.0
15010,26-35,Female,2863.0
15011,26-35,Female,7805.0
15012,36-45,Male,1552.0
15013,26-35,Female,5102.0
15014,36-45,Male,6260.0
15015,36-45,Female,7676.0
15016,26-35,Male,3025.0
15017,46-55,Male,9494.0
15018,26-35,Male,2530.0
15019,18-25,Male,1038.0
15020,18-25,Female,1925.0
15021,26-35,Male,3565.0
15022,18-25,Male,2370.0
15023,56-65,Male,13849.0
15024,26-35,Male,2045.0
15025,46-55,Male,14293.0
15026,26-35,Female,3027.0
15027,56-65,Male,11671.0
15028,36-45,Male,11089.0
15029,36-45,Male,9295.0
15030,65+,Male,7820.0
15031,36-45,Male,16203.0
15032,46-55,Male,5123.0
15033,46-55,Male,8365.0
15034,26-35,Male,7904.0
15035,46-55,Male,6819.0
15036,36-45,Male,8330.0
15037,26-35,Male,2747.0
15038,56-65,Male,5453.0
15039,46-55,Male,13421.0
15040,26-35,Male,4858.0
15041,36-45,Male,7957.0
15042,26-35,Male,6600.0
15043,26-35,Male,4086.0
15044,46-55,Male,6075.0
15045,18-25,Male,2630.0
15046,46-55,Male,10419.0
15047,46-55,Female,9693.0
15048,46-55,Female,5225.0
15049,36-45,Male,11316.0
15050,26-35,Male,4862.0
15051,26-35,Male,2881.0
15052,36-45,Female,6507.0
15053,46-55,Male,3763.0
15054,26-35,Female,3868.0
15055,46-55,Female,8939.0
15056,36-45,Female,4276.0
15057,36-45,Female,5748.0
15058,36-45,Male,7008.0
15059,36-45,Male,5829.0
15060,46-55,Male,8099.0
15061,18-25,Male,1707.0
15062,46-55,Female,13218.0
15063,36-45,Male,6355.0
15064,46-55,Male,12809.0
15065,36-45,Male,3758.0
15066,46-55,Male,10173.0
15067,36-45,Male,7067.0
15068,36-45,Male,8677.0
15069,26-35,Female,4603.0
15070,65+,Female,11592.0
15071,56-65,Male,7672.0
15072,18-25,Male,1118.0
15073,26-35,Male,5930.0
15074,26-35,Male,9412.0
15075,26-35,Female,2301.0
15076,26-35,Male,4109.0
15077,26-35,Male,4148.0
15078,36-45,Male,12241.0
15079,36-45,Female,5247.0
15080,36-45,Male,17127.0
15081,36-45,Female,5752.0
15082,26-35,Female,2015.0
15083,46-55,Male,11025.0
15084,36-45,Male,7385.0
15085,26-35,Male,7977.0
15086,36-45,Male,17270.0
15087,26-35,Female,3472.0
15088,36-45,Male,6591.0
15089,26-35,Female,3272.0
15090,46-55,Male,4927.0
15091,36-45,Male,8392.0
15092,36-45,Female,10908.0
15093,26-35,Female,3144.0
15094,26-35,Male,2762.0
15095,46-55,Male,14836.0
15096,26-35,Male,8103.0
15097,36-45,Male,6932.0
15098,36-45,Male,6383.0
15099,36-45,Female,12112.0
15100,65+,Male,8925.0
15101,36-45,Male,3492.0
15102,26-35,Male,2829.0
15103,46-55,Male,12432.0
15104,18-25,Male,1884.0
15105,46-55,Male,6068.0
15106,36-45,Male,2560.0
15107,26-35,Female,10780.0
15108,26-35,Female,4124.0
15109,36-45,Female,4196.0
15110,65+,Male,3074.0
15111,65+,Male,3670.0
15112,26-35,Female,6791.0
15113,36-45,Male,7062.0
15114,26-35,Male,4701.0
15115,26-35,Female,6299.0
15116,56-65,Male,2451.0
15117,36-45,Male,12967.0
15118,36-45,Female,18524.0
15119,26-35,Male,3360.0
15120,26-35,Male,2608.0
15121,46-55,Male,17601.0
15122,46-55,Male,22097.0
15123,36-45,Female,9214.0
15124,18-25,Female,500.0
15125,26-35,Male,4564.0
15126,26-35,Female,2241.0
15127,26-35,Male,4323.0
15128,46-55,Male,16807.0
15129,36-45,Female,3331.0
15130,26-35,Male,4839.0
15131,36-45,Male,3868.0
15132,26-35,Male,5045.0
15133,56-65,Male,27530.0
15134,26-35,Male,5800.0
15135,46-55,Male,6900.0
15136,26-35,Male,1484.0
15137,26-35,Female,4557.0
15138,26-35,Male,7945.0
15139,46-55,Male,3786.0
15140,26-35,Male,3665.0
15141,36-45,Male,4102.0
15142,46-55,Male,6147.0
15143,26-35,Male,1373.0
15144,26-35,Male,2640.0
15145,26-35,Female,3603.0
15146,26-35,Male,8242.0
15147,36-45,Male,9872.0
15148,46-55,Female,11109.0
15149,56-65,Male,9869.0
15150,46-55,Female,5672.0
15151,46-55,Female,24413.0
15152,26-35,Male,10401.0
15153,46-55,Male,8962.0
15154,26-35,Male,3070.0
15155,36-45,Male,5184.0
15156,36-45,Female,8462.0
15157,26-35,Male,6928.0
15158,26-35,Male,10395.0
15159,26-35,Male,6076.0
15160,46-55,Male,3453.0
15161,56-65,Male,6476.0
15162,46-55,Male,10793.0
15163,18-25,Male,2488.0
15164,26-35,Male,11716.0
15165,18-25,Female,1223.0
15166,36-45,Female,11709.0
15167,36-45,Male,10737.0
15168,46-55,Male,5827.0
15169,26-35,Male,2588.0
15170,26-35,Male,4425.0
15171,26-35,Female,4026.0
15172,26-35,Male,6833.0
15173,26-35,Female,2376.0
15174,56-65,Female,5946.0
15175,46-55,Male,10421.0
15176,46-55,Female,5707.0
15177,36-45,Male,3700.0
15178,26-35,Male,2262.0
15179,36-45,Male,5431.0
15180,46-55,Male,10002.0
15181,36-45,Female,9966.0
15182,56-65,Male,10404.0
15183,36-45,Male,12748.0
15184,36-45,Female,3517.0
15185,26-35,Female,11830.0
15186,46-55,Male,11882.0
15187,36-45,Male,4500.0
15188,36-45,Female,3641.0
15189,36-45,Female,5458.0
15190,46-55,Female,7170.0
15191,26-35,Male,21068.0
15192,18-25,Male,2834.0
15193,46-55,Male,9950.0
15194,26-35,Female,15486.0
15195,46-55,Female,5200.0
15196,46-55,Male,8584.0
15197,46-55,Male,11914.0
15198,36-45,Male,3039.0
15199,46-55,Female,13750.0
15200,36-45,Male,20783.0
15201,36-45,Female,8994.0
15202,46-55,Female,6924.0
15203,56-65,Male,3922.0
15204,46-55,Male,13568.0
15205,26-35,Female,3462.0
15206,26-35,Female,8095.0
15207,18-25,Male,1238.0
15208,26-35,Male,6280.0
15209,46-55,Male,13198.0
15210,46-55,Male,3454.0
15211,46-55,Male,4595.0
15212,36-45,Male,12721.0
15213,26-35,Male,4979.0
15214,46-55,Male,10446.0
15215,65+,Male,3207.0
15216,56-65,Female,12133.0
15217,26-35,Female,4113.0
15218,26-35,Male,3226.0
15219,26-35,Male,5372.0
15220,36-45,Female,6951.0
15221,36-45,Male,3653.0
15222,56-65,Male,13368.0
15223,36-45,Male,4392.0
15224,46-55,Male,4314.0
15225,26-35,Male,4215.0
15226,36-45,Male,2741.0
15227,18-25,Female,2173.0
15228,46-55,Male,13970.0
15229,26-35,Male,4297.0
15230,26-35,Male,3443.0
15231,36-45,Female,4282.0
15232,46-55,Male,7646.0
15233,26-35,Male,1441.0
15234,26-35,Male,4086.0
15235,26-35,Male,2690.0
15236,46-55,Male,5304.0
15237,26-35,Male,20584.0
15238,46-55,Female,4810.0
15239,18-25,Female,2317.0
15240,36-45,Male,11087.0
15241,46-55,Female,5693.0
15242,26-35,Male,1772.0
15243,26-35,Female,2629.0
15244,26-35,Female,7020.0
15245,18-25,Female,7120.0
15246,26-35,Male,4614.0
15247,56-65,Male,8539.0
15248,26-35,Male,5548.0
15249,18-25,Male,2963.0
15250,56-65,Male,6707.0
15251,26-35,Male,8560.0
15252,56-65,Male,7578.0
15253,46-55,Female,4599.0
15254,56-65,Male,15273.0
15255,18-25,Male,3383.0
15256,18-25,Male,2732.0
15257,46-55,Male,7167.0
15258,36-45,Male,5476.0
15259,26-35,Male,17117.0
15260,46-55,Male,4637.0
15261,36-45,Female,8421.0
15262,36-45,Female,5874.0
15263,56-65,Male,20209.0
15264,36-45,Female,3536.0
15265,36-45,Male,8154.0
15266,36-45,Female,6034.0
15267,36-45,Male,3963.0
15268,56-65,Male,4589.0
15269,36-45,Male,9335.0
15270,26-35,Male,2175.0
15271,36-45,Male,11480.0
15272,26-35,Male,2831.0
15273,18-25,Male,3762.0
15274,36-45,Male,7551.0
15275,36-45,Male,8568.0
15276,36-45,Male,11531.0
15277,26-35,Male,5129.0
15278,26-35,Male,6134.0
15279,36-45,Female,5648.0
15280,46-55,Female,5642.0
15281,36-45,Female,3519.0
15282,26-35,Male,3302.0
15283,26-35,Male,3007.0
15284,56-65,Male,4797.0
15285,46-55,Male,21994.0
15286,56-65,Male,8500.0
15287,46-55,Male,6326.0
15288,36-45,Male,7735.0
15289,36-45,Male,4276.0
15290,36-45,Male,5753.0
15291,26-35,Male,2810.0
15292,18-25,Male,2842.0
15293,26-35,Male,8232.0
15294,36-45,Male,10339.0
15295,36-45,Male,1862.0
15296,26-35,Male,5309.0
15297,26-35,Male,2168.0
15298,46-55,Male,9168.0
15299,46-55,Female,9026.0
15300,36-45,Male,7782.0
15301,26-35,Female,13620.0
15302,65+,Male,9051.0
15303,56-65,Male,4347.0
15304,36-45,Male,3363.0
15305,36-45,Male,8266.0
15306,26-35,Male,6195.0
15307,26-35,Male,3236.0
15308,36-45,Female,3525.0
15309,26-35,Male,2395.0
15310,26-35,Female,2577.0
15311,36-45,Male,14428.0
15312,46-55,Male,14421.0
15313,36-45,Male,4393.0
15314,46-55,Male,7823.0
15315,18-25,Male,1842.0
15316,56-65,Male,16164.0
15317,46-55,Female,4081.0
15318,56-65,Male,16266.0
15319,26-35,Male,5256.0
15320,56-65,Male,9696.0
15321,36-45,Female,3897.0
15322,36-45,Male,7673.0
15323,46-55,Female,7288.0
15324,36-45,Female,8176.0
15325,18-25,Female,3935.0
15326,56-65,Male,11862.0
15327,36-45,Male,12535.0
15328,36-45,Female,8876.0
15329,18-25,Female,2035.0
15330,56-65,Male,11175.0
15331,56-65,Male,8877.0
15332,26-35,Male,1831.0
15333,26-35,Male,11982.0
15334,36-45,Male,9469.0
15335,26-35,Male,5028.0
15336,36-45,Male,11981.0
15337,18-25,Male,2530.0
15338,46-55,Male,5708.0
15339,26-35,Male,3928.0
15340,46-55,Male,7975.0
15341,56-65,Male,5920.0
15342,26-35,Male,21495.0
15343,26-35,Male,2343.0
15344,26-35,Male,4849.0
15345,26-35,Female,5801.0
15346,26-35,Male,2662.0
15347,26-35,Female,5547.0
15348,26-35,Female,1661.0
15349,36-45,Male,5963.0
15350,36-45,Male,4566.0
15351,36-45,Male,5252.0
15352,26-35,Female,10976.0
15353,36-45,Male,4366.0
15354,36-45,Female,15151.0
15355,46-55,Female,5369.0
15356,46-55,Male,10073.0
15357,46-55,Female,9810.0
15358,46-55,Male,10322.0
15359,56-65,Male,6636.0
15360,46-55,Male,7910.0
15361,26-35,Male,4848.0
15362,18-25,Male,1077.0
15363,26-35,Female,4313.0
15364,36-45,Male,2766.0
15365,26-35,Female,3030.0
15366,36-45,Male,10471.0
15367,46-55,Male,8159.0
15368,26-35,Female,9939.0
15369,26-35,Female,3758.0
15370,26-35,Male,5720.0
15371,26-35,Male,2604.0
15372,26-35,Female,2265.0
15373,18-25,Male,2022.0
15374,26-35,Male,9266.0
15375,46-55,Female,16202.0
15376,65+,Female,2994.0
15377,18-25,Male,2909.0
15378,26-35,Male,3774.0
15379,36-45,Male,5380.0
15380,56-65,Male,12553.0
15381,36-45,Male,6268.0
15382,26-35,Male,6955.0
15383,36-45,Male,3935.0
15384,36-45,Male,10360.0
15385,26-35,Male,4201.0
15386,65+,Male,2368.0
15387,18-25,Male,2638.0
15388,46-55,Male,11310.0
15389,65+,Female,4985.0
15390,36-45,Male,3820.0
15391,36-45,Female,4791.0
15392,36-45,Female,10722.0
15393,26-35,Female,3302.0
15394,36-45,Male,6170.0
15395,46-55,Male,5316.0
15396,46-55,Male,9712.0
15397,36-45,Male,6464.0
15398,36-45,Male,4578.0
15399,26-35,Female,3857.0
15400,18-25,Male,12260.0
15401,26-35,Male,15867.0
15402,56-65,Male,8582.0
15403,46-55,Male,2996.0
15404,18-25,Male,2517.0
15405,26-35,Male,4584.0
15406,26-35,Female,3801.0
15407,46-55,Male,5666.0
15408,18-25,Female,1438.0
15409,26-35,Male,2274.0
15410,26-35,Male,3077.0
15411,46-55,Male,36249.0
15412,18-25,Male,2272.0
15413,26-35,Male,6973.0
15414,46-55,Male,8574.0
15415,18-25,Female,1333.0
15416,56-65,Male,2288.0
15417,26-35,Female,7080.0
15418,26-35,Female,13222.0
15419,36-45,Male,7457.0
15420,36-45,Male,7134.0
15421,36-45,Male,3531.0
15422,56-65,Male,12627.0
15423,36-45,Male,6840.0
15424,36-45,Male,5506.0
15425,36-45,Male,4364.0
15426,46-55,Male,4672.0
15427,18-25,Male,1937.0
15428,46-55,Male,13910.0
15429,46-55,Male,19558.0
15430,36-45,Female,16166.0
15431,26-35,Male,3636.0
15432,46-55,Female,9010.0
15433,26-35,Male,2312.0
15434,26-35,Male,4459.0
15435,26-35,Female,3584.0
15436,26-35,Male,6158.0
15437,26-35,Male,4637.0
15438,36-45,Male,6144.0
15439,56-65,Male,13152.0
15440,18-25,Male,2341.0
15441,26-35,Male,9878.0
15442,36-45,Male,7348.0
15443,26-35,Female,5969.0
15444,46-55,Male,13525.0
15445,26-35,Male,4659.0
15446,46-55,Male,11040.0
15447,56-65,Male,7313.0
15448,36-45,Male,9086.0
15449,56-65,Male,9322.0
15450,46-55,Male,13034.0
15451,36-45,Male,5427.0
15452,18-25,Male,4430.0
15453,36-45,Female,7750.0
15454,46-55,Male,19077.0
15455,36-45,Male,5621.0
15456,36-45,Male,3947.0
15457,56-65,Male,2861.0
15458,36-45,Female,6317.0
15459,56-65,Male,17568.0
15460,18-25,Male,568.0
15461,36-45,Male,4135.0
15462,36-45,Male,9356.0
15463,26-35,Male,13199.0
15464,26-35,Male,2637.0
15465,26-35,Male,3308.0
15466,36-45,Male,5479.0
15467,26-35,Female,3563.0
15468,36-45,Male,10159.0
15469,18-25,Male,1827.0
15470,36-45,Male,8358.0
15471,36-45,Male,4523.0
15472,65+,Male,8264.0
15473,36-45,Male,12437.0
15474,36-45,Male,5727.0
15475,46-55,Male,1558.0
15476,26-35,Male,3952.0
15477,18-25,Female,3388.0
15478,18-25,Male,759.0
15479,65+,Male,6953.0
15480,18-25,Male,2462.0
15481,36-45,Female,4595.0
15482,26-35,Male,7154.0
15483,56-65,Female,5554.0
15484,46-55,Male,11797.0
15485,26-35,Male,10366.0
15486,46-55,Male,5677.0
15487,18-25,Male,1789.0
15488,18-25,Male,2145.0
15489,26-35,Male,2612.0
15490,36-45,Male,8016.0
15491,36-45,Male,8961.0
15492,26-35,Male,3129.0
15493,46-55,Male,10899.0
15494,36-45,Male,9222.0
15495,26-35,Male,2692.0
15496,36-45,Female,6497.0
15497,36-45,Female,4170.0
15498,36-45,Male,6782.0
15499,46-55,Male,6748.0
15500,46-55,Male,4368.0
15501,26-35,Male,2956.0
15502,56-65,Male,1631.0
15503,36-45,Male,15892.0
15504,36-45,Male,15474.0
15505,18-25,Male,2254.0
15506,46-55,Male,7263.0
15507,26-35,Male,2714.0
15508,26-35,Male,7636.0
15509,46-55,Female,6783.0
15510,26-35,Male,4494.0
15511,46-55,Female,7953.0
15512,18-25,Male,2750.0
15513,36-45,Male,3016.0
15514,36-45,Male,6217.0
15515,18-25,Female,4042.0
15516,56-65,Female,4209.0
15517,36-45,Male,6111.0
15518,36-45,Female,7237.0
15519,26-35,Male,1844.0
15520,26-35,Male,4862.0
15521,26-35,Male,9354.0
15522,26-35,Male,7215.0
15523,36-45,Female,14465.0
15524,18-25,Female,597.0
15525,26-35,Female,10779.0
15526,26-35,Female,6983.0
15527,36-45,Male,4276.0
15528,36-45,Male,6513.0
15529,26-35,Male,4656.0
15530,26-35,Male,4867.0
15531,36-45,Female,6483.0
15532,46-55,Female,8384.0
15533,26-35,Male,5849.0
15534,26-35,Male,2937.0
15535,26-35,Male,11540.0
15536,36-45,Male,6740.0
15537,18-25,Male,3119.0
15538,18-25,Male,1893.0
15539,26-35,Male,7208.0
15540,46-55,Male,3693.0
15541,65+,Male,8132.0
15542,18-25,Male,2136.0
15543,56-65,Male,5219.0
15544,26-35,Male,3545.0
15545,56-65,Female,15678.0
15546,26-35,Female,4682.0
15547,36-45,Male,19704.0
15548,26-35,Female,2611.0
15549,36-45,Male,2940.0
15550,26-35,Male,1810.0
15551,56-65,Male,9434.0
15552,36-45,Female,3219.0
15553,26-35,Male,3896.0
15554,36-45,Male,7471.0
15555,46-55,Male,10038.0
15556,26-35,Male,3758.0
15557,56-65,Male,38050.0
15558,36-45,Male,12536.0
15559,36-45,Female,16122.0
15560,26-35,Male,13109.0
15561,26-35,Female,9196.0
15562,26-35,Male,6156.0
15563,26-35,Male,2841.0
15564,46-55,Female,5531.0
15565,18-25,Male,4317.0
15566,46-55,Male,3706.0
15567,18-25,Male,1700.0
15568,56-65,Male,3681.0
15569,56-65,Male,12463.0
15570,26-35,Male,19440.0
15571,46-55,Female,11141.0
15572,18-25,Male,1492.0
15573,36-45,Male,11433.0
15574,26-35,Female,5844.0
15575,36-45,Male,11225.0
15576,26-35,Male,3382.0
15577,46-55,Male,8111.0
15578,26-35,Male,2840.0
15579,46-55,Male,5300.0
15580,26-35,Female,2483.0
15581,46-55,Male,12257.0
15582,26-35,Male,2158.0
15583,26-35,Female,6828.0
15584,36-45,Male,6469.0
15585,46-55,Male,6267.0
15586,18-25,Female,4353.0
15587,26-35,Female,1129.0
15588,36-45,Male,10763.0
15589,36-45,Male,4800.0
15590,56-65,Male,3167.0
15591,26-35,Female,1953.0
15592,46-55,Female,19295.0
15593,46-55,Male,3693.0
15594,26-35,Male,1613.0
15595,36-45,Male,2923.0
15596,46-55,Female,11973.0
15597,26-35,Male,8744.0
15598,36-45,Male,4147.0
15599,18-25,Female,3698.0
15600,26-35,Male,4050.0
15601,46-55,Male,14374.0
15602,36-45,Female,8442.0
15603,65+,Female,2221.0
15604,46-55,Male,7811.0
15605,18-25,Male,1191.0
15606,18-25,Male,1354.0
15607,46-55,Male,3824.0
15608,26-35,Female,6503.0
15609,26-35,Male,1392.0
15610,26-35,Female,2003.0
15611,46-55,Male,15048.0
15612,36-45,Male,4870.0
15613,46-55,Female,4298.0
15614,46-55,Male,12207.0
15615,26-35,Male,3565.0
15616,36-45,Male,6890.0
15617,46-55,Male,17389.0
15618,36-45,Female,3107.0
15619,26-35,Female,20479.0
15620,26-35,Female,3943.0
15621,26-35,Male,3118.0
15622,26-35,Female,2431.0
15623,26-35,Male,13924.0
15624,36-45,Male,7937.0
15625,36-45,Female,40907.0
15626,46-55,Male,10193.0
15627,36-45,Male,6774.0
15628,18-25,Female,2486.0
15629,26-35,Male,1701.0
15630,26-35,Female,3572.0
15631,26-35,Male,2736.0
15632,65+,Female,3126.0
15633,56-65,Female,9011.0
15634,65+,Male,10646.0
15635,36-45,Male,8195.0
15636,65+,Male,9767.0
15637,46-55,Male,13544.0
15638,26-35,Male,6853.0
15639,56-65,Female,5759.0
15640,26-35,Male,3780.0
15641,36-45,Male,7572.0
15642,56-65,Male,3655.0
15643,36-45,Female,3831.0
15644,46-55,Male,15936.0
15645,26-35,Male,2476.0
15646,46-55,Male,4801.0
15647,46-55,Male,16788.0
15648,26-35,Male,9990.0
15649,36-45,Female,8025.0
15650,36-45,Male,7703.0
15651,36-45,Male,11637.0
15652,46-55,Male,18448.0
15653,46-55,Male,13318.0
15654,56-65,Female,8738.0
15655,56-65,Female,9699.0
15656,26-35,Male,2912.0
15657,56-65,Male,8986.0
15658,56-65,Female,3690.0
15659,46-55,Male,4602.0
15660,18-25,Male,5891.0
15661,26-35,Male,2593.0
15662,18-25,Male,2343.0
15663,26-35,Male,3676.0
15664,36-45,Male,4541.0
15665,26-35,Female,6292.0
15666,18-25,Male,1780.0
15667,36-45,Female,2689.0
15668,36-45,Female,6364.0
15669,26-35,Male,3281.0
15670,26-35,Male,4273.0
15671,26-35,Female,5474.0
15672,26-35,Male,9899.0
15673,36-45,Male,5669.0
15674,26-35,Female,3494.0
15675,36-45,Male,23778.0
15676,36-45,Male,2906.0
15677,46-55,Female,6545.0
15678,18-25,Male,2824.0
15679,36-45,Female,5325.0
15680,26-35,Male,6817.0
15681,18-25,Male,822.0
15682,26-35,Female,1493.0
15683,26-35,Male,3118.0
15684,26-35,Male,2079.0
15685,46-55,Female,20675.0
15686,46-55,Male,18248.0
15687,65+,Male,3947.0
15688,46-55,Male,5693.0
15689,36-45,Male,9690.0
15690,46-55,Male,2168.0
15691,18-25,Male,2874.0
15692,26-35,Female,3920.0
15693,26-35,Male,6515.0
15694,26-35,Male,1273.0
15695,18-25,Male,1898.0
15696,36-45,Female,8751.0
15697,46-55,Male,7113.0
15698,26-35,Male,3949.0
15699,26-35,Male,2538.0
15700,26-35,Male,6827.0
15701,26-35,Male,3412.0
15702,46-55,Female,4397.0
15703,26-35,Female,2864.0
15704,46-55,Male,5542.0
15705,26-35,Male,13921.0
15706,26-35,Male,5282.0
15707,36-45,Male,11643.0
15708,18-25,Male,2341.0
15709,36-45,Male,8062.0
15710,26-35,Female,2947.0
15711,36-45,Female,10071.0
15712,36-45,Male,4828.0
15713,46-55,Male,12000.0
15714,18-25,Male,1717.0
15715,26-35,Male,1652.0
15716,36-45,Female,8897.0
15717,26-35,Female,2921.0
15718,26-35,Female,3934.0
15719,26-35,Female,3579.0
15720,46-55,Female,4052.0
15721,26-35,Female,20196.0
15722,36-45,Male,4739.0
15723,46-55,Male,3144.0
15724,26-35,Female,5607.0
15725,18-25,Female,1980.0
15726,36-45,Male,9300.0
15727,46-55,Male,9092.0
15728,36-45,Male,10666.0
15729,36-45,Male,26038.0
15730,56-65,Female,14700.0
15731,36-45,Male,4437.0
15732,26-35,Male,4133.0
15733,26-35,Female,2542.0
15734,18-25,Male,1606.0
15735,36-45,Male,10973.0
15736,36-45,Female,11500.0
15737,26-35,Male,4705.0
15738,65+,Male,7923.0
15739,26-35,Male,3790.0
15740,26-35,Male,2478.0
15741,36-45,Male,4894.0
15742,36-45,Male,9271.0
15743,36-45,Male,8289.0
15744,36-45,Male,6586.0
15745,26-35,Male,9288.0
15746,36-45,Male,10349.0
15747,26-35,Male,7827.0
15748,46-55,Male,12563.0
15749,36-45,Male,7978.0
15750,56-65,Female,7469.0
15751,26-35,Male,4128.0
15752,46-55,Male,4344.0
15753,36-45,Female,5541.0
15754,36-45,Male,11399.0
15755,26-35,Male,3446.0
15756,18-25,Female,3126.0
15757,26-35,Male,3276.0
15758,36-45,Female,15138.0
15759,18-25,Male,3337.0
15760,36-45,Female,9992.0
15761,26-35,Female,5799.0
15762,36-45,Male,1700.0
15763,26-35,Female,3323.0
15764,26-35,Female,7157.0
15765,26-35,Male,2926.0
15766,36-45,Male,4632.0
15767,36-45,Male,4895.0
15768,26-35,Male,1736.0
15769,26-35,Male,3201.0
15770,18-25,Male,3009.0
15771,36-45,Male,11550.0
15772,36-45,Male,1131.0
15773,26-35,Male,7505.0
15774,26-35,Male,5803.0
15775,65+,Female,4693.0
15776,36-45,Male,4837.0
15777,46-55,Male,10008.0
15778,36-45,Male,4397.0
15779,46-55,Male,10693.0
15780,56-65,Male,11881.0
15781,56-65,Male,4303.0
15782,26-35,Male,5305.0
15783,26-35,Male,2778.0
15784,46-55,Female,10437.0
15785,36-45,Female,14117.0
15786,46-55,Male,9221.0
15787,18-25,Female,2016.0
15788,26-35,Female,2257.0
15789,18-25,Male,2535.0
15790,36-45,Male,5590.0
15791,18-25,Male,4755.0
15792,26-35,Male,9199.0
15793,36-45,Male,5751.0
15794,26-35,Male,9281.0
15795,46-55,Male,5954.0
15796,56-65,Female,4891.0
15797,26-35,Male,9199.0
15798,56-65,Male,6225.0
15799,46-55,Male,6666.0
15800,26-35,Male,3370.0
15801,26-35,Male,2711.0
15802,56-65,Male,6921.0
15803,56-65,Male,24401.0
15804,46-55,Male,20104.0
15805,36-45,Male,8972.0
15806,56-65,Female,6773.0
15807,26-35,Male,2427.0
15808,46-55,Male,12627.0
15809,46-55,Female,7008.0
15810,26-35,Female,3657.0
15811,36-45,Male,9959.0
15812,36-45,Male,7629.0
15813,26-35,Male,3241.0
15814,18-25,Female,1070.0
15815,36-45,Male,5359.0
15816,26-35,Male,5551.0
15817,46-55,Male,1290.0
15818,26-35,Female,1314.0
15819,36-45,Male,15281.0
15820,36-45,Male,4417.0
15821,36-45,Male,6799.0
15822,36-45,Male,2238.0
15823,36-45,Male,9461.0
15824,26-35,Female,2422.0
15825,46-55,Male,9063.0
15826,26-35,Female,12649.0
15827,18-25,Female,1663.0
15828,65+,Male,6679.0
15829,26-35,Female,2517.0
15830,46-55,Female,6336.0
15831,36-45,Male,14934.0
15832,65+,Male,4876.0
15833,18-25,Male,1393.0
15834,26-35,Male,5491.0
15835,26-35,Male,3853.0
15836,26-35,Male,5426.0
15837,36-45,Female,4770.0
15838,26-35,Female,2143.0
15839,65+,Female,2914.0
15840,46-55,Male,9337.0
15841,36-45,Male,9001.0
15842,26-35,Male,3165.0
15843,26-35,Female,10332.0
15844,18-25,Female,2708.0
15845,18-25,Male,2454.0
15846,26-35,Male,2746.0
15847,36-45,Female,2327.0
15848,36-45,Female,5824.0
15849,26-35,Male,4742.0
15850,36-45,Male,8610.0
15851,26-35,Male,1447.0
15852,26-35,Male,4053.0
15853,36-45,Male,3232.0
15854,65+,Male,3384.0
15855,26-35,Male,6416.0
15856,26-35,Male,3443.0
15857,36-45,Female,4332.0
15858,36-45,Female,5304.0
15859,26-35,Female,14420.0
15860,26-35,Female,5617.0
15861,46-55,Male,4017.0
15862,18-25,Male,1851.0
15863,18-25,Male,1199.0
15864,36-45,Male,7249.0
15865,56-65,Male,15215.0
15866,26-35,Male,2359.0
15867,36-45,Male,5154.0
15868,26-35,Male,3404.0
15869,36-45,Female,13848.0
15870,18-25,Female,1774.0
15871,36-45,Male,7058.0
15872,65+,Male,5843.0
15873,26-35,Male,7652.0
15874,46-55,Female,9334.0
15875,46-55,Male,6507.0
15876,46-55,Female,13865.0
15877,26-35,Female,1874.0
15878,56-65,Male,2397.0
15879,26-35,Female,3236.0
15880,36-45,Male,13181.0
15881,26-35,Male,8487.0
15882,46-55,Male,6647.0
15883,36-45,Male,4725.0
15884,46-55,Male,8052.0
15885,46-55,Male,3173.0
15886,18-25,Male,2602.0
15887,26-35,Male,2556.0
15888,26-35,Female,3509.0
15889,65+,Male,6317.0
15890,26-35,Female,3821.0
15891,18-25,Male,1993.0
15892,18-25,Female,2100.0
15893,65+,Male,10931.0
15894,26-35,Female,3429.0
15895,46-55,Male,8062.0
15896,36-45,Male,5764.0
15897,18-25,Male,2271.0
15898,36-45,Female,12795.0
15899,36-45,Male,13714.0
15900,36-45,Female,12735.0
15901,36-45,Male,3854.0
15902,36-45,Male,7503.0
15903,46-55,Female,6172.0
15904,26-35,Male,1951.0
15905,26-35,Female,10993.0
15906,26-35,Female,3132.0
15907,36-45,Male,13556.0
15908,46-55,Female,5401.0
15909,36-45,Female,11668.0
15910,36-45,Male,4781.0
15911,46-55,Female,8062.0
15912,26-35,Male,4848.0
15913,36-45,Male,32521.0
15914,36-45,Male,5200.0
15915,26-35,Male,3066.0
15916,46-55,Female,3168.0
15917,26-35,Male,2926.0
15918,36-45,Female,8001.0
15919,18-25,Male,1787.0
15920,26-35,Female,1812.0
15921,36-45,Male,3198.0
15922,46-55,Female,18778.0
15923,26-35,Male,6351.0
15924,36-45,Male,6495.0
15925,26-35,Male,6966.0
15926,46-55,Male,12835.0
15927,46-55,Male,21114.0
15928,26-35,Male,3052.0
15929,36-45,Male,3990.0
15930,26-35,Male,4269.0
15931,36-45,Male,5399.0
15932,18-25,Male,1806.0
15933,26-35,Female,3511.0
15934,65+,Male,3417.0
15935,56-65,Male,5612.0
15936,46-55,Male,5131.0
15937,46-55,Male,9791.0
15938,36-45,Male,8737.0
15939,46-55,Male,4722.0
15940,36-45,Male,9041.0
15941,46-55,Female,4298.0
15942,26-35,Female,1169.0
15943,26-35,Female,2406.0
15944,46-55,Male,3822.0
15945,26-35,Female,6252.0
15946,46-55,Male,6320.0
15947,26-35,Female,3287.0
15948,26-35,Female,3989.0
15949,36-45,Male,4142.0
15950,46-55,Male,5108.0
15951,26-35,Female,6506.0
15952,36-45,Male,6151.0
15953,46-55,Female,8731.0
15954,46-55,Male,10301.0
15955,36-45,Male,3211.0
15956,36-45,Male,2940.0
15957,46-55,Male,3153.0
15958,18-25,Male,548.0
15959,26-35,Male,6490.0
15960,26-35,Male,5638.0
15961,26-35,Male,2672.0
15962,26-35,Male,12423.0
15963,18-25,Male,2588.0
15964,26-35,Male,2668.0
15965,36-45,Male,17254.0
15966,56-65,Male,4153.0
15967,46-55,Female,5483.0
15968,36-45,Female,4324.0
15969,65+,Female,11016.0
15970,26-35,Male,2790.0
15971,26-35,Male,5452.0
15972,46-55,Male,32395.0
15973,36-45,Male,9162.0
15974,46-55,Female,12234.0
15975,36-45,Male,3045.0
15976,26-35,Male,5936.0
15977,26-35,Female,1619.0
15978,36-45,Male,4642.0
15979,36-45,Male,11029.0
15980,26-35,Male,14754.0
15981,36-45,Male,3094.0
15982,36-45,Female,5288.0
15983,36-45,Male,3004.0
15984,26-35,Male,1099.0
15985,26-35,Male,10737.0
15986,65+,Male,1921.0
15987,26-35,Male,6108.0
15988,46-55,Male,4989.0
15989,56-65,Male,8699.0
15990,46-55,Male,14530.0
15991,26-35,Male,4845.0
15992,36-45,Female,6967.0
15993,56-65,Male,7942.0
15994,46-55,Male,6702.0
15995,36-45,Male,14714.0
15996,18-25,Male,4909.0
15997,26-35,Male,15221.0
15998,26-35,Male,1786.0
15999,36-45,Male,5815.0
16000,26-35,Male,3491.0
16001,26-35,Male,3207.0
16002,36-45,Male,3034.0
16003,36-45,Male,10377.0
16004,56-65,Female,4282.0
16005,46-55,Male,4698.0
16006,36-45,Female,2766.0
16007,46-55,Male,3823.0
16008,36-45,Male,3420.0
16009,46-55,Male,7673.0
16010,36-45,Male,10259.0
16011,26-35,Male,4730.0
16012,26-35,Male,2892.0
16013,36-45,Male,13124.0
16014,26-35,Male,4427.0
16015,46-55,Female,8281.0
16016,36-45,Male,5469.0
16017,26-35,Male,18170.0
16018,26-35,Male,2428.0
16019,36-45,Male,9467.0
16020,36-45,Male,4000.0
16021,46-55,Female,13495.0
16022,36-45,Female,4611.0
16023,36-45,Male,1363.0
16024,26-35,Male,10746.0
16025,36-45,Male,5293.0
16026,46-55,Female,20667.0
16027,26-35,Male,4678.0
16028,56-65,Male,25607.0
16029,26-35,Male,2230.0
16030,26-35,Male,2478.0
16031,26-35,Male,6663.0
16032,26-35,Male,1528.0
16033,56-65,Male,15805.0
16034,26-35,Female,2108.0
16035,26-35,Male,3505.0
16036,56-65,Male,12701.0
16037,36-45,Female,12121.0
16038,46-55,Male,6224.0
16039,18-25,Male,3156.0
16040,65+,Male,4402.0
16041,46-55,Male,4514.0
16042,46-55,Male,4336.0
16043,26-35,Male,3811.0
16044,26-35,Male,4647.0
16045,26-35,Male,6251.0
16046,56-65,Male,3282.0
16047,46-55,Male,11650.0
16048,56-65,Male,4132.0
16049,26-35,Male,4743.0
16050,18-25,Female,1946.0
16051,65+,Female,5117.0
16052,36-45,Male,11984.0
16053,36-45,Female,5746.0
16054,36-45,Male,6073.0
16055,36-45,Female,5187.0
16056,46-55,Male,45844.0
16057,26-35,Male,2826.0
16058,26-35,Male,3885.0
16059,36-45,Male,6086.0
16060,26-35,Male,2481.0
16061,26-35,Male,6592.0
16062,36-45,Male,11687.0
16063,36-45,Male,4844.0
16064,26-35,Male,3376.0
16065,36-45,Female,10167.0
16066,56-65,Female,6489.0
16067,26-35,Female,7139.0
16068,36-45,Male,11105.0
16069,18-25,Male,2835.0
16070,36-45,Male,8776.0
16071,36-45,Female,5951.0
16072,26-35,Female,2288.0
16073,36-45,Male,8681.0
16074,36-45,Male,8233.0
16075,36-45,Male,7646.0
16076,65+,Male,6850.0
16077,26-35,Male,4459.0
16078,26-35,Male,2548.0
16079,56-65,Female,6090.0
16080,46-55,Male,11399.0
16081,26-35,Male,6753.0
16082,36-45,Male,18993.0
16083,26-35,Male,5270.0
16084,46-55,Male,5107.0
16085,36-45,Male,4876.0
16086,26-35,Male,2416.0
16087,26-35,Male,5230.0
16088,26-35,Female,8545.0
16089,36-45,Male,3913.0
16090,46-55,Female,10134.0
16091,26-35,Female,4459.0
16092,36-45,Male,7900.0
16093,46-55,Male,11233.0
16094,36-45,Male,11647.0
16095,56-65,Male,1541.0
16096,18-25,Female,3334.0
16097,46-55,Female,5823.0
16098,56-65,Male,4672.0
16099,26-35,Male,9031.0
16100,46-55,Female,10875.0
16101,36-45,Male,3626.0
16102,56-65,Male,6568.0
16103,46-55,Male,11167.0
16104,26-35,Male,3782.0
16105,26-35,Female,6079.0
16106,26-35,Female,3896.0
16107,56-65,Female,3378.0
16108,26-35,Male,4025.0
16109,46-55,Female,7359.0
16110,36-45,Female,5659.0
16111,26-35,Male,6246.0
16112,46-55,Male,11739.0
16113,46-55,Male,4511.0
16114,36-45,Female,8375.0
16115,26-35,Male,4359.0
16116,26-35,Male,3350.0
16117,26-35,Male,8029.0
16118,18-25,Male,1080.0
16119,36-45,Female,11389.0
16120,36-45,Male,7855.0
16121,65+,Female,4874.0
16122,36-45,Male,17602.0
16123,36-45,Female,3575.0
16124,26-35,Male,13881.0
16125,26-35,Male,3071.0
16126,56-65,Male,4422.0
16127,36-45,Male,10090.0
16128,26-35,Male,3412.0
16129,36-45,Male,9542.0
16130,36-45,Male,9015.0
16131,36-45,Female,5451.0
16132,26-35,Female,2733.0
16133,56-65,Female,5039.0
16134,46-55,Male,13910.0
16135,26-35,Male,2856.0
16136,26-35,Female,4602.0
16137,26-35,Male,7037.0
16138,26-35,Male,3146.0
16139,26-35,Male,4196.0
16140,56-65,Female,10530.0
16141,26-35,Male,3391.0
16142,46-55,Female,13602.0
16143,46-55,Male,5336.0
16144,18-25,Male,2004.0
16145,36-45,Male,11707.0
16146,36-45,Male,6642.0
16147,56-65,Male,7035.0
16148,26-35,Male,7472.0
16149,56-65,Male,6735.0
16150,26-35,Male,5427.0
16151,36-45,Male,13573.0
16152,36-45,Female,7654.0
16153,26-35,Male,3087.0
16154,46-55,Male,6376.0
16155,36-45,Male,11938.0
16156,56-65,Male,7978.0
16157,46-55,Male,17826.0
16158,65+,Female,7936.0
16159,46-55,Male,11079.0
16160,56-65,Female,12203.0
16161,46-55,Male,16083.0
16162,56-65,Female,2408.0
16163,46-55,Female,13646.0
16164,36-45,Male,5053.0
16165,56-65,Male,8441.0
16166,36-45,Female,7594.0
16167,26-35,Male,4417.0
16168,56-65,Male,6238.0
16169,36-45,Male,5786.0
16170,36-45,Male,5024.0
16171,26-35,Female,2153.0
16172,46-55,Female,4143.0
16173,46-55,Male,5685.0
16174,46-55,Male,3862.0
16175,26-35,Male,4584.0
16176,36-45,Male,3349.0
16177,56-65,Male,5251.0
16178,46-55,Female,5312.0
16179,26-35,Male,3356.0
16180,26-35,Male,2913.0
16181,56-65,Male,5946.0
16182,26-35,Male,8018.0
16183,56-65,Female,13349.0
16184,56-65,Male,10759.0
16185,36-45,Male,14582.0
16186,56-65,Male,5933.0
16187,46-55,Male,4993.0
16188,26-35,Male,6493.0
16189,56-65,Male,5038.0
16190,65+,Male,3304.0
16191,36-45,Male,3370.0
16192,36-45,Male,7878.0
16193,36-45,Female,7842.0
16194,18-25,Male,1001.0
16195,36-45,Female,3437.0
16196,26-35,Male,5357.0
16197,26-35,Male,8775.0
16198,46-55,Male,5641.0
16199,36-45,Female,6766.0
16200,36-45,Male,13469.0
16201,56-65,Male,6396.0
16202,56-65,Female,15301.0
16203,18-25,Male,2721.0
16204,36-45,Male,8436.0
16205,26-35,Male,5838.0
16206,56-65,Male,4379.0
16207,26-35,Male,3512.0
16208,46-55,Female,4027.0
16209,36-45,Female,9299.0
16210,46-55,Female,23551.0
16211,36-45,Male,7288.0
16212,56-65,Male,6909.0
16213,36-45,Male,7242.0
16214,56-65,Female,8693.0
16215,56-65,Male,2726.0
16216,36-45,Male,5128.0
16217,26-35,Male,4458.0
16218,36-45,Male,2371.0
16219,36-45,Male,12137.0
16220,65+,Male,2672.0
16221,26-35,Male,2167.0
16222,36-45,Male,5428.0
16223,36-45,Male,7016.0
16224,65+,Female,4288.0
16225,26-35,Male,8643.0
16226,46-55,Male,12186.0
16227,46-55,Female,17308.0
16228,36-45,Male,4660.0
16229,26-35,Female,10951.0
16230,18-25,Female,1524.0
16231,36-45,Male,5079.0
16232,36-45,Male,8030.0
16233,36-45,Male,7414.0
16234,26-35,Male,3431.0
16235,26-35,Female,8055.0
16236,36-45,Female,6860.0
16237,26-35,Male,2663.0
16238,26-35,Male,2931.0
16239,26-35,Male,3293.0
16240,26-35,Male,5123.0
16241,46-55,Male,10434.0
16242,26-35,Male,4712.0
16243,26-35,Male,6675.0
16244,26-35,Female,6418.0
16245,18-25,Female,792.0
16246,36-45,Female,12435.0
16247,26-35,Female,3833.0
16248,26-35,Male,3548.0
16249,36-45,Female,11774.0
16250,56-65,Male,10874.0
16251,36-45,Male,8176.0
16252,26-35,Female,2422.0
16253,26-35,Male,2973.0
16254,26-35,Male,6774.0
16255,26-35,Male,4268.0
16256,26-35,Male,3445.0
16257,56-65,Male,8131.0
16258,26-35,Male,3967.0
16259,65+,Male,10680.0
16260,46-55,Female,4069.0
16261,18-25,Female,4077.0
16262,36-45,Male,12768.0
16263,46-55,Female,6887.0
16264,46-55,Male,2934.0
16265,18-25,Male,1379.0
16266,36-45,Female,19324.0
16267,36-45,Male,2703.0
16268,36-45,Male,5693.0
16269,46-55,Male,9996.0
16270,26-35,Male,5248.0
16271,36-45,Male,4487.0
16272,26-35,Female,4773.0
16273,56-65,Male,8026.0
16274,36-45,Male,15638.0
16275,46-55,Female,4876.0
16276,46-55,Male,9727.0
16277,26-35,Male,4229.0
16278,46-55,Male,3014.0
16279,56-65,Male,4341.0
16280,36-45,Male,8185.0
16281,46-55,Male,7677.0
16282,26-35,Male,2027.0
16283,36-45,Male,9341.0
16284,26-35,Male,2236.0
16285,56-65,Male,5373.0
16286,46-55,Male,5270.0
16287,26-35,Male,5337.0
16288,18-25,Male,1836.0
16289,56-65,Female,8005.0
16290,26-35,Male,4783.0
16291,56-65,Male,4771.0
16292,46-55,Female,11001.0
16293,26-35,Male,2359.0
16294,18-25,Male,1048.0
16295,26-35,Male,5660.0
16296,18-25,Male,4559.0
16297,36-45,Female,4099.0
16298,46-55,Female,13976.0
16299,46-55,Male,4640.0
16300,46-55,Male,17531.0
16301,36-45,Female,11672.0
16302,26-35,Male,3865.0
16303,36-45,Male,6478.0
16304,46-55,Male,13363.0
16305,26-35,Female,3604.0
16306,36-45,Male,3890.0
16307,36-45,Female,6628.0
16308,36-45,Female,3964.0
16309,18-25,Male,4072.0
16310,18-25,Male,1899.0
16311,36-45,Male,6600.0
16312,36-45,Male,11476.0
16313,36-45,Male,5246.0
16314,26-35,Male,6196.0
16315,56-65,Female,6953.0
16316,36-45,Male,8031.0
16317,26-35,Female,2823.0
16318,18-25,Male,1920.0
16319,36-45,Male,6293.0
16320,26-35,Male,1222.0
16321,26-35,Female,5193.0
16322,26-35,Male,8446.0
16323,36-45,Male,17328.0
16324,46-55,Female,3440.0
16325,18-25,Male,2150.0
16326,36-45,Female,3846.0
16327,36-45,Male,3934.0
16328,26-35,Male,2821.0
16329,46-55,Male,17758.0
16330,18-25,Male,4135.0
16331,26-35,Male,1595.0
16332,36-45,Male,12381.0
16333,36-45,Male,8335.0
16334,46-55,Male,2848.0
16335,18-25,Male,3037.0
16336,26-35,Female,5651.0
16337,36-45,Male,8257.0
16338,36-45,Male,8833.0
16339,26-35,Female,2192.0
16340,46-55,Male,17774.0
16341,26-35,Male,13693.0
16342,36-45,Female,7053.0
16343,18-25,Male,1868.0
16344,18-25,Female,2101.0
16345,46-55,Male,13344.0
16346,36-45,Male,6132.0
16347,26-35,Male,13902.0
16348,18-25,Male,2722.0
16349,26-35,Male,3551.0
16350,46-55,Male,10684.0
16351,46-55,Female,14876.0
16352,26-35,Female,8149.0
16353,56-65,Male,14433.0
16354,26-35,Male,3686.0
16355,56-65,Male,12512.0
16356,18-25,Female,955.0
16357,26-35,Male,5121.0
16358,36-45,Male,7110.0
16359,36-45,Male,4431.0
16360,18-25,Male,1621.0
16361,46-55,Male,8451.0
16362,26-35,Male,7866.0
16363,26-35,Male,2762.0
16364,26-35,Male,5091.0
16365,36-45,Male,6981.0
16366,36-45,Male,5229.0
16367,36-45,Male,10544.0
16368,26-35,Male,1599.0
16369,18-25,Male,3215.0
16370,46-55,Male,9329.0
16371,36-45,Female,11938.0
16372,26-35,Male,2155.0
16373,26-35,Male,2626.0
16374,26-35,Female,3540.0
16375,26-35,Male,1961.0
16376,18-25,Male,1669.0
16377,26-35,Male,3783.0
16378,56-65,Male,5733.0
16379,46-55,Male,5232.0
16380,46-55,Male,36575.0
16381,26-35,Male,3261.0
16382,36-45,Male,7360.0
16383,36-45,Male,11321.0
16384,36-45,Male,11304.0
16385,46-55,Male,4290.0
16386,26-35,Male,6902.0
16387,26-35,Male,3110.0
16388,26-35,Female,1301.0
16389,36-45,Female,3384.0
16390,36-45,Female,7382.0
16391,46-55,Female,9741.0
16392,26-35,Male,3642.0
16393,26-35,Male,3740.0
16394,36-45,Male,3333.0
16395,36-45,Male,2183.0
16396,26-35,Male,1961.0
16397,46-55,Male,12732.0
16398,26-35,Male,3611.0
16399,46-55,Male,8115.0
16400,56-65,Male,3689.0
16401,26-35,Male,2056.0
16402,26-35,Female,1710.0
16403,36-45,Male,15691.0
16404,26-35,Male,1832.0
16405,26-35,Male,5719.0
16406,26-35,Male,5868.0
16407,18-25,Male,4092.0
16408,36-45,Male,5457.0
16409,26-35,Female,1546.0
16410,46-55,Male,16681.0
16411,26-35,Male,1886.0
16412,26-35,Female,2769.0
16413,46-55,Female,10416.0
16414,36-45,Male,6366.0
16415,26-35,Male,13408.0
16416,65+,Male,4527.0
16417,65+,Male,5869.0
16418,56-65,Male,7584.0
16419,46-55,Male,7312.0
16420,46-55,Male,5359.0
16421,46-55,Male,7945.0
16422,36-45,Male,7648.0
16423,18-25,Female,2670.0
16424,36-45,Male,4854.0
16425,26-35,Female,2249.0
16426,26-35,Male,1991.0
16427,56-65,Male,9399.0
16428,26-35,Male,4068.0
16429,26-35,Male,4096.0
16430,46-55,Female,7677.0
16431,56-65,Female,5987.0
16432,18-25,Male,2309.0
16433,26-35,Male,4926.0
16434,26-35,Male,3508.0
16435,26-35,Male,8777.0
16436,26-35,Male,5036.0
16437,46-55,Male,17756.0
16438,36-45,Female,7451.0
16439,26-35,Female,4462.0
16440,26-35,Male,4698.0
16441,18-25,Female,3767.0
16442,26-35,Male,5166.0
16443,46-55,Male,6921.0
16444,46-55,Female,12861.0
16445,26-35,Male,4726.0
16446,18-25,Male,2594.0
16447,26-35,Male,2263.0
16448,56-65,Female,3271.0
16449,26-35,Male,1924.0
16450,46-55,Male,24541.0
16451,18-25,Female,1006.0
16452,56-65,Male,7075.0
16453,26-35,Male,5971.0
16454,56-65,Female,5105.0
16455,36-45,Male,5545.0
16456,46-55,Male,9687.0
16457,26-35,Male,7595.0
16458,46-55,Female,11877.0
16459,26-35,Male,3800.0
16460,36-45,Female,2911.0
16461,26-35,Male,3123.0
16462,18-25,Male,1913.0
16463,26-35,Female,2762.0
16464,36-45,Female,3518.0
16465,46-55,Female,7270.0
16466,26-35,Female,1899.0
16467,26-35,Female,1850.0
16468,18-25,Female,3764.0
16469,26-35,Female,6667.0
16470,26-35,Male,1755.0
16471,36-45,Male,3529.0
16472,36-45,Male,5596.0
16473,36-45,Male,8204.0
16474,36-45,Male,7180.0
16475,26-35,Female,3317.0
16476,26-35,Female,8010.0
16477,46-55,Male,11651.0
16478,26-35,Male,4043.0
16479,46-55,Female,8537.0
16480,46-55,Male,5970.0
16481,26-35,Male,1917.0
16482,26-35,Male,10464.0
16483,36-45,Male,8696.0
16484,36-45,Male,9899.0
16485,46-55,Male,4817.0
16486,26-35,Male,3757.0
16487,26-35,Male,5347.0
16488,18-25,Male,4193.0
16489,36-45,Female,3118.0
16490,26-35,Male,3351.0
16491,26-35,Female,4394.0
16492,36-45,Male,15548.0
16493,36-45,Male,14779.0
16494,36-45,Female,3686.0
16495,18-25,Male,4895.0
16496,46-55,Female,8188.0
16497,36-45,Male,5954.0
16498,18-25,Male,1051.0
16499,46-55,Male,6475.0
16500,36-45,Male,5461.0
16501,26-35,Male,2518.0
16502,36-45,Male,6275.0
16503,36-45,Male,8874.0
16504,26-35,Male,5066.0
16505,36-45,Female,11616.0
16506,46-55,Male,4429.0
16507,46-55,Male,5700.0
16508,56-65,Male,5686.0
16509,36-45,Female,5873.0
16510,26-35,Male,9804.0
16511,46-55,Male,11468.0
16512,26-35,Male,2341.0
16513,36-45,Male,10526.0
16514,36-45,Female,4718.0
16515,18-25,Male,2576.0
16516,26-35,Male,3099.0
16517,36-45,Male,6762.0
16518,36-45,Female,12251.0
16519,46-55,Female,10076.0
16520,26-35,Male,4353.0
16521,26-35,Female,4556.0
16522,26-35,Male,2141.0
16523,26-35,Female,9490.0
16524,36-45,Male,6329.0
16525,26-35,Male,4889.0
16526,46-55,Male,12348.0
16527,26-35,Male,5090.0
16528,18-25,Male,2416.0
16529,56-65,Female,12966.0
16530,26-35,Female,5832.0
16531,26-35,Male,4692.0
16532,36-45,Male,5992.0
16533,36-45,Male,13550.0
16534,36-45,Male,2451.0
16535,36-45,Male,6674.0
16536,36-45,Male,9960.0
16537,46-55,Male,3962.0
16538,36-45,Male,14853.0
16539,46-55,Male,11926.0
16540,36-45,Male,10292.0
16541,36-45,Male,3007.0
16542,46-55,Male,7737.0
16543,46-55,Female,14713.0
16544,56-65,Male,5693.0
16545,46-55,Male,13578.0
16546,46-55,Male,4934.0
16547,36-45,Male,4779.0
16548,46-55,Female,5720.0
16549,56-65,Male,9178.0
16550,36-45,Male,5819.0
16551,36-45,Male,7019.0
16552,36-45,Male,12521.0
16553,26-35,Male,9079.0
16554,26-35,Male,962.0
16555,18-25,Male,1058.0
16556,56-65,Male,8699.0
16557,56-65,Male,7816.0
16558,36-45,Male,2827.0
16559,46-55,Male,5405.0
16560,36-45,Female,7479.0
16561,26-35,Female,3581.0
16562,36-45,Female,6765.0
16563,65+,Male,5000.0
16564,36-45,Male,10371.0
16565,36-45,Male,3534.0
16566,46-55,Female,10465.0
16567,26-35,Male,6918.0
16568,18-25,Female,1316.0
16569,46-55,Male,4325.0
16570,46-55,Male,28554.0
16571,26-35,Male,1514.0
16572,36-45,Male,10934.0
16573,18-25,Female,2336.0
16574,56-65,Male,31871.0
16575,36-45,Male,12822.0
16576,46-55,Female,5590.0
16577,26-35,Male,10641.0
16578,26-35,Female,6115.0
16579,26-35,Female,2394.0
16580,46-55,Male,10035.0
16581,26-35,Male,9268.0
16582,46-55,Male,12852.0
16583,56-65,Male,6719.0
16584,26-35,Male,6615.0
16585,36-45,Male,8260.0
16586,65+,Female,3435.0
16587,26-35,Female,4972.0
16588,56-65,Male,12816.0
16589,18-25,Male,1036.0
16590,36-45,Male,5946.0
16591,36-45,Male,4529.0
16592,36-45,Male,5735.0
16593,18-25,Male,1459.0
16594,18-25,Female,3195.0
16595,46-55,Male,7520.0
16596,36-45,Female,9158.0
16597,18-25,Male,3412.0
16598,46-55,Male,5203.0
16599,26-35,Male,3505.0
16600,46-55,Male,19060.0
16601,46-55,Male,4715.0
16602,26-35,Female,4760.0
16603,46-55,Male,4885.0
16604,36-45,Female,3209.0
16605,26-35,Male,1883.0
16606,36-45,Male,9039.0
16607,26-35,Female,4233.0
16608,56-65,Male,4777.0
16609,56-65,Female,4834.0
16610,18-25,Female,2789.0
16611,36-45,Female,5472.0
16612,18-25,Male,1400.0
16613,26-35,Male,14440.0
16614,26-35,Male,2894.0
16615,26-35,Male,7772.0
16616,56-65,Male,12233.0
16617,46-55,Male,7863.0
16618,26-35,Male,4328.0
16619,26-35,Male,1718.0
16620,56-65,Male,9081.0
16621,26-35,Male,1204.0
16622,26-35,Male,4533.0
16623,26-35,Male,12938.0
16624,36-45,Female,17996.0
16625,36-45,Male,5349.0
16626,46-55,Male,16448.0
16627,46-55,Male,18137.0
16628,36-45,Female,1993.0
16629,46-55,Male,10108.0
16630,26-35,Female,7943.0
16631,26-35,Male,5562.0
16632,26-35,Male,5669.0
16633,26-35,Female,9918.0
16634,26-35,Male,10191.0
16635,26-35,Male,4014.0
16636,26-35,Male,2938.0
16637,36-45,Male,8264.0
16638,26-35,Male,2467.0
16639,46-55,Female,12343.0
16640,36-45,Male,10930.0
16641,36-45,Male,5934.0
16642,36-45,Male,1617.0
16643,26-35,Male,5230.0
16644,46-55,Male,3492.0
16645,46-55,Male,10767.0
16646,36-45,Male,9684.0
16647,46-55,Male,5109.0
16648,26-35,Male,2863.0
16649,26-35,Female,3850.0
16650,36-45,Male,3611.0
16651,36-45,Female,23563.0
16652,26-35,Male,2532.0
16653,36-45,Male,4653.0
16654,36-45,Male,3252.0
16655,26-35,Male,4086.0
16656,65+,Male,6848.0
16657,36-45,Male,6679.0
16658,36-45,Male,23040.0
16659,36-45,Male,6534.0
16660,36-45,Male,7907.0
16661,26-35,Male,3327.0
16662,36-45,Male,4506.0
16663,26-35,Female,6216.0
16664,65+,Male,2617.0
16665,36-45,Male,6194.0
16666,26-35,Male,3545.0
16667,46-55,Male,15446.0
16668,26-35,Female,2171.0
16669,36-45,Female,5908.0
16670,65+,Male,4619.0
16671,56-65,Male,4917.0
16672,36-45,Male,5656.0
16673,26-35,Female,2157.0
16674,18-25,Female,2035.0
16675,18-25,Female,1728.0
16676,26-35,Male,2920.0
16677,46-55,Female,11222.0
16678,36-45,Male,7273.0
16679,56-65,Male,8156.0
16680,26-35,Female,5088.0
16681,46-55,Female,11227.0
16682,36-45,Male,2131.0
16683,18-25,Male,1311.0
16684,26-35,Female,2197.0
16685,36-45,Female,9216.0
16686,26-35,Male,4969.0
16687,56-65,Female,6918.0
16688,46-55,Male,10020.0
16689,26-35,Male,4450.0
16690,46-55,Female,6830.0
16691,36-45,Male,6762.0
16692,26-35,Male,3281.0
16693,26-35,Female,5352.0
16694,26-35,Male,4664.0
16695,26-35,Female,3731.0
16696,46-55,Male,25535.0
16697,26-35,Male,6671.0
16698,46-55,Female,9496.0
16699,36-45,Male,4527.0
16700,46-55,Male,4883.0
16701,56-65,Male,7213.0
16702,26-35,Male,5150.0
16703,26-35,Male,4641.0
16704,26-35,Female,5369.0
16705,36-45,Male,14022.0
16706,26-35,Male,7684.0
16707,36-45,Male,5944.0
16708,26-35,Female,3907.0
16709,18-25,Male,1335.0
16710,46-55,Male,7867.0
16711,65+,Male,4317.0
16712,56-65,Female,4414.0
16713,26-35,Female,3829.0
16714,26-35,Female,5484.0
16715,46-55,Male,23165.0
16716,65+,Male,3891.0
16717,26-35,Male,8387.0
16718,36-45,Male,3592.0
16719,18-25,Female,1929.0
16720,46-55,Female,7360.0
16721,18-25,Male,500.0
16722,65+,Male,9788.0
16723,36-45,Female,17579.0
16724,36-45,Female,3014.0
16725,46-55,Female,12871.0
16726,26-35,Female,11515.0
16727,36-45,Male,8448.0
16728,26-35,Female,8797.0
16729,46-55,Female,4649.0
16730,26-35,Male,2068.0
16731,36-45,Female,6238.0
16732,46-55,Male,6641.0
16733,36-45,Male,10689.0
16734,26-35,Female,3860.0
16735,46-55,Male,11915.0
16736,46-55,Male,9425.0
16737,46-55,Male,3840.0
16738,36-45,Male,6047.0
16739,26-35,Male,5497.0
16740,26-35,Female,9284.0
16741,26-35,Male,3505.0
16742,46-55,Male,9338.0
16743,18-25,Male,3434.0
16744,26-35,Male,14717.0
16745,36-45,Male,3663.0
16746,26-35,Female,7759.0
16747,46-55,Male,7948.0
16748,46-55,Male,12089.0
16749,18-25,Male,2882.0
16750,46-55,Male,5403.0
16751,26-35,Male,2277.0
16752,26-35,Female,4536.0
16753,36-45,Male,4715.0
16754,26-35,Male,4294.0
16755,18-25,Male,1452.0
16756,65+,Male,3519.0
16757,36-45,Male,13836.0
16758,36-45,Male,16753.0
16759,18-25,Male,3401.0
16760,18-25,Male,792.0
16761,56-65,Male,18416.0
16762,26-35,Female,7794.0
16763,36-45,Male,7261.0
16764,26-35,Male,3928.0
16765,36-45,Male,2866.0
16766,36-45,Male,11178.0
16767,36-45,Female,8066.0
16768,36-45,Female,8764.0
16769,26-35,Female,3584.0
16770,46-55,Male,7387.0
16771,36-45,Male,4038.0
16772,18-25,Female,1470.0
16773,56-65,Female,7666.0
16774,26-35,Male,2090.0
16775,26-35,Female,3860.0
16776,26-35,Male,2746.0
16777,56-65,Female,5559.0
16778,56-65,Male,3155.0
16779,56-65,Male,7148.0
16780,26-35,Female,2147.0
16781,36-45,Male,4441.0
16782,46-55,Male,8150.0
16783,26-35,Male,4504.0
16784,26-35,Female,3900.0
16785,36-45,Male,10744.0
16786,36-45,Male,6465.0
16787,26-35,Female,3127.0
16788,36-45,Male,8423.0
16789,36-45,Male,6141.0
16790,36-45,Male,7168.0
16791,36-45,Female,10391.0
16792,26-35,Male,8675.0
16793,46-55,Male,6570.0
16794,36-45,Male,3031.0
16795,18-25,Male,1870.0
16796,36-45,Male,8743.0
16797,26-35,Male,3161.0
16798,36-45,Male,11650.0
16799,26-35,Female,4635.0
16800,26-35,Female,3323.0
16801,56-65,Female,1475.0
16802,26-35,Male,19516.0
16803,46-55,Male,4684.0
16804,26-35,Male,3070.0
16805,36-45,Male,7914.0
16806,36-45,Male,8462.0
16807,26-35,Male,4624.0
16808,46-55,Male,3457.0
16809,56-65,Male,6323.0
16810,46-55,Female,10549.0
16811,36-45,Male,7695.0
16812,26-35,Female,1468.0
16813,36-45,Male,12717.0
16814,18-25,Male,2075.0
16815,36-45,Female,18499.0
16816,36-45,Male,3138.0
16817,26-35,Male,7901.0
16818,56-65,Male,6923.0
16819,26-35,Male,3486.0
16820,36-45,Male,5986.0
16821,46-55,Female,33488.0
16822,46-55,Female,9688.0
16823,18-25,Male,5668.0
16824,36-45,Male,15105.0
16825,26-35,Female,4809.0
16826,36-45,Male,4930.0
16827,36-45,Male,5958.0
16828,46-55,Male,7367.0
16829,18-25,Female,1978.0
16830,36-45,Male,13946.0
16831,65+,Female,4652.0
16832,56-65,Male,4877.0
16833,18-25,Male,2618.0
16834,46-55,Female,8030.0
16835,46-55,Female,5736.0
16836,26-35,Female,4002.0
16837,46-55,Female,10513.0
16838,36-45,Male,11578.0
16839,36-45,Male,7437.0
16840,36-45,Male,7729.0
16841,18-25,Male,3189.0
16842,18-25,Female,1360.0
16843,26-35,Female,5196.0
16844,46-55,Male,9238.0
16845,26-35,Male,3291.0
16846,36-45,Female,8973.0
16847,46-55,Male,26236.0
16848,36-45,Female,5528.0
16849,26-35,Male,4259.0
16850,36-45,Male,7658.0
16851,65+,Male,1596.0
16852,46-55,Female,8128.0
16853,56-65,Male,5816.0
16854,36-45,Male,4321.0
16855,18-25,Male,3111.0
16856,46-55,Male,8323.0
16857,26-35,Male,2371.0
16858,18-25,Male,3603.0
16859,26-35,Male,2773.0
16860,46-55,Male,11661.0
16861,36-45,Male,3730.0
16862,26-35,Male,4937.0
16863,26-35,Male,11515.0
16864,18-25,Male,1161.0
16865,36-45,Male,2701.0
16866,56-65,Female,5140.0
16867,65+,Male,4836.0
16868,26-35,Male,1623.0
16869,36-45,Female,3429.0
16870,26-35,Male,7273.0
16871,26-35,Female,2114.0
16872,36-45,Male,4874.0
16873,18-25,Male,1345.0
16874,46-55,Male,11699.0
16875,26-35,Male,9000.0
16876,56-65,Female,4590.0
16877,56-65,Male,9347.0
16878,26-35,Male,3737.0
16879,26-35,Male,8586.0
16880,46-55,Male,22639.0
16881,46-55,Female,4060.0
16882,26-35,Female,4299.0
16883,56-65,Male,3759.0
16884,36-45,Male,11931.0
16885,26-35,Male,14021.0
16886,26-35,Female,2070.0
16887,65+,Male,4845.0
16888,18-25,Female,1798.0
16889,26-35,Male,9169.0
16890,36-45,Female,8002.0
16891,36-45,Male,5518.0
16892,18-25,Male,3441.0
16893,26-35,Male,6400.0
16894,26-35,Male,3362.0
16895,46-55,Male,7996.0
16896,65+,Female,1566.0
16897,26-35,Female,6072.0
16898,26-35,Male,5152.0
16899,26-35,Male,2478.0
16900,46-55,Male,3047.0
16901,26-35,Male,5322.0
16902,36-45,Male,10515.0
16903,36-45,Male,3895.0
16904,56-65,Male,5050.0
16905,46-55,Male,2526.0
16906,46-55,Male,10530.0
16907,46-55,Male,13172.0
16908,36-45,Female,5950.0
16909,36-45,Male,3532.0
16910,18-25,Male,1851.0
16911,46-55,Male,7935.0
16912,36-45,Male,13314.0
16913,26-35,Female,3564.0
16914,18-25,Male,3485.0
16915,46-55,Male,5434.0
16916,18-25,Male,1561.0
16917,26-35,Female,3776.0
16918,18-25,Male,1489.0
16919,26-35,Female,4656.0
16920,36-45,Male,32244.0
16921,36-45,Male,3728.0
16922,36-45,Male,12280.0
16923,36-45,Male,13800.0
16924,46-55,Male,8037.0
16925,26-35,Male,2819.0
16926,26-35,Female,5740.0
16927,36-45,Male,5904.0
16928,46-55,Female,5876.0
16929,26-35,Male,2892.0
16930,26-35,Male,3131.0
16931,46-55,Female,3831.0
16932,36-45,Male,7667.0
16933,46-55,Male,3101.0
16934,26-35,Female,4082.0
16935,26-35,Male,3589.0
16936,26-35,Male,5786.0
16937,36-45,Female,6500.0
16938,36-45,Male,10957.0
16939,46-55,Male,9997.0
16940,36-45,Male,4198.0
16941,36-45,Male,5084.0
16942,46-55,Female,10847.0
16943,36-45,Female,5307.0
16944,26-35,Male,1075.0
16945,26-35,Male,4461.0
16946,56-65,Male,30830.0
16947,36-45,Male,3909.0
16948,36-45,Female,6403.0
16949,26-35,Male,11051.0
16950,36-45,Male,4137.0
16951,26-35,Male,1409.0
16952,26-35,Male,3567.0
16953,26-35,Male,3163.0
16954,46-55,Male,1914.0
16955,18-25,Male,3441.0
16956,36-45,Male,4254.0
16957,18-25,Male,1666.0
16958,36-45,Female,11510.0
16959,56-65,Male,6130.0
16960,26-35,Female,6040.0
16961,46-55,Male,10109.0
16962,56-65,Male,5220.0
16963,26-35,Male,7752.0
16964,56-65,Female,12619.0
16965,36-45,Female,3678.0
16966,36-45,Male,5348.0
16967,46-55,Male,2591.0
16968,36-45,Male,15909.0
16969,46-55,Male,7016.0
16970,56-65,Female,17326.0
16971,18-25,Female,1879.0
16972,26-35,Female,2800.0
16973,46-55,Female,11616.0
16974,26-35,Male,10195.0
16975,46-55,Female,5614.0
16976,36-45,Female,22880.0
16977,18-25,Male,3582.0
16978,56-65,Male,8724.0
16979,46-55,Male,9637.0
16980,26-35,Male,5016.0
16981,36-45,Male,8664.0
16982,18-25,Male,4141.0
16983,46-55,Male,6166.0
16984,36-45,Male,4673.0
16985,26-35,Female,4964.0
16986,56-65,Female,4895.0
16987,56-65,Male,17375.0
16988,36-45,Female,19310.0
16989,26-35,Male,5335.0
16990,46-55,Male,6345.0
16991,36-45,Male,6642.0
16992,56-65,Male,8291.0
16993,36-45,Male,8586.0
16994,26-35,Male,2092.0
16995,46-55,Female,7920.0
16996,26-35,Male,3869.0
16997,36-45,Male,28443.0
16998,65+,Male,2328.0
16999,36-45,Female,21553.0
17000,46-55,Male,12413.0
17001,36-45,Male,7265.0
17002,36-45,Female,10953.0
17003,26-35,Male,1856.0
17004,18-25,Male,3031.0
17005,26-35,Male,4295.0
17006,36-45,Male,5729.0
17007,46-55,Female,3613.0
17008,36-45,Female,6959.0
17009,36-45,Female,12109.0
17010,46-55,Female,5687.0
17011,26-35,Male,5076.0
17012,36-45,Male,7268.0
17013,26-35,Male,3071.0
17014,56-65,Female,11198.0
17015,26-35,Male,6350.0
17016,26-35,Male,5380.0
17017,36-45,Male,6139.0
17018,26-35,Female,3534.0
17019,26-35,Male,4580.0
17020,36-45,Female,5873.0
17021,26-35,Male,2849.0
17022,65+,Female,1721.0
17023,26-35,Female,4335.0
17024,18-25,Male,1506.0
17025,36-45,Male,11285.0
17026,26-35,Female,3175.0
17027,46-55,Male,4602.0
17028,46-55,Male,13633.0
17029,26-35,Male,1306.0
17030,56-65,Male,4487.0
17031,46-55,Male,3907.0
17032,18-25,Female,596.0
17033,36-45,Female,11013.0
17034,18-25,Male,938.0
17035,46-55,Male,4221.0
17036,36-45,Male,11964.0
17037,26-35,Female,7522.0
17038,26-35,Female,4934.0
17039,26-35,Male,3350.0
17040,26-35,Male,3066.0
17041,56-65,Female,5616.0
17042,36-45,Female,10563.0
17043,46-55,Male,8355.0
17044,18-25,Female,1140.0
17045,46-55,Male,5457.0
17046,36-45,Male,6711.0
17047,26-35,Male,983.0
17048,26-35,Male,5790.0
17049,18-25,Male,2589.0
17050,26-35,Male,4133.0
17051,36-45,Male,9893.0
17052,56-65,Male,8843.0
17053,36-45,Female,7980.0
17054,56-65,Male,8494.0
17055,46-55,Male,6829.0
17056,26-35,Male,2364.0
17057,26-35,Male,3278.0
17058,36-45,Male,3741.0
17059,36-45,Female,2254.0
17060,26-35,Male,3001.0
17061,18-25,Male,1404.0
17062,26-35,Female,1836.0
17063,26-35,Male,8551.0
17064,46-55,Male,3917.0
17065,36-45,Male,9419.0
17066,18-25,Female,1326.0
17067,18-25,Male,1177.0
17068,26-35,Male,5227.0
17069,26-35,Male,4192.0
17070,26-35,Male,3783.0
17071,18-25,Male,4480.0
17072,36-45,Male,7416.0
17073,36-45,Male,5341.0
17074,36-45,Male,2141.0
17075,26-35,Female,6069.0
17076,46-55,Male,5049.0
17077,36-45,Male,11938.0
17078,26-35,Female,3830.0
17079,26-35,Male,1193.0
17080,36-45,Male,12293.0
17081,56-65,Male,5819.0
17082,18-25,Female,1950.0
17083,26-35,Male,2322.0
17084,26-35,Female,2041.0
17085,36-45,Male,8552.0
17086,36-45,Male,5074.0
17087,26-35,Male,4561.0
17088,36-45,Male,5566.0
17089,26-35,Female,5396.0
17090,56-65,Female,6288.0
17091,18-25,Female,1510.0
17092,18-25,Male,2152.0
17093,26-35,Female,3475.0
17094,36-45,Female,3459.0
17095,18-25,Male,1477.0
17096,26-35,Female,5836.0
17097,36-45,Male,6623.0
17098,26-35,Male,5375.0
17099,46-55,Male,8509.0
17100,46-55,Male,6093.0
17101,26-35,Female,1806.0
17102,26-35,Female,3085.0
17103,26-35,Male,2183.0
17104,36-45,Male,3285.0
17105,46-55,Male,11252.0
17106,26-35,Female,3136.0
17107,26-35,Male,3428.0
17108,26-35,Female,3685.0
17109,26-35,Male,4271.0
17110,36-45,Male,6436.0
17111,26-35,Male,4784.0
17112,26-35,Female,6868.0
17113,26-35,Male,3523.0
17114,46-55,Male,15408.0
17115,46-55,Male,4345.0
17116,26-35,Male,3876.0
17117,26-35,Female,5416.0
17118,26-35,Female,7004.0
17119,56-65,Male,14917.0
17120,36-45,Male,3747.0
17121,56-65,Female,6648.0
17122,26-35,Male,2951.0
17123,18-25,Female,800.0
17124,36-45,Male,8248.0
17125,56-65,Male,10073.0
17126,46-55,Male,14892.0
17127,26-35,Male,13926.0
17128,26-35,Male,1585.0
17129,36-45,Female,4397.0
17130,56-65,Male,5161.0
17131,26-35,Female,3177.0
17132,46-55,Male,5965.0
17133,18-25,Male,2831.0
17134,46-55,Female,8321.0
17135,26-35,Male,5078.0
17136,46-55,Male,13594.0
17137,36-45,Male,5450.0
17138,18-25,Male,4033.0
17139,46-55,Male,8396.0
17140,26-35,Male,10279.0
17141,26-35,Male,8408.0
17142,36-45,Male,7408.0
17143,36-45,Female,12444.0
17144,46-55,Male,10175.0
17145,36-45,Female,4628.0
17146,26-35,Male,4007.0
17147,36-45,Male,22655.0
17148,26-35,Female,5454.0
17149,26-35,Female,3430.0
17150,36-45,Female,5497.0
17151,26-35,Male,3256.0
17152,26-35,Male,8328.0
17153,26-35,Female,4500.0
17154,36-45,Male,3353.0
17155,56-65,Male,9220.0
17156,36-45,Male,4292.0
17157,36-45,Female,33135.0
17158,26-35,Male,1467.0
17159,26-35,Male,3533.0
17160,26-35,Male,6007.0
17161,26-35,Male,4788.0
17162,18-25,Male,1663.0
17163,18-25,Male,1394.0
17164,26-35,Male,5637.0
17165,26-35,Female,2983.0
17166,26-35,Male,5785.0
17167,26-35,Female,5051.0
17168,26-35,Male,1484.0
17169,46-55,Female,5706.0
17170,26-35,Male,5899.0
17171,56-65,Female,7809.0
17172,46-55,Female,6692.0
17173,18-25,Female,1526.0
17174,36-45,Male,17817.0
17175,26-35,Male,8567.0
17176,36-45,Female,10727.0
17177,36-45,Male,5331.0
17178,26-35,Female,4859.0
17179,36-45,Male,3184.0
17180,56-65,Male,5581.0
17181,46-55,Male,9657.0
17182,46-55,Male,13477.0
17183,65+,Male,2621.0
17184,26-35,Male,4169.0
17185,26-35,Male,2071.0
17186,46-55,Male,5970.0
17187,26-35,Male,2625.0
17188,18-25,Female,1926.0
17189,36-45,Female,3331.0
17190,36-45,Male,5243.0
17191,46-55,Male,4775.0
17192,26-35,Male,15529.0
17193,46-55,Female,6554.0
17194,46-55,Male,4902.0
17195,18-25,Male,1972.0
17196,26-35,Male,7907.0
17197,36-45,Male,12844.0
17198,26-35,Female,3032.0
17199,46-55,Female,12058.0
17200,26-35,Female,6393.0
17201,26-35,Male,13798.0
17202,18-25,Male,2526.0
17203,46-55,Male,11165.0
17204,46-55,Male,9781.0
17205,26-35,Male,4438.0
17206,26-35,Male,2649.0
17207,46-55,Male,15071.0
17208,26-35,Female,4823.0
17209,18-25,Male,1013.0
17210,46-55,Female,13341.0
17211,26-35,Male,2421.0
17212,26-35,Male,7165.0
17213,26-35,Male,1877.0
17214,46-55,Female,3066.0
17215,26-35,Male,3861.0
17216,26-35,Male,1866.0
17217,26-35,Female,2830.0
17218,36-45,Male,5873.0
17219,46-55,Male,4053.0
17220,26-35,Male,6908.0
17221,56-65,Male,10676.0
17222,26-35,Male,9564.0
17223,36-45,Male,10071.0
17224,18-25,Male,4569.0
17225,46-55,Male,25902.0
17226,18-25,Female,3032.0
17227,26-35,Male,4287.0
17228,26-35,Female,9873.0
17229,36-45,Female,4155.0
17230,46-55,Female,8980.0
17231,46-55,Male,16638.0
17232,18-25,Male,2447.0
17233,36-45,Male,7681.0
17234,56-65,Male,4816.0
17235,26-35,Male,2996.0
17236,36-45,Female,9363.0
17237,26-35,Male,3782.0
17238,36-45,Female,12222.0
17239,36-45,Female,13550.0
17240,56-65,Male,5921.0
17241,36-45,Male,3481.0
17242,26-35,Male,7053.0
17243,26-35,Female,2520.0
17244,65+,Male,3897.0
17245,26-35,Male,3688.0
17246,36-45,Male,6131.0
17247,46-55,Female,14134.0
17248,46-55,Male,12901.0
17249,36-45,Female,2789.0
17250,26-35,Female,4036.0
17251,46-55,Female,11689.0
17252,46-55,Male,6144.0
17253,18-25,Female,7307.0
17254,36-45,Male,13041.0
17255,26-35,Male,3771.0
17256,46-55,Male,4122.0
17257,46-55,Male,6121.0
17258,46-55,Male,10751.0
17259,18-25,Male,990.0
17260,36-45,Male,8934.0
17261,18-25,Male,1390.0
17262,26-35,Female,2390.0
17263,46-55,Male,8844.0
17264,36-45,Male,6925.0
17265,36-45,Male,8858.0
17266,26-35,Female,1173.0
17267,18-25,Male,1283.0
17268,36-45,Male,9673.0
17269,26-35,Female,3213.0
17270,65+,Male,3807.0
17271,36-45,Male,13037.0
17272,36-45,Male,10145.0
17273,26-35,Male,2783.0
17274,26-35,Male,2450.0
17275,36-45,Male,7236.0
17276,56-65,Female,15026.0
17277,26-35,Male,7125.0
17278,36-45,Male,6548.0
17279,26-35,Female,10457.0
17280,36-45,Female,3573.0
17281,36-45,Female,4250.0
17282,36-45,Female,5337.0
17283,56-65,Male,2383.0
17284,18-25,Female,1744.0
17285,26-35,Male,6246.0
17286,26-35,Male,2300.0
17287,26-35,Male,9006.0
17288,46-55,Male,8647.0
17289,26-35,Male,4069.0
17290,46-55,Male,4483.0
17291,36-45,Male,7870.0
17292,18-25,Male,2493.0
17293,18-25,Female,2391.0
17294,65+,Female,3270.0
17295,46-55,Female,5974.0
17296,26-35,Male,3397.0
17297,26-35,Male,2700.0
17298,46-55,Male,12155.0
17299,46-55,Male,8047.0
17300,26-35,Male,3719.0
17301,18-25,Female,2134.0
17302,26-35,Male,2894.0
17303,26-35,Male,2203.0
17304,65+,Male,2917.0
17305,46-55,Male,6530.0
17306,36-45,Female,5160.0
17307,56-65,Male,19292.0
17308,26-35,Female,5778.0
17309,18-25,Female,7129.0
17310,26-35,Female,6198.0
17311,36-45,Male,9312.0
17312,26-35,Male,1971.0
17313,26-35,Male,5063.0
17314,36-45,Male,6736.0
17315,46-55,Male,15120.0
17316,18-25,Female,2080.0
17317,56-65,Male,4726.0
17318,36-45,Female,3994.0
17319,36-45,Male,6177.0
17320,56-65,Male,9329.0
17321,36-45,Male,2635.0
17322,18-25,Male,5672.0
17323,56-65,Male,5773.0
17324,26-35,Male,1541.0
17325,46-55,Male,6362.0
17326,26-35,Female,6485.0
17327,26-35,Male,7110.0
17328,26-35,Male,7334.0
17329,26-35,Male,4178.0
17330,36-45,Male,9727.0
17331,18-25,Male,1920.0
17332,26-35,Male,2876.0
17333,26-35,Female,5170.0
17334,56-65,Female,13767.0
17335,26-35,Male,1785.0
17336,36-45,Male,9652.0
17337,26-35,Male,6681.0
17338,36-45,Female,8414.0
17339,36-45,Male,7943.0
17340,56-65,Female,12487.0
17341,56-65,Female,9906.0
17342,26-35,Male,7333.0
17343,36-45,Male,24844.0
17344,26-35,Male,3075.0
17345,65+,Male,9098.0
17346,46-55,Male,14056.0
17347,26-35,Male,3097.0
17348,26-35,Male,1846.0
17349,46-55,Female,13191.0
17350,26-35,Female,3564.0
17351,26-35,Female,1963.0
17352,26-35,Female,11534.0
17353,26-35,Male,8648.0
17354,36-45,Female,9346.0
17355,46-55,Female,4365.0
17356,26-35,Female,2858.0
17357,46-55,Male,5007.0
17358,26-35,Male,4468.0
17359,18-25,Female,2084.0
17360,46-55,Male,8553.0
17361,26-35,Male,7134.0
17362,46-55,Female,3918.0
17363,26-35,Male,4047.0
17364,18-25,Male,954.0
17365,46-55,Male,13881.0
17366,26-35,Male,6599.0
17367,18-25,Male,1846.0
17368,36-45,Male,2059.0
17369,26-35,Female,2155.0
17370,26-35,Male,2944.0
17371,26-35,Male,2709.0
17372,26-35,Male,4079.0
17373,46-55,Female,11987.0
17374,65+,Male,4600.0
17375,46-55,Male,7004.0
17376,26-35,Male,11156.0
17377,36-45,Male,2684.0
17378,26-35,Female,2077.0
17379,26-35,Male,2766.0
17380,36-45,Male,4482.0
17381,56-65,Female,8592.0
17382,36-45,Male,7318.0
17383,36-45,Female,7056.0
17384,36-45,Male,4187.0
17385,36-45,Male,9431.0
17386,36-45,Male,4561.0
17387,26-35,Male,5615.0
17388,46-55,Female,20701.0
17389,46-55,Male,8001.0
17390,26-35,Male,3065.0
17391,18-25,Female,2579.0
17392,36-45,Male,4180.0
17393,36-45,Male,14191.0
17394,46-55,Female,10206.0
17395,36-45,Male,6855.0
17396,65+,Female,3672.0
17397,18-25,Male,2924.0
17398,36-45,Female,16889.0
17399,26-35,Male,2943.0
17400,56-65,Male,8998.0
17401,46-55,Male,4443.0
17402,26-35,Female,5436.0
17403,26-35,Male,11624.0
17404,26-35,Male,2401.0
17405,56-65,Female,12937.0
17406,46-55,Male,5147.0
17407,26-35,Female,2047.0
17408,46-55,Female,5636.0
17409,26-35,Male,1245.0
17410,36-45,Female,10974.0
17411,36-45,Male,9734.0
17412,26-35,Female,4373.0
17413,26-35,Female,2621.0
17414,26-35,Male,5404.0
17415,65+,Male,8648.0
17416,46-55,Male,11895.0
17417,65+,Female,5465.0
17418,36-45,Female,3342.0
17419,36-45,Female,2532.0
17420,26-35,Male,3845.0
17421,36-45,Male,9046.0
17422,46-55,Male,14264.0
17423,26-35,Male,3425.0
17424,36-45,Female,8518.0
17425,36-45,Male,7001.0
17426,46-55,Male,6129.0
17427,36-45,Female,3472.0
17428,26-35,Male,1615.0
17429,26-35,Female,8935.0
17430,46-55,Male,10378.0
17431,26-35,Male,5949.0
17432,65+,Female,3140.0
17433,18-25,Male,2079.0
17434,46-55,Male,6596.0
17435,56-65,Male,12074.0
17436,36-45,Female,3631.0
17437,36-45,Male,6116.0
17438,56-65,Male,4451.0
17439,36-45,Male,10061.0
17440,36-45,Female,6270.0
17441,36-45,Female,5612.0
17442,56-65,Female,7086.0
17443,56-65,Male,8366.0
17444,46-55,Male,4837.0
17445,26-35,Male,1370.0
17446,56-65,Male,3302.0
17447,26-35,Female,6151.0
17448,26-35,Female,3671.0
17449,46-55,Male,7134.0
17450,36-45,Female,2678.0
17451,26-35,Male,7915.0
17452,46-55,Male,10078.0
17453,36-45,Female,15950.0
17454,18-25,Male,4895.0
17455,26-35,Male,6683.0
17456,18-25,Male,1330.0
17457,26-35,Male,6671.0
17458,26-35,Male,9058.0
17459,65+,Male,3342.0
17460,36-45,Male,3098.0
17461,26-35,Male,3864.0
17462,18-25,Male,4800.0
17463,26-35,Male,2508.0
17464,26-35,Female,3498.0
17465,46-55,Female,5203.0
17466,18-25,Male,1685.0
17467,26-35,Male,12969.0
17468,36-45,Male,9126.0
17469,36-45,Male,4666.0
17470,18-25,Female,2266.0
17471,26-35,Female,4382.0
17472,36-45,Female,4266.0
17473,26-35,Male,8791.0
17474,26-35,Female,1515.0
17475,46-55,Male,22568.0
17476,36-45,Male,6868.0
17477,18-25,Male,3284.0
17478,26-35,Male,2390.0
17479,36-45,Female,9494.0
17480,26-35,Female,4053.0
17481,56-65,Male,12120.0
17482,46-55,Male,15721.0
17483,26-35,Male,3260.0
17484,18-25,Male,2148.0
17485,36-45,Male,3424.0
17486,26-35,Male,1950.0
17487,18-25,Female,750.0
17488,36-45,Male,12499.0
17489,26-35,Male,1659.0
17490,26-35,Male,4555.0
17491,36-45,Female,5694.0
17492,36-45,Male,8098.0
17493,56-65,Female,6394.0
17494,65+,Male,3459.0
17495,26-35,Male,15859.0
17496,36-45,Female,4614.0
17497,36-45,Female,2832.0
17498,18-25,Female,1597.0
17499,26-35,Male,3433.0
17500,36-45,Male,6711.0
17501,36-45,Male,21769.0
17502,26-35,Female,3002.0
17503,46-55,Female,3845.0
17504,26-35,Male,2303.0
17505,26-35,Male,1663.0
17506,18-25,Male,10053.0
17507,36-45,Male,5486.0
17508,26-35,Male,6132.0
17509,26-35,Female,2860.0
17510,26-35,Female,12788.0
17511,36-45,Female,6677.0
17512,36-45,Female,6784.0
17513,26-35,Female,14044.0
17514,26-35,Male,6333.0
17515,36-45,Female,6765.0
17516,36-45,Male,11305.0
17517,18-25,Male,1262.0
17518,26-35,Female,5618.0
17519,36-45,Male,8983.0
17520,56-65,Male,14012.0
17521,36-45,Female,5266.0
17522,36-45,Male,8480.0
17523,46-55,Male,2506.0
17524,18-25,Male,2284.0
17525,56-65,Male,7701.0
17526,56-65,Female,7001.0
17527,18-25,Male,1625.0
17528,36-45,Male,7051.0
17529,46-55,Female,9553.0
17530,46-55,Male,8933.0
17531,36-45,Male,9645.0
17532,36-45,Female,3568.0
17533,46-55,Male,6455.0
17534,18-25,Male,5225.0
17535,36-45,Male,6875.0
17536,26-35,Male,8031.0
17537,36-45,Male,9629.0
17538,46-55,Male,11483.0
17539,26-35,Male,3158.0
17540,26-35,Male,4633.0
17541,36-45,Male,1126.0
17542,36-45,Female,4855.0
17543,36-45,Female,9721.0
17544,36-45,Female,5330.0
17545,18-25,Female,1616.0
17546,36-45,Male,9300.0
17547,26-35,Male,3847.0
17548,65+,Male,4398.0
17549,26-35,Female,5750.0
17550,36-45,Male,9685.0
17551,46-55,Male,3201.0
17552,46-55,Male,11687.0
17553,36-45,Male,2059.0
17554,36-45,Male,18137.0
17555,18-25,Female,8024.0
17556,26-35,Male,3710.0
17557,26-35,Male,1792.0
17558,26-35,Female,2921.0
17559,36-45,Male,9768.0
17560,36-45,Male,10455.0
17561,36-45,Female,10920.0
17562,26-35,Female,3391.0
17563,26-35,Male,5755.0
17564,46-55,Female,5446.0
17565,46-55,Male,12011.0
17566,26-35,Male,10844.0
17567,26-35,Male,10808.0
17568,26-35,Male,8384.0
17569,18-25,Male,5683.0
17570,36-45,Male,7133.0
17571,26-35,Male,3972.0
17572,36-45,Male,15117.0
17573,26-35,Female,6284.0
17574,36-45,Male,11122.0
17575,56-65,Male,4085.0
17576,18-25,Male,3011.0
17577,56-65,Female,15734.0
17578,36-45,Male,6756.0
17579,36-45,Male,7867.0
17580,36-45,Male,8635.0
17581,26-35,Male,3696.0
17582,26-35,Male,2724.0
17583,36-45,Female,6654.0
17584,46-55,Male,13700.0
17585,46-55,Female,11326.0
17586,36-45,Male,9554.0
17587,36-45,Female,8150.0
17588,18-25,Female,2989.0
17589,26-35,Male,6242.0
17590,65+,Female,4816.0
17591,46-55,Male,5733.0
17592,36-45,Female,11755.0
17593,26-35,Female,3612.0
17594,26-35,Male,2973.0
17595,36-45,Female,10723.0
17596,46-55,Female,2691.0
17597,56-65,Male,3081.0
17598,36-45,Female,4248.0
17599,46-55,Male,5287.0
17600,26-35,Female,4023.0
17601,18-25,Female,1604.0
17602,46-55,Male,4031.0
17603,46-55,Female,10267.0
17604,18-25,Male,12432.0
17605,46-55,Male,5233.0
17606,46-55,Male,5984.0
17607,56-65,Male,5226.0
17608,36-45,Female,10054.0
17609,56-65,Male,4662.0
17610,46-55,Male,3376.0
17611,36-45,Male,4791.0
17612,56-65,Male,8170.0
17613,36-45,Male,10762.0
17614,26-35,Female,7541.0
17615,46-55,Male,14034.0
17616,36-45,Male,5716.0
17617,65+,Male,8470.0
17618,36-45,Male,8629.0
17619,26-35,Male,2122.0
17620,26-35,Male,5206.0
17621,36-45,Female,6685.0
17622,56-65,Male,7452.0
17623,36-45,Female,17480.0
17624,26-35,Male,4368.0
17625,18-25,Male,7699.0
17626,65+,Male,15153.0
17627,36-45,Male,4832.0
17628,26-35,Male,1079.0
17629,46-55,Female,7978.0
17630,18-25,Male,2963.0
17631,26-35,Male,5708.0
17632,26-35,Female,5753.0
17633,65+,Male,4766.0
17634,26-35,Female,4159.0
17635,46-55,Male,12736.0
17636,26-35,Male,2081.0
17637,18-25,Female,3629.0
17638,46-55,Male,7949.0
17639,26-35,Male,3328.0
17640,46-55,Male,15025.0
17641,26-35,Male,2842.0
17642,26-35,Male,7084.0
17643,26-35,Male,6654.0
17644,26-35,Female,3665.0
17645,26-35,Female,4293.0
17646,36-45,Male,9884.0
17647,18-25,Female,1230.0
17648,56-65,Male,15653.0
17649,46-55,Female,4513.0
17650,26-35,Male,2629.0
17651,26-35,Female,10116.0
17652,26-35,Male,5763.0
17653,26-35,Male,5192.0
17654,36-45,Male,13010.0
17655,18-25,Male,3015.0
17656,65+,Male,5095.0
17657,46-55,Male,9409.0
17658,36-45,Male,7207.0
17659,46-55,Male,10152.0
17660,26-35,Male,3353.0
17661,56-65,Female,10497.0
17662,26-35,Male,1957.0
17663,26-35,Male,6660.0
17664,26-35,Male,4633.0
17665,26-35,Male,4801.0
17666,36-45,Male,5410.0
17667,36-45,Male,5932.0
17668,36-45,Male,17351.0
17669,36-45,Female,4988.0
17670,26-35,Male,4044.0
17671,18-25,Female,3624.0
17672,56-65,Male,3975.0
17673,36-45,Male,3611.0
17674,56-65,Male,5245.0
17675,26-35,Male,2659.0
17676,26-35,Male,6382.0
17677,26-35,Female,2456.0
17678,56-65,Male,10716.0
17679,26-35,Male,1816.0
17680,46-55,Male,13232.0
17681,26-35,Male,4456.0
17682,36-45,Male,6674.0
17683,56-65,Male,3766.0
17684,26-35,Male,6326.0
17685,18-25,Male,4667.0
17686,18-25,Male,1234.0
17687,46-55,Male,10809.0
17688,26-35,Male,2745.0
17689,36-45,Male,5444.0
17690,46-55,Female,8223.0
17691,36-45,Male,6009.0
17692,18-25,Male,1649.0
17693,46-55,Male,13218.0
17694,56-65,Male,6109.0
17695,36-45,Male,9237.0
17696,36-45,Male,7964.0
17697,46-55,Male,12143.0
17698,36-45,Female,2606.0
17699,26-35,Male,3486.0
17700,36-45,Female,15400.0
17701,56-65,Female,6016.0
17702,65+,Male,3184.0
17703,26-35,Male,3169.0
17704,26-35,Female,4388.0
17705,36-45,Female,5070.0
17706,26-35,Female,3715.0
17707,46-55,Male,8346.0
17708,36-45,Male,6871.0
17709,18-25,Male,2237.0
17710,26-35,Female,2064.0
17711,36-45,Male,5486.0
17712,46-55,Female,40858.0
17713,46-55,Female,9985.0
17714,46-55,Male,3362.0
17715,46-55,Female,16323.0
17716,36-45,Male,2686.0
17717,46-55,Male,9815.0
17718,18-25,Male,2838.0
17719,36-45,Female,16067.0
17720,56-65,Female,29310.0
17721,26-35,Female,1574.0
17722,46-55,Male,9207.0
17723,26-35,Female,2492.0
17724,46-55,Male,7965.0
17725,36-45,Female,12691.0
17726,56-65,Male,10613.0
17727,18-25,Female,3342.0
17728,56-65,Male,4152.0
17729,36-45,Male,13595.0
17730,18-25,Male,2791.0
17731,26-35,Male,3608.0
17732,36-45,Male,2576.0
17733,36-45,Male,10452.0
17734,56-65,Male,3879.0
17735,36-45,Male,4233.0
17736,26-35,Male,2786.0
17737,46-55,Male,5064.0
17738,46-55,Male,7603.0
17739,56-65,Female,11397.0
17740,36-45,Male,5722.0
17741,36-45,Male,10430.0
17742,26-35,Male,2656.0
17743,56-65,Male,10024.0
17744,36-45,Female,9137.0
17745,26-35,Female,1261.0
17746,26-35,Male,7938.0
17747,36-45,Male,3655.0
17748,18-25,Male,3206.0
17749,26-35,Male,1962.0
17750,46-55,Female,10959.0
17751,26-35,Male,4602.0
17752,26-35,Male,3867.0
17753,26-35,Male,2036.0
17754,36-45,Male,7133.0
17755,36-45,Male,10484.0
17756,36-45,Male,4292.0
17757,56-65,Male,7376.0
17758,26-35,Male,4609.0
17759,26-35,Female,6422.0
17760,56-65,Male,10057.0
17761,36-45,Male,3467.0
17762,26-35,Male,4926.0
17763,36-45,Male,5113.0
17764,26-35,Female,3795.0
17765,36-45,Female,13166.0
17766,36-45,Male,9912.0
17767,46-55,Male,9160.0
17768,26-35,Female,3106.0
17769,36-45,Male,26456.0
17770,36-45,Male,2996.0
17771,36-45,Male,3349.0
17772,26-35,Male,3499.0
17773,36-45,Male,6717.0
17774,26-35,Male,5169.0
17775,26-35,Female,6851.0
17776,56-65,Male,3949.0
17777,36-45,Male,5497.0
17778,26-35,Male,2484.0
17779,46-55,Male,8049.0
17780,36-45,Male,11445.0
17781,36-45,Male,4190.0
17782,36-45,Male,11707.0
17783,36-45,Male,4701.0
17784,46-55,Female,5959.0
17785,18-25,Female,1613.0
17786,46-55,Female,6521.0
17787,36-45,Female,8775.0
17788,56-65,Male,5103.0
17789,46-55,Male,13066.0
17790,18-25,Male,3112.0
17791,18-25,Male,6671.0
17792,56-65,Male,5384.0
17793,26-35,Male,5051.0
17794,36-45,Female,4979.0
17795,46-55,Male,3888.0
17796,36-45,Male,13216.0
17797,18-25,Male,1147.0
17798,56-65,Male,15998.0
17799,26-35,Female,1295.0
17800,46-55,Female,5102.0
17801,26-35,Male,2195.0
17802,26-35,Female,4064.0
17803,65+,Male,8780.0
17804,26-35,Female,2401.0
17805,36-45,Male,8202.0
17806,18-25,Male,4934.0
17807,26-35,Male,6340.0
17808,46-55,Female,2663.0
17809,36-45,Male,10996.0
17810,26-35,Male,1458.0
17811,36-45,Male,3654.0
17812,46-55,Male,3461.0
17813,26-35,Female,8797.0
17814,36-45,Male,5695.0
17815,56-65,Male,7415.0
17816,26-35,Male,3498.0
17817,18-25,Male,1268.0
17818,26-35,Female,5043.0
17819,56-65,Female,4962.0
17820,65+,Male,3827.0
17821,56-65,Male,10868.0
17822,46-55,Male,12668.0
17823,36-45,Female,3161.0
17824,26-35,Female,3879.0
17825,36-45,Female,6320.0
17826,36-45,Male,5764.0
17827,26-35,Male,3357.0
17828,36-45,Male,6049.0
17829,26-35,Male,3260.0
17830,36-45,Male,8937.0
17831,46-55,Female,2148.0
17832,36-45,Female,9705.0
17833,18-25,Male,1876.0
17834,18-25,Male,1088.0
17835,26-35,Male,3886.0
17836,26-35,Male,5806.0
17837,26-35,Male,3049.0
17838,36-45,Male,7707.0
17839,26-35,Female,2906.0
17840,56-65,Male,11041.0
17841,36-45,Female,12521.0
17842,46-55,Female,15799.0
17843,26-35,Male,2148.0
17844,36-45,Male,8938.0
17845,26-35,Male,2332.0
17846,18-25,Female,3411.0
17847,46-55,Female,5582.0
17848,46-55,Male,5788.0
17849,26-35,Male,8187.0
17850,26-35,Male,5988.0
17851,36-45,Male,5134.0
17852,26-35,Male,4656.0
17853,18-25,Male,1135.0
17854,36-45,Female,2026.0
17855,26-35,Male,2315.0
17856,26-35,Male,15104.0
17857,46-55,Female,8321.0
17858,36-45,Male,9604.0
17859,26-35,Female,8286.0
17860,26-35,Female,4959.0
17861,36-45,Male,7142.0
17862,56-65,Male,4309.0
17863,46-55,Female,4749.0
17864,26-35,Male,3065.0
17865,46-55,Male,12729.0
17866,26-35,Female,2835.0
17867,36-45,Male,8629.0
17868,46-55,Male,9195.0
17869,46-55,Male,7126.0
17870,65+,Male,7238.0
17871,46-55,Female,5138.0
17872,26-35,Male,3036.0
17873,26-35,Male,4925.0
17874,46-55,Female,30232.0
17875,56-65,Male,11065.0
17876,18-25,Female,2115.0
17877,46-55,Female,3001.0
17878,36-45,Male,4224.0
17879,56-65,Male,9123.0
17880,18-25,Male,1161.0
17881,18-25,Female,1746.0
17882,46-55,Male,9609.0
17883,26-35,Male,9790.0
17884,46-55,Male,9770.0
17885,26-35,Male,3553.0
17886,56-65,Male,3304.0
17887,56-65,Male,17063.0
17888,26-35,Male,3189.0
17889,26-35,Male,5412.0
17890,56-65,Female,10300.0
17891,56-65,Male,12881.0
17892,26-35,Female,4315.0
17893,46-55,Male,17061.0
17894,46-55,Male,3355.0
17895,18-25,Male,2412.0
17896,36-45,Female,9761.0
17897,56-65,Male,4189.0
17898,18-25,Male,1574.0
17899,36-45,Female,4765.0
17900,18-25,Male,2369.0
17901,36-45,Male,13309.0
17902,26-35,Male,5836.0
17903,46-55,Female,11970.0
17904,36-45,Male,5870.0
17905,56-65,Male,5667.0
17906,36-45,Male,10682.0
17907,36-45,Male,7797.0
17908,26-35,Male,4306.0
17909,26-35,Male,5995.0
17910,36-45,Male,8180.0
17911,46-55,Male,15221.0
17912,26-35,Male,3651.0
17913,26-35,Female,3630.0
17914,26-35,Male,5447.0
17915,46-55,Female,36855.0
17916,18-25,Male,1637.0
17917,18-25,Female,3561.0
17918,26-35,Male,2333.0
17919,18-25,Male,2373.0
17920,26-35,Male,3213.0
17921,46-55,Male,26844.0
17922,65+,Male,20259.0
17923,26-35,Male,4558.0
17924,46-55,Male,7454.0
17925,18-25,Male,1729.0
17926,36-45,Female,5105.0
17927,46-55,Male,9491.0
17928,56-65,Male,4913.0
17929,26-35,Male,3750.0
17930,36-45,Male,11313.0
17931,26-35,Male,6204.0
17932,46-55,Male,7256.0
17933,18-25,Male,4511.0
17934,26-35,Male,6361.0
17935,36-45,Male,10904.0
17936,26-35,Male,2045.0
17937,36-45,Female,12739.0
17938,26-35,Male,2200.0
17939,26-35,Male,1975.0
17940,46-55,Male,5551.0
17941,56-65,Female,8781.0
17942,56-65,Male,13866.0
17943,46-55,Male,4877.0
17944,36-45,Male,6009.0
17945,46-55,Male,7361.0
17946,26-35,Male,3599.0
17947,56-65,Male,3271.0
17948,56-65,Female,9158.0
17949,36-45,Male,2265.0
17950,26-35,Male,2174.0
17951,36-45,Female,2060.0
17952,36-45,Male,14676.0
17953,26-35,Male,2990.0
17954,56-65,Female,16095.0
17955,26-35,Male,19122.0
17956,18-25,Male,4694.0
17957,26-35,Female,8496.0
17958,36-45,Female,9751.0
17959,56-65,Female,6295.0
17960,26-35,Male,2293.0
17961,36-45,Male,4740.0
17962,56-65,Male,8295.0
17963,18-25,Male,1227.0
17964,46-55,Female,10203.0
17965,18-25,Male,1374.0
17966,46-55,Male,7930.0
17967,56-65,Male,3296.0
17968,26-35,Male,13843.0
17969,18-25,Male,2877.0
17970,36-45,Male,18785.0
17971,36-45,Male,8191.0
17972,56-65,Male,4795.0
17973,18-25,Female,956.0
17974,36-45,Female,9513.0
17975,26-35,Female,7445.0
17976,56-65,Male,9112.0
17977,36-45,Male,16219.0
17978,36-45,Male,4086.0
17979,36-45,Female,5276.0
17980,36-45,Male,8564.0
17981,65+,Male,5111.0
17982,46-55,Female,20076.0
17983,36-45,Female,4989.0
17984,18-25,Male,3544.0
17985,36-45,Male,8125.0
17986,36-45,Male,10189.0
17987,46-55,Female,10318.0
17988,36-45,Male,3293.0
17989,36-45,Male,4312.0
17990,26-35,Male,5594.0
17991,26-35,Male,3137.0
17992,26-35,Male,6608.0
17993,36-45,Male,2300.0
17994,56-65,Male,16739.0
17995,36-45,Male,6073.0
17996,26-35,Male,2297.0
17997,56-65,Female,3210.0
17998,56-65,Male,4039.0
17999,26-35,Male,3466.0
18000,36-45,Female,7254.0
18001,18-25,Male,5791.0
18002,26-35,Male,2021.0
18003,26-35,Male,5623.0
18004,65+,Male,5338.0
18005,46-55,Male,3800.0
18006,26-35,Female,5073.0
18007,26-35,Female,3926.0
18008,26-35,Male,6416.0
18009,46-55,Male,5649.0
18010,36-45,Female,4092.0
18011,46-55,Female,1757.0
18012,56-65,Female,30882.0
18013,36-45,Male,13101.0
18014,36-45,Male,9805.0
18015,65+,Male,2054.0
18016,36-45,Male,4804.0
18017,65+,Male,7238.0
18018,26-35,Male,4384.0
18019,36-45,Male,4485.0
18020,18-25,Male,4694.0
18021,26-35,Male,7595.0
18022,36-45,Female,4120.0
18023,46-55,Male,25971.0
18024,36-45,Female,3842.0
18025,46-55,Male,23246.0
18026,26-35,Male,3124.0
18027,46-55,Male,5276.0
18028,26-35,Male,7148.0
18029,26-35,Male,1136.0
18030,46-55,Male,8518.0
18031,26-35,Male,3207.0
18032,36-45,Male,6031.0
18033,36-45,Male,4681.0
18034,65+,Male,9214.0
18035,56-65,Male,13574.0
18036,26-35,Male,11055.0
18037,46-55,Male,6588.0
18038,36-45,Male,6526.0
18039,36-45,Male,8251.0
18040,56-65,Female,6021.0
18041,36-45,Male,5984.0
18042,36-45,Male,4635.0
18043,26-35,Male,2709.0
18044,36-45,Male,19935.0
18045,26-35,Male,8232.0
18046,26-35,Male,1607.0
18047,36-45,Female,7147.0
18048,26-35,Male,4061.0
18049,36-45,Male,8944.0
18050,46-55,Male,7083.0
18051,65+,Female,5122.0
18052,36-45,Male,9622.0
18053,46-55,Male,2318.0
18054,26-35,Female,1613.0
18055,26-35,Male,9449.0
18056,26-35,Male,7713.0
18057,36-45,Male,6824.0
18058,36-45,Female,8041.0
18059,26-35,Female,7921.0
18060,26-35,Male,3517.0
18061,65+,Male,2689.0
18062,26-35,Male,3821.0
18063,26-35,Male,14954.0
18064,18-25,Female,2556.0
18065,36-45,Male,3888.0
18066,36-45,Male,6994.0
18067,26-35,Female,11506.0
18068,36-45,Male,6118.0
18069,36-45,Female,15072.0
18070,36-45,Female,5003.0
18071,26-35,Male,2684.0
18072,56-65,Male,8519.0
18073,26-35,Male,3676.0
18074,18-25,Male,3088.0
18075,46-55,Female,8499.0
18076,36-45,Male,8513.0
18077,26-35,Male,4964.0
18078,36-45,Female,6004.0
18079,46-55,Male,9629.0
18080,26-35,Male,4044.0
18081,36-45,Male,5886.0
18082,36-45,Male,11757.0
18083,56-65,Male,3046.0
18084,36-45,Male,8774.0
18085,26-35,Female,24204.0
18086,26-35,Female,750.0
18087,36-45,Male,6741.0
18088,26-35,Female,3824.0
18089,56-65,Male,17738.0
18090,36-45,Female,4751.0
18091,26-35,Male,3753.0
18092,26-35,Male,1282.0
18093,18-25,Male,811.0
18094,46-55,Male,9947.0
18095,18-25,Male,2610.0
18096,18-25,Female,2309.0
18097,36-45,Female,5967.0
18098,26-35,Male,2916.0
18099,36-45,Male,9722.0
18100,36-45,Male,6878.0
18101,36-45,Male,5239.0
18102,26-35,Female,2651.0
18103,26-35,Male,16330.0
18104,46-55,Male,8083.0
18105,36-45,Male,21662.0
18106,46-55,Male,9133.0
18107,36-45,Male,10903.0
18108,46-55,Female,7920.0
18109,26-35,Male,4079.0
18110,18-25,Male,1050.0
18111,26-35,Male,2542.0
18112,36-45,Male,8497.0
18113,36-45,Male,8362.0
18114,18-25,Male,8419.0
18115,36-45,Female,14329.0
18116,26-35,Male,5019.0
18117,46-55,Male,8390.0
18118,36-45,Male,3771.0
18119,26-35,Male,1935.0
18120,18-25,Male,517.0
18121,26-35,Male,3612.0
18122,36-45,Male,7912.0
18123,46-55,Male,2983.0
18124,36-45,Male,4357.0
18125,46-55,Male,6416.0
18126,26-35,Female,3543.0
18127,36-45,Male,23631.0
18128,46-55,Female,14971.0
18129,26-35,Male,8224.0
18130,26-35,Male,3163.0
18131,18-25,Female,2706.0
18132,46-55,Male,13009.0
18133,26-35,Male,2525.0
18134,36-45,Male,10496.0
18135,36-45,Male,4780.0
18136,36-45,Male,4323.0
18137,26-35,Male,3566.0
18138,46-55,Male,14344.0
18139,26-35,Female,7592.0
18140,36-45,Female,15440.0
18141,26-35,Male,8785.0
18142,36-45,Male,13405.0
18143,36-45,Male,10875.0
18144,26-35,Male,7054.0
18145,26-35,Male,7577.0
18146,26-35,Male,3773.0
18147,26-35,Male,2799.0
18148,36-45,Female,6937.0
18149,26-35,Female,10303.0
18150,26-35,Male,4011.0
18151,46-55,Female,7899.0
18152,36-45,Male,8057.0
18153,36-45,Female,5168.0
18154,36-45,Male,8539.0
18155,18-25,Male,2671.0
18156,26-35,Male,4531.0
18157,26-35,Male,1647.0
18158,36-45,Male,4534.0
18159,46-55,Female,23925.0
18160,26-35,Male,11059.0
18161,26-35,Female,2512.0
18162,36-45,Male,8476.0
18163,26-35,Male,3876.0
18164,18-25,Male,1967.0
18165,26-35,Male,3196.0
18166,65+,Male,3906.0
18167,36-45,Male,7943.0
18168,26-35,Male,2704.0
18169,26-35,Male,9727.0
18170,36-45,Male,9086.0
18171,26-35,Female,6343.0
18172,26-35,Male,5860.0
18173,36-45,Male,2857.0
18174,36-45,Male,6476.0
18175,46-55,Male,8475.0
18176,56-65,Male,4454.0
18177,26-35,Female,2337.0
18178,26-35,Male,9450.0
18179,46-55,Male,4945.0
18180,26-35,Female,2432.0
18181,18-25,Female,2200.0
18182,18-25,Male,1597.0
18183,36-45,Male,25527.0
18184,65+,Female,3091.0
18185,26-35,Male,7276.0
18186,36-45,Female,6119.0
18187,18-25,Male,1392.0
18188,46-55,Male,3917.0
18189,36-45,Female,5175.0
18190,46-55,Female,11027.0
18191,36-45,Female,3831.0
18192,26-35,Female,4398.0
18193,26-35,Male,2104.0
18194,46-55,Male,21387.0
18195,18-25,Female,2181.0
18196,36-45,Male,10526.0
18197,46-55,Male,9607.0
18198,26-35,Male,814.0
18199,18-25,Male,3085.0
18200,36-45,Male,6104.0
18201,36-45,Female,7737.0
18202,26-35,Male,2386.0
18203,46-55,Female,5912.0
18204,26-35,Male,3462.0
18205,36-45,Male,11082.0
18206,36-45,Male,20901.0
18207,36-45,Male,3555.0
18208,36-45,Male,8496.0
18209,36-45,Male,23546.0
18210,26-35,Male,2964.0
18211,26-35,Male,2238.0
18212,18-25,Male,1607.0
18213,36-45,Female,10038.0
18214,26-35,Male,13769.0
18215,36-45,Male,12583.0
18216,26-35,Female,2274.0
18217,56-65,Male,20498.0
18218,36-45,Male,9983.0
18219,26-35,Male,2690.0
18220,36-45,Male,6804.0
18221,18-25,Male,2499.0
18222,26-35,Male,1480.0
18223,56-65,Male,10638.0
18224,46-55,Female,9138.0
18225,26-35,Female,6329.0
18226,36-45,Male,14984.0
18227,36-45,Male,2294.0
18228,26-35,Male,4625.0
18229,26-35,Male,5111.0
18230,36-45,Female,5952.0
18231,36-45,Male,3194.0
18232,26-35,Female,12825.0
18233,18-25,Male,6421.0
18234,26-35,Male,5287.0
18235,36-45,Male,2893.0
18236,36-45,Female,3428.0
18237,26-35,Female,3965.0
18238,26-35,Male,2208.0
18239,36-45,Female,3003.0
18240,46-55,Male,4662.0
18241,46-55,Male,24225.0
18242,56-65,Male,9311.0
18243,36-45,Male,10639.0
18244,36-45,Male,2553.0
18245,36-45,Male,4467.0
18246,36-45,Male,2411.0
18247,56-65,Female,4053.0
18248,36-45,Male,4601.0
18249,46-55,Female,13716.0
18250,36-45,Female,8663.0
18251,36-45,Female,6402.0
18252,36-45,Male,8200.0
18253,46-55,Male,4608.0
18254,36-45,Female,9382.0
18255,26-35,Male,4641.0
18256,26-35,Male,2370.0
18257,18-25,Male,1020.0
18258,36-45,Female,7458.0
18259,26-35,Male,3037.0
18260,26-35,Male,4535.0
18261,36-45,Male,5174.0
18262,26-35,Male,4078.0
18263,26-35,Male,3355.0
18264,36-45,Male,8431.0
18265,36-45,Female,4602.0
18266,26-35,Male,3474.0
18267,26-35,Male,6763.0
18268,36-45,Female,8395.0
18269,18-25,Female,4050.0
18270,36-45,Male,4419.0
18271,26-35,Male,2726.0
18272,56-65,Male,11086.0
18273,36-45,Female,4924.0
18274,26-35,Male,4359.0
18275,46-55,Male,8681.0
18276,36-45,Female,3798.0
18277,26-35,Male,2638.0
18278,46-55,Male,5612.0
18279,46-55,Male,20575.0
18280,46-55,Male,19841.0
18281,26-35,Male,3382.0
18282,26-35,Male,2246.0
18283,26-35,Female,3230.0
18284,26-35,Female,2373.0
18285,26-35,Female,5413.0
18286,26-35,Male,3977.0
18287,26-35,Male,6483.0
18288,46-55,Male,13989.0
18289,36-45,Male,6977.0
18290,46-55,Male,7167.0
18291,26-35,Male,3271.0
18292,36-45,Male,4099.0
18293,56-65,Male,6182.0
18294,26-35,Male,7392.0
18295,26-35,Male,1093.0
18296,36-45,Male,9823.0
18297,56-65,Male,13460.0
18298,36-45,Male,19188.0
18299,36-45,Male,9209.0
18300,26-35,Female,4994.0
18301,46-55,Female,4806.0
18302,56-65,Female,3661.0
18303,26-35,Male,6506.0
18304,36-45,Female,15395.0
18305,26-35,Male,3284.0
18306,26-35,Female,4692.0
18307,36-45,Male,6622.0
18308,26-35,Female,4174.0
18309,36-45,Male,4400.0
18310,46-55,Male,6149.0
18311,26-35,Male,3926.0
18312,26-35,Female,2044.0
18313,26-35,Male,3475.0
18314,46-55,Male,9240.0
18315,36-45,Female,5369.0
18316,18-25,Male,2639.0
18317,65+,Male,4531.0
18318,18-25,Female,1578.0
18319,56-65,Male,5328.0
18320,26-35,Male,8817.0
18321,36-45,Male,15293.0
18322,46-55,Male,14579.0
18323,65+,Male,3550.0
18324,26-35,Male,7234.0
18325,36-45,Male,3667.0
18326,56-65,Male,3418.0
18327,18-25,Male,1551.0
18328,26-35,Male,3823.0
18329,65+,Female,3752.0
18330,36-45,Male,4512.0
18331,26-35,Female,4556.0
18332,46-55,Male,2826.0
18333,56-65,Male,6975.0
18334,46-55,Male,3698.0
18335,26-35,Female,5191.0
18336,26-35,Male,5068.0
18337,26-35,Female,10591.0
18338,36-45,Male,4665.0
18339,26-35,Female,3020.0
18340,26-35,Male,1749.0
18341,26-35,Male,4247.0
18342,36-45,Male,8560.0
18343,46-55,Male,13351.0
18344,26-35,Female,4815.0
18345,46-55,Male,15347.0
18346,36-45,Female,1643.0
18347,26-35,Female,7935.0
18348,36-45,Male,9020.0
18349,26-35,Male,5101.0
18350,56-65,Male,6768.0
18351,36-45,Male,6159.0
18352,46-55,Female,2935.0
18353,26-35,Female,8325.0
18354,36-45,Female,18037.0
18355,36-45,Female,17663.0
18356,46-55,Male,11321.0
18357,26-35,Male,2674.0
18358,36-45,Male,5373.0
18359,46-55,Male,16577.0
18360,26-35,Male,2518.0
18361,46-55,Male,7373.0
18362,46-55,Female,6129.0
18363,26-35,Male,5947.0
18364,26-35,Female,2868.0
18365,46-55,Female,4346.0
18366,46-55,Male,7239.0
18367,36-45,Male,7121.0
18368,18-25,Female,1533.0
18369,26-35,Female,6256.0
18370,56-65,Male,3115.0
18371,26-35,Male,1670.0
18372,36-45,Male,5413.0
18373,26-35,Male,6053.0
18374,26-35,Male,1092.0
18375,46-55,Male,5736.0
18376,36-45,Female,1677.0
18377,36-45,Female,27841.0
18378,46-55,Female,10559.0
18379,26-35,Male,1806.0
18380,56-65,Male,8735.0
18381,46-55,Male,7572.0
18382,26-35,Female,6380.0
18383,46-55,Male,6177.0
18384,46-55,Male,6890.0
18385,36-45,Male,10763.0
18386,26-35,Male,12471.0
18387,65+,Male,4169.0
18388,36-45,Male,11702.0
18389,36-45,Male,7237.0
18390,26-35,Male,4044.0
18391,56-65,Female,6697.0
18392,36-45,Male,5462.0
18393,56-65,Male,1945.0
18394,36-45,Male,4936.0
18395,56-65,Male,7636.0
18396,36-45,Male,8992.0
18397,36-45,Male,9229.0
18398,36-45,Female,15230.0
18399,36-45,Male,11144.0
18400,46-55,Female,7492.0
18401,46-55,Male,24299.0
18402,46-55,Male,8147.0
18403,46-55,Male,14071.0
18404,36-45,Male,6369.0
18405,36-45,Male,12678.0
18406,26-35,Male,1521.0
18407,26-35,Female,4442.0
18408,36-45,Male,6105.0
18409,18-25,Female,3690.0
18410,26-35,Male,7629.0
18411,26-35,Male,4857.0
18412,36-45,Male,7122.0
18413,46-55,Female,7080.0
18414,36-45,Male,6697.0
18415,26-35,Male,5020.0
18416,65+,Male,2149.0
18417,36-45,Male,5802.0
18418,36-45,Female,20851.0
18419,18-25,Male,2378.0
18420,26-35,Male,3649.0
18421,36-45,Male,6380.0
18422,46-55,Male,8563.0
18423,26-35,Female,2444.0
18424,18-25,Male,1100.0
18425,26-35,Male,4461.0
18426,46-55,Female,25013.0
18427,18-25,Female,3965.0
18428,18-25,Female,3502.0
18429,46-55,Male,4720.0
18430,36-45,Male,5846.0
18431,18-25,Male,1455.0
18432,26-35,Male,4308.0
18433,26-35,Male,9649.0
18434,56-65,Male,2786.0
18435,36-45,Male,8329.0
18436,36-45,Male,6456.0
18437,56-65,Male,19169.0
18438,36-45,Female,7515.0
18439,56-65,Male,11921.0
18440,26-35,Male,6374.0
18441,36-45,Female,7344.0
18442,26-35,Female,7671.0
18443,18-25,Male,1696.0
18444,18-25,Female,1699.0
18445,18-25,Male,4147.0
18446,56-65,Female,7868.0
18447,26-35,Male,10007.0
18448,26-35,Male,2632.0
18449,26-35,Female,5807.0
18450,26-35,Male,4216.0
18451,56-65,Male,13221.0
18452,56-65,Female,12183.0
18453,56-65,Male,7513.0
18454,56-65,Male,6720.0
18455,56-65,Male,2370.0
18456,46-55,Male,20668.0
18457,36-45,Male,4942.0
18458,56-65,Male,8250.0
18459,56-65,Male,5785.0
18460,46-55,Male,8996.0
18461,18-25,Male,3341.0
18462,26-35,Male,3693.0
18463,56-65,Female,5169.0
18464,46-55,Female,23609.0
18465,26-35,Male,4824.0
18466,56-65,Male,9386.0
18467,36-45,Male,3194.0
18468,26-35,Male,4077.0
18469,46-55,Male,3348.0
18470,26-35,Female,4919.0
18471,26-35,Female,1892.0
18472,26-35,Male,4602.0
18473,26-35,Male,2460.0
18474,36-45,Male,3518.0
18475,18-25,Male,1294.0
18476,26-35,Male,2676.0
18477,46-55,Female,21083.0
18478,26-35,Female,6486.0
18479,46-55,Female,19874.0
18480,46-55,Female,2122.0
18481,18-25,Male,3768.0
18482,36-45,Male,9867.0
18483,46-55,Female,12548.0
18484,26-35,Male,4726.0
18485,36-45,Male,4697.0
18486,56-65,Male,17472.0
18487,46-55,Male,8216.0
18488,46-55,Male,7509.0
18489,46-55,Male,4948.0
18490,36-45,Female,6231.0
18491,46-55,Male,5634.0
18492,18-25,Male,1198.0
18493,26-35,Male,992.0
18494,26-35,Female,3660.0
18495,36-45,Male,4167.0
18496,26-35,Male,2568.0
18497,46-55,Female,17922.0
18498,36-45,Male,10491.0
18499,36-45,Female,6609.0
18500,65+,Female,11558.0
18501,36-45,Female,28684.0
18502,18-25,Male,5263.0
18503,26-35,Male,6690.0
18504,36-45,Male,9820.0
18505,26-35,Female,6042.0
18506,36-45,Male,5634.0
18507,26-35,Male,2229.0
18508,65+,Male,4533.0
18509,46-55,Male,5902.0
18510,65+,Female,5310.0
18511,36-45,Female,4071.0
18512,56-65,Male,14305.0
18513,46-55,Male,7604.0
18514,26-35,Female,4627.0
18515,36-45,Female,13815.0
18516,36-45,Male,5264.0
18517,26-35,Male,2404.0
18518,65+,Male,6088.0
18519,18-25,Female,1061.0
18520,36-45,Female,10087.0
18521,46-55,Female,6046.0
18522,26-35,Female,3956.0
18523,56-65,Male,19080.0
18524,26-35,Male,3286.0
18525,36-45,Male,1858.0
18526,56-65,Female,7167.0
18527,26-35,Male,3013.0
18528,36-45,Male,8211.0
18529,65+,Male,8254.0
18530,36-45,Female,6890.0
18531,26-35,Male,4310.0
18532,26-35,Female,4439.0
18533,26-35,Male,3837.0
18534,26-35,Male,5687.0
18535,36-45,Female,6427.0
18536,46-55,Female,9256.0
18537,36-45,Male,8054.0
18538,26-35,Male,9993.0
18539,26-35,Male,2486.0
18540,36-45,Female,4304.0
18541,26-35,Male,3908.0
18542,36-45,Male,6186.0
18543,65+,Female,8146.0
18544,26-35,Male,3437.0
18545,46-55,Male,6458.0
18546,46-55,Female,8469.0
18547,36-45,Female,4721.0
18548,26-35,Male,2120.0
18549,56-65,Male,4014.0
18550,36-45,Male,17312.0
18551,46-55,Male,31719.0
18552,36-45,Male,6290.0
18553,36-45,Male,5765.0
18554,26-35,Male,7789.0
18555,46-55,Female,9304.0
18556,36-45,Female,5803.0
18557,36-45,Male,16632.0
18558,26-35,Female,1589.0
18559,36-45,Male,5125.0
18560,36-45,Male,7502.0
18561,36-45,Female,8214.0
18562,18-25,Male,2075.0
18563,36-45,Female,4013.0
18564,26-35,Female,2477.0
18565,36-45,Male,6694.0
18566,18-25,Female,3647.0
18567,46-55,Male,14126.0
18568,46-55,Male,5528.0
18569,56-65,Female,4621.0
18570,36-45,Male,7064.0
18571,46-55,Male,9416.0
18572,56-65,Female,4413.0
18573,26-35,Male,4618.0
18574,36-45,Male,7869.0
18575,26-35,Male,2481.0
18576,36-45,Female,6577.0
18577,26-35,Male,4372.0
18578,36-45,Male,6587.0
18579,36-45,Male,3391.0
18580,26-35,Male,4451.0
18581,26-35,Male,3202.0
18582,26-35,Male,4451.0
18583,46-55,Male,10472.0
18584,26-35,Male,3011.0
18585,56-65,Male,7367.0
18586,26-35,Male,4934.0
18587,46-55,Male,8462.0
18588,36-45,Male,20266.0
18589,56-65,Male,21652.0
18590,46-55,Male,8717.0
18591,56-65,Female,9074.0
18592,18-25,Male,3754.0
18593,18-25,Male,1667.0
18594,26-35,Male,2363.0
18595,26-35,Male,2756.0
18596,56-65,Female,10459.0
18597,26-35,Male,2353.0
18598,46-55,Male,5979.0
18599,36-45,Female,10774.0
18600,36-45,Female,4847.0
18601,46-55,Male,6346.0
18602,56-65,Male,4249.0
18603,36-45,Female,4413.0
18604,36-45,Female,3335.0
18605,26-35,Male,5987.0
18606,46-55,Male,10203.0
18607,36-45,Female,4308.0
18608,18-25,Male,4089.0
18609,26-35,Female,7994.0
18610,36-45,Female,15592.0
18611,26-35,Male,10472.0
18612,46-55,Female,7139.0
18613,26-35,Male,11640.0
18614,65+,Female,2746.0
18615,26-35,Male,6869.0
18616,46-55,Female,4738.0
18617,36-45,Male,4941.0
18618,36-45,Female,5004.0
18619,46-55,Male,9155.0
18620,46-55,Male,8865.0
18621,26-35,Male,2337.0
18622,26-35,Male,3918.0
18623,18-25,Male,1910.0
18624,46-55,Female,4238.0
18625,36-45,Male,4040.0
18626,18-25,Female,1254.0
18627,36-45,Male,3017.0
18628,18-25,Male,1279.0
18629,36-45,Male,10269.0
18630,26-35,Male,3735.0
18631,26-35,Female,6452.0
18632,36-45,Male,3790.0
18633,36-45,Male,9817.0
18634,18-25,Male,6380.0
18635,26-35,Female,2026.0
18636,36-45,Female,10740.0
18637,26-35,Male,3286.0
18638,56-65,Male,5436.0
18639,36-45,Male,14162.0
18640,46-55,Male,5677.0
18641,36-45,Male,2511.0
18642,36-45,Male,24436.0
18643,18-25,Male,5307.0
18644,26-35,Male,2271.0
18645,56-65,Female,12932.0
18646,36-45,Male,13388.0
18647,65+,Male,3698.0
18648,36-45,Male,9227.0
18649,18-25,Male,6075.0
18650,26-35,Male,3634.0
18651,26-35,Male,7415.0
18652,26-35,Male,5170.0
18653,65+,Male,1826.0
18654,18-25,Male,1726.0
18655,65+,Male,6377.0
18656,36-45,Female,4316.0
18657,26-35,Female,2547.0
18658,26-35,Female,6125.0
18659,26-35,Male,1995.0
18660,36-45,Male,13184.0
18661,46-55,Female,16470.0
18662,65+,Male,10013.0
18663,26-35,Female,6040.0
18664,36-45,Female,4580.0
18665,18-25,Female,1932.0
18666,36-45,Male,4390.0
18667,36-45,Female,4368.0
18668,26-35,Female,7964.0
18669,26-35,Male,3915.0
18670,26-35,Female,3614.0
18671,18-25,Female,2873.0
18672,46-55,Female,3833.0
18673,46-55,Male,5881.0
18674,46-55,Male,6224.0
18675,26-35,Male,4344.0
18676,65+,Male,6466.0
18677,18-25,Male,3481.0
18678,46-55,Male,13147.0
18679,26-35,Male,8955.0
18680,46-55,Female,7087.0
18681,56-65,Male,13777.0
18682,46-55,Male,8389.0
18683,18-25,Male,1171.0
18684,56-65,Male,5372.0
18685,36-45,Male,6277.0
18686,65+,Male,6213.0
18687,46-55,Male,13052.0
18688,36-45,Male,6436.0
18689,26-35,Male,5438.0
18690,46-55,Male,8357.0
18691,18-25,Female,2819.0
18692,18-25,Female,1691.0
18693,36-45,Female,11632.0
18694,56-65,Female,3827.0
18695,56-65,Male,9289.0
18696,36-45,Female,4410.0
18697,46-55,Male,10048.0
18698,36-45,Male,10325.0
18699,56-65,Male,13881.0
18700,36-45,Female,4430.0
18701,46-55,Male,7925.0
18702,18-25,Male,1802.0
18703,18-25,Female,1071.0
18704,56-65,Male,10051.0
18705,56-65,Female,4559.0
18706,26-35,Female,6694.0
18707,26-35,Male,3398.0
18708,18-25,Male,1188.0
18709,26-35,Female,10265.0
18710,65+,Female,2495.0
18711,46-55,Male,5395.0
18712,36-45,Male,2191.0
18713,36-45,Female,13121.0
18714,46-55,Female,7988.0
18715,36-45,Male,9556.0
18716,26-35,Male,1365.0
18717,36-45,Female,17404.0
18718,56-65,Male,8275.0
18719,26-35,Male,5878.0
18720,26-35,Male,2170.0
18721,36-45,Male,17523.0
18722,26-35,Female,21580.0
18723,26-35,Female,6246.0
18724,26-35,Male,4003.0
18725,36-45,Female,3196.0
18726,26-35,Male,2002.0
18727,26-35,Male,1977.0
18728,26-35,Male,5450.0
18729,46-55,Male,25135.0
18730,56-65,Female,12634.0
18731,26-35,Male,2608.0
18732,56-65,Female,5880.0
18733,26-35,Male,6710.0
18734,65+,Female,3347.0
18735,36-45,Male,14292.0
18736,36-45,Male,14020.0
18737,56-65,Male,5787.0
18738,18-25,Male,1892.0
18739,36-45,Male,4912.0
18740,26-35,Male,6694.0
18741,18-25,Female,4770.0
18742,18-25,Male,1475.0
18743,26-35,Male,5509.0
18744,26-35,Male,4204.0
18745,26-35,Female,3239.0
18746,36-45,Female,9444.0
18747,56-65,Male,6767.0
18748,36-45,Female,7725.0
18749,56-65,Male,4757.0
18750,26-35,Female,5130.0
18751,18-25,Male,1446.0
18752,65+,Male,3257.0
18753,36-45,Female,9167.0
18754,46-55,Male,5833.0
18755,18-25,Male,2119.0
18756,18-25,Female,1271.0
18757,36-45,Male,6689.0
18758,26-35,Male,3719.0
18759,26-35,Male,5102.0
18760,36-45,Female,4577.0
18761,26-35,Male,2408.0
18762,56-65,Male,16331.0
18763,36-45,Male,6540.0
18764,46-55,Male,13350.0
18765,26-35,Female,4009.0
18766,65+,Male,2028.0
18767,36-45,Male,3119.0
18768,46-55,Male,6367.0
18769,26-35,Female,3190.0
18770,26-35,Male,2673.0
18771,65+,Male,3221.0
18772,26-35,Male,3868.0
18773,36-45,Female,13671.0
18774,26-35,Male,1621.0
18775,46-55,Male,10530.0
18776,26-35,Female,10222.0
18777,26-35,Male,1392.0
18778,26-35,Male,7756.0
18779,26-35,Male,6068.0
18780,26-35,Male,3708.0
18781,46-55,Male,4077.0
18782,46-55,Female,9867.0
18783,26-35,Male,7232.0
18784,46-55,Male,9731.0
18785,26-35,Male,3905.0
18786,36-45,Male,6019.0
18787,26-35,Male,8287.0
18788,26-35,Male,3725.0
18789,26-35,Male,3448.0
18790,26-35,Male,5315.0
18791,26-35,Male,2819.0
18792,36-45,Male,13385.0
18793,46-55,Male,5554.0
18794,26-35,Male,3828.0
18795,56-65,Male,27453.0
18796,36-45,Male,6805.0
18797,56-65,Male,4493.0
18798,26-35,Female,3378.0
18799,36-45,Male,15346.0
18800,26-35,Male,10960.0
18801,36-45,Male,9978.0
18802,36-45,Male,20851.0
18803,18-25,Male,1735.0
18804,36-45,Female,11322.0
18805,36-45,Male,5740.0
18806,56-65,Male,5188.0
18807,65+,Female,5097.0
18808,26-35,Male,3271.0
18809,36-45,Male,7387.0
18810,36-45,Male,31111.0
18811,46-55,Female,18325.0
18812,46-55,Male,8557.0
18813,18-25,Male,3036.0
18814,36-45,Female,3244.0
18815,18-25,Male,1540.0
18816,26-35,Male,2511.0
18817,26-35,Male,4928.0
18818,46-55,Female,11242.0
18819,26-35,Male,3344.0
18820,36-45,Male,3955.0
18821,26-35,Male,4833.0
18822,26-35,Male,2790.0
18823,26-35,Female,3405.0
18824,36-45,Male,8278.0
18825,36-45,Male,7076.0
18826,65+,Male,3759.0
18827,46-55,Male,18086.0
18828,26-35,Female,2445.0
18829,26-35,Female,3843.0
18830,26-35,Female,4430.0
18831,18-25,Male,5828.0
18832,18-25,Male,3169.0
18833,26-35,Male,6488.0
18834,26-35,Male,10045.0
18835,56-65,Male,6644.0
18836,65+,Female,2615.0
18837,18-25,Female,2057.0
18838,36-45,Male,8758.0
18839,46-55,Male,5437.0
18840,36-45,Male,2325.0
18841,18-25,Male,3917.0
18842,65+,Male,3963.0
18843,26-35,Female,12493.0
18844,46-55,Male,11370.0
18845,56-65,Female,7321.0
18846,18-25,Male,697.0
18847,36-45,Male,5147.0
18848,46-55,Male,5777.0
18849,36-45,Male,2615.0
18850,36-45,Male,4428.0
18851,36-45,Male,2774.0
18852,18-25,Male,719.0
18853,46-55,Male,3998.0
18854,36-45,Male,4352.0
18855,56-65,Male,5521.0
18856,18-25,Male,3023.0
18857,26-35,Male,6450.0
18858,36-45,Male,7825.0
18859,36-45,Male,3846.0
18860,36-45,Male,10022.0
18861,36-45,Female,3107.0
18862,46-55,Male,5142.0
18863,26-35,Female,4528.0
18864,18-25,Male,2139.0
18865,26-35,Male,4512.0
18866,36-45,Female,12205.0
18867,46-55,Male,22986.0
18868,26-35,Female,6111.0
18869,46-55,Female,5853.0
18870,56-65,Male,5425.0
18871,36-45,Male,4480.0
18872,18-25,Male,860.0
18873,26-35,Male,3371.0
18874,36-45,Female,8630.0
18875,36-45,Female,6580.0
18876,46-55,Male,18146.0
18877,46-55,Male,6811.0
18878,26-35,Male,2710.0
18879,26-35,Female,2675.0
18880,36-45,Female,8178.0
18881,46-55,Male,6214.0
18882,26-35,Male,2451.0
18883,56-65,Female,2841.0
18884,36-45,Female,3559.0
18885,36-45,Male,5188.0
18886,56-65,Male,8480.0
18887,26-35,Female,3180.0
18888,36-45,Male,3805.0
18889,36-45,Male,9630.0
18890,26-35,Male,2913.0
18891,65+,Male,3375.0
18892,36-45,Male,11828.0
18893,26-35,Female,2946.0
18894,36-45,Male,8317.0
18895,36-45,Female,9479.0
18896,36-45,Male,4202.0
18897,26-35,Female,8514.0
18898,36-45,Male,7621.0
18899,46-55,Male,5375.0
18900,18-25,Male,2457.0
18901,18-25,Female,1669.0
18902,26-35,Female,2747.0
18903,65+,Male,4793.0
18904,36-45,Male,9865.0
18905,36-45,Male,5010.0
18906,26-35,Male,6199.0
18907,56-65,Female,8635.0
18908,36-45,Female,4390.0
18909,26-35,Female,5413.0
18910,26-35,Male,3842.0
18911,26-35,Male,3032.0
18912,36-45,Male,7649.0
18913,18-25,Male,8905.0
18914,36-45,Male,9359.0
18915,36-45,Male,7114.0
18916,36-45,Male,10653.0
18917,26-35,Female,5336.0
18918,26-35,Male,3127.0
18919,56-65,Male,5924.0
18920,26-35,Male,5158.0
18921,36-45,Male,5003.0
18922,36-45,Male,4791.0
18923,46-55,Female,38224.0
18924,18-25,Female,2095.0
18925,46-55,Female,8838.0
18926,46-55,Male,9479.0
18927,26-35,Male,3116.0
18928,56-65,Male,3244.0
18929,46-55,Female,5009.0
18930,46-55,Male,14165.0
18931,18-25,Male,1032.0
18932,65+,Male,8528.0
18933,56-65,Male,7927.0
18934,26-35,Male,3691.0
18935,26-35,Male,5352.0
18936,36-45,Male,9470.0
18937,36-45,Male,12514.0
18938,46-55,Male,12893.0
18939,36-45,Male,3323.0
18940,46-55,Male,7474.0
18941,26-35,Female,4227.0
18942,18-25,Male,2452.0
18943,46-55,Male,10040.0
18944,36-45,Male,11348.0
18945,18-25,Male,2303.0
18946,26-35,Female,4069.0
18947,18-25,Male,1354.0
18948,26-35,Female,3414.0
18949,56-65,Female,11074.0
18950,26-35,Male,10220.0
18951,56-65,Male,6513.0
18952,36-45,Female,6268.0
18953,46-55,Female,11826.0
18954,26-35,Male,3741.0
18955,26-35,Male,7104.0
18956,26-35,Male,2013.0
18957,36-45,Male,2937.0
18958,36-45,Male,9258.0
18959,65+,Male,5346.0
18960,46-55,Male,12532.0
18961,36-45,Male,2587.0
18962,36-45,Male,13978.0
18963,18-25,Female,1020.0
18964,36-45,Male,19416.0
18965,46-55,Female,12422.0
18966,56-65,Male,11090.0
18967,46-55,Male,14245.0
18968,26-35,Male,5133.0
18969,26-35,Male,4982.0
18970,46-55,Male,6455.0
18971,36-45,Male,7051.0
18972,26-35,Male,1915.0
18973,46-55,Male,11352.0
18974,36-45,Female,5032.0
18975,26-35,Male,2834.0
18976,36-45,Male,4951.0
18977,26-35,Male,5051.0
18978,18-25,Male,2014.0
18979,46-55,Male,4695.0
18980,26-35,Male,4647.0
18981,56-65,Male,5758.0
18982,18-25,Male,6897.0
18983,18-25,Male,2340.0
18984,56-65,Male,4093.0
18985,26-35,Male,9627.0
18986,36-45,Male,8077.0
18987,46-55,Male,7820.0
18988,36-45,Male,4345.0
18989,36-45,Female,5857.0
18990,36-45,Male,6084.0
18991,26-35,Male,4476.0
18992,36-45,Male,3612.0
18993,26-35,Male,6769.0
18994,36-45,Male,6113.0
18995,26-35,Male,4947.0
18996,36-45,Female,20980.0
18997,46-55,Male,14542.0
18998,56-65,Female,3590.0
18999,18-25,Male,1038.0
19000,36-45,Female,8573.0
19001,36-45,Male,3682.0
19002,36-45,Male,7679.0
19003,26-35,Male,3182.0
19004,36-45,Male,2766.0
19005,26-35,Male,5800.0
19006,26-35,Female,8923.0
19007,26-35,Male,5514.0
19008,26-35,Male,3229.0
19009,26-35,Female,6395.0
19010,36-45,Female,5410.0
19011,56-65,Female,17788.0
19012,46-55,Female,11148.0
19013,46-55,Male,4334.0
19014,36-45,Male,10244.0
19015,26-35,Female,3775.0
19016,56-65,Male,9165.0
19017,46-55,Male,4539.0
19018,65+,Male,5540.0
19019,26-35,Male,1458.0
19020,56-65,Female,9347.0
19021,26-35,Male,17218.0
19022,56-65,Female,2990.0
19023,26-35,Female,4422.0
19024,46-55,Male,11277.0
19025,36-45,Male,3003.0
19026,56-65,Male,4827.0
19027,18-25,Male,1782.0
19028,46-55,Male,10047.0
19029,36-45,Female,3073.0
19030,26-35,Male,3816.0
19031,56-65,Male,17704.0
19032,26-35,Female,3865.0
19033,26-35,Male,5602.0
19034,65+,Male,4477.0
19035,56-65,Male,12713.0
19036,26-35,Male,3847.0
19037,36-45,Male,10258.0
19038,36-45,Male,4999.0
19039,18-25,Male,1611.0
19040,18-25,Male,879.0
19041,65+,Male,8193.0
19042,26-35,Male,3457.0
19043,46-55,Male,13918.0
19044,56-65,Male,5933.0
19045,26-35,Male,1602.0
19046,46-55,Male,3785.0
19047,26-35,Male,6936.0
19048,26-35,Female,2900.0
19049,36-45,Male,4589.0
19050,36-45,Male,5016.0
19051,18-25,Male,1395.0
19052,36-45,Female,11842.0
19053,36-45,Female,6898.0
19054,26-35,Female,2546.0
19055,26-35,Male,1945.0
19056,26-35,Female,1286.0
19057,26-35,Male,4464.0
19058,36-45,Female,12550.0
19059,26-35,Male,8500.0
19060,36-45,Female,6606.0
19061,36-45,Male,3733.0
19062,26-35,Male,2461.0
19063,36-45,Female,13848.0
19064,26-35,Female,3463.0
19065,26-35,Male,3114.0
19066,26-35,Male,11259.0
19067,36-45,Male,7020.0
19068,26-35,Male,5313.0
19069,26-35,Male,8002.0
19070,26-35,Female,4621.0
19071,36-45,Male,4453.0
19072,46-55,Male,12820.0
19073,36-45,Male,8067.0
19074,36-45,Male,3696.0
19075,36-45,Male,4281.0
19076,56-65,Female,3994.0
19077,46-55,Male,10099.0
19078,36-45,Male,2975.0
19079,36-45,Male,10751.0
19080,36-45,Male,3541.0
19081,26-35,Male,3714.0
19082,26-35,Male,3425.0
19083,56-65,Female,5399.0
19084,36-45,Male,4807.0
19085,56-65,Male,8928.0
19086,26-35,Female,7819.0
19087,18-25,Male,2605.0
19088,36-45,Female,4607.0
19089,36-45,Male,4724.0
19090,46-55,Male,8440.0
19091,36-45,Male,6942.0
19092,36-45,Female,14762.0
19093,46-55,Male,8072.0
19094,26-35,Male,5665.0
19095,18-25,Male,1889.0
19096,36-45,Male,3318.0
19097,56-65,Female,2627.0
19098,26-35,Male,4914.0
19099,36-45,Male,5378.0
19100,18-25,Male,1135.0
19101,36-45,Male,5676.0
19102,36-45,Female,5399.0
19103,26-35,Male,2395.0
19104,46-55,Male,4612.0
19105,46-55,Female,10879.0
19106,36-45,Male,8289.0
19107,46-55,Male,10308.0
19108,56-65,Male,14543.0
19109,36-45,Male,16135.0
19110,46-55,Female,16045.0
19111,36-45,Female,3906.0
19112,26-35,Male,4717.0
19113,26-35,Female,19063.0
19114,56-65,Male,8486.0
19115,18-25,Male,1785.0
19116,26-35,Male,4344.0
19117,26-35,Male,5155.0
19118,65+,Male,4611.0
19119,26-35,Female,7353.0
19120,36-45,Male,9342.0
19121,26-35,Female,2408.0
19122,26-35,Male,2774.0
19123,26-35,Male,2699.0
19124,26-35,Male,2028.0
19125,26-35,Male,2098.0
19126,18-25,Male,4394.0
19127,56-65,Female,5014.0
19128,18-25,Male,4923.0
19129,56-65,Female,29060.0
19130,26-35,Female,21977.0
19131,26-35,Male,1749.0
19132,36-45,Male,7666.0
19133,36-45,Male,7374.0
19134,56-65,Male,15516.0
19135,18-25,Male,3454.0
19136,46-55,Female,5812.0
19137,26-35,Male,3917.0
19138,26-35,Male,5212.0
19139,36-45,Male,9922.0
19140,46-55,Female,12960.0
19141,56-65,Male,7157.0
19142,36-45,Female,17477.0
19143,26-35,Male,14411.0
19144,65+,Female,2093.0
19145,26-35,Male,4523.0
19146,36-45,Male,3282.0
19147,56-65,Female,8210.0
19148,18-25,Female,2365.0
19149,36-45,Male,1817.0
19150,36-45,Female,14673.0
19151,36-45,Male,6973.0
19152,36-45,Female,5656.0
19153,46-55,Female,9986.0
19154,56-65,Female,29195.0
19155,26-35,Male,1643.0
19156,18-25,Male,986.0
19157,26-35,Male,2098.0
19158,18-25,Male,5407.0
19159,56-65,Male,13036.0
19160,26-35,Male,2492.0
19161,56-65,Female,5169.0
19162,65+,Male,7870.0
19163,26-35,Male,8876.0
19164,46-55,Male,6088.0
19165,26-35,Female,2082.0
19166,26-35,Male,1850.0
19167,46-55,Female,4273.0
19168,46-55,Male,10114.0
19169,36-45,Male,18707.0
19170,46-55,Male,7832.0
19171,26-35,Male,3561.0
19172,36-45,Female,5004.0
19173,36-45,Male,4967.0
19174,56-65,Male,8851.0
19175,26-35,Female,4171.0
19176,46-55,Male,6160.0
19177,56-65,Male,26955.0
19178,36-45,Male,5810.0
19179,26-35,Male,2771.0
19180,26-35,Male,7918.0
19181,36-45,Female,7128.0
19182,26-35,Male,2437.0
19183,46-55,Female,8016.0
19184,46-55,Male,9417.0
19185,56-65,Male,13826.0
19186,65+,Male,5063.0
19187,18-25,Female,972.0
19188,36-45,Female,17011.0
19189,36-45,Female,3735.0
19190,26-35,Female,6231.0
19191,36-45,Male,5118.0
19192,36-45,Male,6176.0
19193,26-35,Female,6042.0
19194,36-45,Male,9715.0
19195,36-45,Male,8342.0
19196,56-65,Male,6303.0
19197,56-65,Male,11771.0
19198,56-65,Male,9621.0
19199,26-35,Male,2995.0
19200,36-45,Female,7010.0
19201,56-65,Male,7611.0
19202,36-45,Female,7684.0
19203,26-35,Male,3472.0
19204,26-35,Male,3338.0
19205,65+,Male,2102.0
19206,36-45,Male,2670.0
19207,26-35,Male,1772.0
19208,65+,Male,17615.0
19209,26-35,Female,8009.0
19210,36-45,Male,12849.0
19211,26-35,Female,3858.0
19212,46-55,Female,28715.0
19213,46-55,Female,11783.0
19214,46-55,Male,8720.0
19215,26-35,Female,2026.0
19216,36-45,Female,8091.0
19217,36-45,Female,15330.0
19218,26-35,Male,2486.0
19219,46-55,Male,11379.0
19220,18-25,Male,2027.0
19221,26-35,Male,2187.0
19222,26-35,Male,5850.0
19223,26-35,Female,2556.0
19224,46-55,Male,9073.0
19225,18-25,Male,3706.0
19226,46-55,Male,4901.0
19227,26-35,Male,3400.0
19228,26-35,Male,4842.0
19229,26-35,Male,3769.0
19230,26-35,Male,6494.0
19231,36-45,Male,9782.0
19232,46-55,Male,9515.0
19233,26-35,Male,5970.0
19234,26-35,Male,10935.0
19235,46-55,Male,3270.0
19236,56-65,Male,4890.0
19237,18-25,Female,1227.0
19238,36-45,Male,13055.0
19239,26-35,Male,2633.0
19240,26-35,Female,5299.0
19241,56-65,Male,6786.0
19242,46-55,Female,7311.0
19243,46-55,Male,5562.0
19244,26-35,Female,4158.0
19245,36-45,Female,7454.0
19246,26-35,Male,7985.0
19247,18-25,Male,1341.0
19248,26-35,Male,3148.0
19249,36-45,Male,7401.0
19250,26-35,Male,2647.0
19251,65+,Male,13383.0
19252,36-45,Male,3599.0
19253,46-55,Female,10286.0
19254,46-55,Male,3766.0
19255,36-45,Female,8144.0
19256,26-35,Female,3583.0
19257,46-55,Male,6805.0
19258,56-65,Male,20474.0
19259,26-35,Male,2984.0
19260,18-25,Male,5398.0
19261,26-35,Male,2860.0
19262,18-25,Male,3356.0
19263,18-25,Female,1005.0
19264,36-45,Male,6308.0
19265,36-45,Female,9602.0
19266,46-55,Male,5211.0
19267,46-55,Female,10579.0
19268,26-35,Male,2823.0
19269,36-45,Male,10352.0
19270,36-45,Female,12587.0
19271,26-35,Male,2086.0
19272,26-35,Male,9485.0
19273,36-45,Male,10926.0
19274,26-35,Male,5799.0
19275,26-35,Male,5844.0
19276,36-45,Male,4583.0
19277,65+,Female,8525.0
19278,18-25,Male,2941.0
19279,26-35,Male,2898.0
19280,46-55,Male,8134.0
19281,26-35,Male,4690.0
19282,36-45,Male,4176.0
19283,26-35,Male,4200.0
19284,26-35,Male,4226.0
19285,26-35,Female,13027.0
19286,36-45,Male,2998.0
19287,26-35,Male,6830.0
19288,26-35,Male,1996.0
19289,36-45,Male,5591.0
19290,36-45,Male,1978.0
19291,26-35,Male,3838.0
19292,36-45,Female,9244.0
19293,36-45,Male,8438.0
19294,65+,Male,1902.0
19295,36-45,Male,4316.0
19296,36-45,Male,6404.0
19297,56-65,Male,6684.0
19298,26-35,Female,3008.0
19299,36-45,Male,8569.0
19300,56-65,Male,5939.0
19301,56-65,Male,9421.0
19302,26-35,Male,2709.0
19303,26-35,Male,2519.0
19304,36-45,Male,11095.0
19305,36-45,Male,9477.0
19306,26-35,Female,4611.0
19307,36-45,Female,10201.0
19308,56-65,Male,8247.0
19309,26-35,Female,4916.0
19310,46-55,Male,9095.0
19311,26-35,Male,1953.0
19312,26-35,Male,5482.0
19313,36-45,Male,6031.0
19314,26-35,Male,2385.0
19315,36-45,Female,10538.0
19316,56-65,Female,5857.0
19317,46-55,Male,7605.0
19318,26-35,Male,6374.0
19319,36-45,Male,5847.0
19320,46-55,Male,8135.0
19321,26-35,Male,4690.0
19322,36-45,Male,5482.0
19323,46-55,Male,5518.0
19324,26-35,Male,1162.0
19325,36-45,Female,4546.0
19326,46-55,Male,5906.0
19327,26-35,Female,2028.0
19328,36-45,Female,16264.0
19329,18-25,Male,2587.0
19330,26-35,Male,6759.0
19331,36-45,Female,8018.0
19332,26-35,Female,2844.0
19333,18-25,Male,2047.0
19334,36-45,Male,7273.0
19335,56-65,Female,3088.0
19336,26-35,Male,3520.0
19337,26-35,Male,8523.0
19338,46-55,Male,10052.0
19339,36-45,Male,5332.0
19340,36-45,Female,4570.0
19341,26-35,Female,4105.0
19342,18-25,Male,1839.0
19343,36-45,Male,5511.0
19344,18-25,Male,1242.0
19345,36-45,Female,19164.0
19346,26-35,Male,4191.0
19347,18-25,Female,1509.0
19348,36-45,Male,21649.0
19349,18-25,Male,1864.0
19350,18-25,Female,2762.0
19351,65+,Male,3765.0
19352,36-45,Male,6959.0
19353,56-65,Male,15860.0
19354,26-35,Female,4243.0
19355,26-35,Male,3653.0
19356,36-45,Male,6615.0
19357,56-65,Male,8380.0
19358,56-65,Male,12620.0
19359,26-35,Female,5768.0
19360,18-25,Female,1324.0
19361,26-35,Male,10192.0
19362,26-35,Male,3468.0
19363,36-45,Male,9530.0
19364,18-25,Male,1119.0
19365,36-45,Male,2961.0
19366,65+,Male,3816.0
19367,46-55,Male,6649.0
19368,26-35,Male,3208.0
19369,36-45,Male,8346.0
19370,36-45,Male,14862.0
19371,26-35,Male,2508.0
19372,36-45,Male,3939.0
19373,26-35,Male,4656.0
19374,26-35,Male,4016.0
19375,26-35,Female,3368.0
19376,56-65,Male,7485.0
19377,36-45,Female,13017.0
19378,26-35,Female,5344.0
19379,36-45,Male,8011.0
19380,56-65,Male,6541.0
19381,26-35,Male,3603.0
19382,36-45,Male,3358.0
19383,18-25,Male,863.0
19384,46-55,Female,7068.0
19385,26-35,Male,3199.0
19386,46-55,Male,7688.0
19387,46-55,Female,8341.0
19388,26-35,Male,2738.0
19389,36-45,Male,4944.0
19390,36-45,Male,27729.0
19391,36-45,Male,9847.0
19392,36-45,Male,5107.0
19393,26-35,Male,6697.0
19394,36-45,Male,4311.0
19395,18-25,Male,6842.0
19396,56-65,Male,10966.0
19397,26-35,Male,2499.0
19398,26-35,Male,3867.0
19399,65+,Female,7425.0
19400,26-35,Female,8028.0
19401,36-45,Male,4878.0
19402,36-45,Female,7095.0
19403,18-25,Female,4735.0
19404,26-35,Female,3490.0
19405,36-45,Male,9945.0
19406,26-35,Male,3337.0
19407,26-35,Female,7453.0
19408,26-35,Male,4717.0
19409,26-35,Female,2302.0
19410,26-35,Female,4178.0
19411,26-35,Male,4903.0
19412,26-35,Male,8546.0
19413,46-55,Male,9343.0
19414,65+,Male,4071.0
19415,56-65,Female,11242.0
19416,36-45,Female,5933.0
19417,46-55,Male,4886.0
19418,36-45,Male,11260.0
19419,36-45,Female,9936.0
19420,36-45,Male,12460.0
19421,56-65,Male,3345.0
19422,56-65,Female,5012.0
19423,56-65,Male,5522.0
19424,18-25,Female,2650.0
19425,36-45,Male,5631.0
19426,26-35,Male,2819.0
19427,26-35,Male,4877.0
19428,46-55,Male,5869.0
19429,26-35,Male,5775.0
19430,26-35,Female,5945.0
19431,56-65,Male,7780.0
19432,18-25,Male,2611.0
19433,26-35,Male,1284.0
19434,46-55,Female,9106.0
19435,26-35,Male,3921.0
19436,36-45,Male,12972.0
19437,56-65,Female,8150.0
19438,65+,Male,2385.0
19439,36-45,Male,7826.0
19440,26-35,Male,4132.0
19441,46-55,Female,5858.0
19442,36-45,Male,11554.0
19443,36-45,Male,5950.0
19444,36-45,Male,3573.0
19445,65+,Male,3655.0
19446,46-55,Male,12453.0
19447,26-35,Female,3243.0
19448,56-65,Female,1477.0
19449,36-45,Female,3034.0
19450,26-35,Male,6643.0
19451,26-35,Male,4043.0
19452,26-35,Male,4392.0
19453,36-45,Male,8154.0
19454,36-45,Male,2739.0
19455,18-25,Male,3713.0
19456,18-25,Female,3817.0
19457,36-45,Male,6718.0
19458,56-65,Male,5240.0
19459,26-35,Female,4940.0
19460,46-55,Male,8935.0
19461,36-45,Male,7570.0
19462,26-35,Male,5201.0
19463,36-45,Female,5888.0
19464,18-25,Male,2852.0
19465,18-25,Female,2586.0
19466,46-55,Male,5318.0
19467,18-25,Male,1885.0
19468,36-45,Male,11686.0
19469,26-35,Male,2505.0
19470,56-65,Male,10123.0
19471,36-45,Male,5690.0
19472,26-35,Female,6841.0
19473,46-55,Male,5862.0
19474,36-45,Female,4280.0
19475,46-55,Male,7252.0
19476,18-25,Male,3583.0
19477,36-45,Male,5633.0
19478,18-25,Male,1788.0
19479,56-65,Male,4370.0
19480,18-25,Female,1080.0
19481,46-55,Female,14691.0
19482,46-55,Female,11589.0
19483,18-25,Male,1879.0
19484,18-25,Male,729.0
19485,46-55,Male,4461.0
19486,26-35,Male,4065.0
19487,26-35,Male,14532.0
19488,26-35,Female,4247.0
19489,26-35,Male,4101.0
19490,36-45,Male,5791.0
19491,18-25,Male,2687.0
19492,26-35,Male,19262.0
19493,26-35,Male,3877.0
19494,46-55,Female,8213.0
19495,18-25,Male,12086.0
19496,56-65,Male,6916.0
19497,36-45,Male,10035.0
19498,26-35,Female,2752.0
19499,26-35,Male,5626.0
19500,36-45,Male,5788.0
19501,26-35,Male,4444.0
19502,56-65,Male,6936.0
19503,36-45,Female,7782.0
19504,36-45,Female,5187.0
19505,26-35,Male,7195.0
19506,26-35,Female,5340.0
19507,26-35,Male,2463.0
19508,26-35,Male,4032.0
19509,36-45,Female,6404.0
19510,26-35,Male,3553.0
19511,26-35,Male,2282.0
19512,46-55,Female,11100.0
19513,26-35,Female,3641.0
19514,46-55,Male,5520.0
19515,56-65,Male,5490.0
19516,26-35,Female,5878.0
19517,26-35,Male,9332.0
19518,46-55,Male,17722.0
19519,26-35,Male,3061.0
19520,26-35,Female,2668.0
19521,36-45,Female,12397.0
19522,36-45,Male,11858.0
19523,36-45,Male,10179.0
19524,26-35,Male,2874.0
19525,26-35,Female,6934.0
19526,65+,Female,4270.0
19527,46-55,Male,5463.0
19528,46-55,Male,6241.0
19529,26-35,Male,5510.0
19530,26-35,Male,1262.0
19531,46-55,Male,6911.0
19532,36-45,Female,16681.0
19533,26-35,Male,10300.0
19534,36-45,Male,7374.0
19535,46-55,Female,8394.0
19536,26-35,Male,3599.0
19537,18-25,Male,1258.0
19538,46-55,Male,2207.0
19539,36-45,Female,9393.0
19540,46-55,Female,11037.0
19541,26-35,Male,3831.0
19542,18-25,Female,1290.0
19543,26-35,Female,3201.0
19544,46-55,Male,11180.0
19545,18-25,Female,1649.0
19546,26-35,Male,3454.0
19547,46-55,Male,6997.0
19548,26-35,Female,5985.0
19549,26-35,Male,5220.0
19550,18-25,Male,1535.0
19551,36-45,Female,6374.0
19552,46-55,Female,3821.0
19553,36-45,Male,4197.0
19554,36-45,Male,10740.0
19555,18-25,Male,1325.0
19556,26-35,Female,2658.0
19557,65+,Male,2889.0
19558,36-45,Male,6088.0
19559,18-25,Female,1280.0
19560,18-25,Female,1794.0
19561,26-35,Male,2085.0
19562,26-35,Male,3846.0
19563,36-45,Male,18599.0
19564,46-55,Female,10277.0
19565,36-45,Female,7740.0
19566,26-35,Male,7947.0
19567,36-45,Female,9289.0
19568,36-45,Male,6956.0
19569,18-25,Male,4171.0
19570,26-35,Male,6969.0
19571,65+,Female,4723.0
19572,18-25,Male,2912.0
19573,26-35,Female,4297.0
19574,26-35,Male,7193.0
19575,26-35,Female,9890.0
19576,65+,Male,7045.0
19577,46-55,Male,17200.0
19578,18-25,Female,5848.0
19579,26-35,Female,9552.0
19580,18-25,Male,1347.0
19581,46-55,Male,9930.0
19582,36-45,Male,12417.0
19583,56-65,Male,11581.0
19584,36-45,Male,8372.0
19585,18-25,Male,2606.0
19586,26-35,Male,4851.0
19587,56-65,Male,18353.0
19588,26-35,Male,28560.0
19589,26-35,Male,16332.0
19590,26-35,Male,6949.0
19591,46-55,Male,9544.0
19592,46-55,Male,20503.0
19593,18-25,Male,2282.0
19594,26-35,Female,1059.0
19595,46-55,Male,26463.0
19596,56-65,Male,3790.0
19597,36-45,Female,2671.0
19598,36-45,Male,4281.0
19599,26-35,Male,12349.0
19600,26-35,Female,4111.0
19601,36-45,Male,5134.0
19602,26-35,Male,4499.0
19603,36-45,Male,3109.0
19604,36-45,Female,3365.0
19605,26-35,Female,1558.0
19606,46-55,Female,6101.0
19607,56-65,Male,3802.0
19608,36-45,Male,4143.0
19609,46-55,Male,12056.0
19610,26-35,Female,2190.0
19611,36-45,Male,6757.0
19612,36-45,Female,7120.0
19613,26-35,Male,4902.0
19614,46-55,Male,6581.0
19615,36-45,Male,3607.0
19616,36-45,Male,2936.0
19617,46-55,Female,6047.0
19618,18-25,Female,1696.0
19619,46-55,Male,4615.0
19620,26-35,Male,6118.0
19621,56-65,Male,4566.0
19622,18-25,Male,1143.0
19623,18-25,Male,2674.0
19624,36-45,Male,10554.0
19625,36-45,Male,4133.0
19626,56-65,Male,11306.0
19627,36-45,Female,3444.0
19628,46-55,Female,2422.0
19629,56-65,Male,3963.0
19630,46-55,Male,3675.0
19631,26-35,Male,3985.0
19632,36-45,Male,5858.0
19633,65+,Male,3358.0
19634,26-35,Male,3113.0
19635,26-35,Male,4870.0
19636,36-45,Male,11779.0
19637,56-65,Female,6853.0
19638,36-45,Male,3373.0
19639,36-45,Female,6411.0
19640,46-55,Male,6125.0
19641,56-65,Male,8367.0
19642,36-45,Male,6834.0
19643,46-55,Female,16420.0
19644,26-35,Male,1715.0
19645,46-55,Male,4243.0
19646,26-35,Male,3431.0
19647,26-35,Male,1719.0
19648,26-35,Male,2680.0
19649,36-45,Male,8409.0
19650,65+,Male,2038.0
19651,36-45,Male,5081.0
19652,36-45,Male,9269.0
19653,36-45,Male,16994.0
19654,36-45,Female,15782.0
19655,26-35,Male,3073.0
19656,26-35,Male,4295.0
19657,18-25,Male,4560.0
19658,18-25,Female,1243.0
19659,26-35,Male,3506.0
19660,26-35,Male,2675.0
19661,26-35,Male,2980.0
19662,36-45,Male,30246.0
19663,18-25,Male,1496.0
19664,56-65,Male,9947.0
19665,18-25,Female,1604.0
19666,26-35,Male,3627.0
19667,18-25,Male,914.0
19668,26-35,Male,6300.0
19669,56-65,Male,6688.0
19670,26-35,Male,3577.0
19671,18-25,Male,3825.0
19672,18-25,Male,2444.0
19673,36-45,Male,2848.0
19674,36-45,Male,1028.0
19675,26-35,Male,5437.0
19676,46-55,Male,6380.0
19677,46-55,Male,19061.0
19678,26-35,Male,15890.0
19679,26-35,Female,4977.0
19680,46-55,Male,12690.0
19681,46-55,Female,3235.0
19682,36-45,Male,10885.0
19683,26-35,Male,2289.0
19684,26-35,Male,3656.0
19685,36-45,Female,4457.0
19686,36-45,Male,3713.0
19687,56-65,Male,7667.0
19688,56-65,Male,8731.0
19689,46-55,Female,6308.0
19690,36-45,Male,7333.0
19691,26-35,Female,2689.0
19692,46-55,Male,33932.0
19693,56-65,Female,8547.0
19694,46-55,Female,15811.0
19695,56-65,Male,6681.0
19696,36-45,Male,12677.0
19697,26-35,Female,2368.0
19698,26-35,Male,2302.0
19699,46-55,Female,7474.0
19700,36-45,Female,7149.0
19701,26-35,Male,3117.0
19702,36-45,Male,13641.0
19703,18-25,Male,1312.0
19704,26-35,Female,8215.0
19705,36-45,Male,3741.0
19706,26-35,Female,6897.0
19707,36-45,Male,6464.0
19708,26-35,Female,5357.0
19709,56-65,Male,22777.0
19710,26-35,Female,11337.0
19711,56-65,Male,2329.0
19712,36-45,Male,6914.0
19713,56-65,Male,3295.0
19714,36-45,Male,8713.0
19715,18-25,Male,1632.0
19716,36-45,Male,6259.0
19717,56-65,Female,3683.0
19718,46-55,Male,11580.0
19719,26-35,Female,2176.0
19720,18-25,Male,3453.0
19721,56-65,Male,8066.0
19722,36-45,Male,2739.0
19723,26-35,Male,9676.0
19724,65+,Male,2029.0
19725,18-25,Male,7315.0
19726,18-25,Female,1996.0
19727,26-35,Male,4853.0
19728,46-55,Male,11433.0
19729,46-55,Female,5575.0
19730,26-35,Female,7063.0
19731,36-45,Female,6473.0
19732,56-65,Male,1845.0
19733,26-35,Male,4846.0
19734,26-35,Male,6427.0
19735,18-25,Male,1805.0
19736,26-35,Male,2881.0
19737,46-55,Female,7661.0
19738,36-45,Female,4245.0
19739,36-45,Male,11100.0
19740,26-35,Female,8126.0
19741,36-45,Male,6846.0
19742,46-55,Female,7392.0
19743,36-45,Female,3986.0
19744,26-35,Male,3804.0
19745,36-45,Male,6451.0
19746,36-45,Male,5374.0
19747,26-35,Male,2203.0
19748,36-45,Male,3672.0
19749,46-55,Male,14275.0
19750,36-45,Male,9575.0
19751,26-35,Male,9988.0
19752,26-35,Male,7455.0
19753,46-55,Male,12526.0
19754,26-35,Male,3698.0
19755,36-45,Male,9499.0
19756,36-45,Male,4997.0
19757,26-35,Male,4873.0
19758,36-45,Male,6284.0
19759,26-35,Female,1676.0
19760,46-55,Male,9276.0
19761,46-55,Male,3648.0
19762,56-65,Male,6717.0
19763,36-45,Female,10250.0
19764,46-55,Male,10850.0
19765,36-45,Male,4377.0
19766,26-35,Female,3311.0
19767,56-65,Male,3913.0
19768,26-35,Female,8945.0
19769,36-45,Male,4946.0
19770,36-45,Male,16987.0
19771,36-45,Female,11075.0
19772,18-25,Female,1567.0
19773,36-45,Male,7178.0
19774,26-35,Male,3653.0
19775,18-25,Male,1760.0
19776,36-45,Male,4599.0
19777,46-55,Male,12024.0
19778,36-45,Male,3808.0
19779,36-45,Male,4475.0
19780,56-65,Male,10235.0
19781,36-45,Male,5074.0
19782,26-35,Male,4607.0
19783,46-55,Male,15727.0
19784,26-35,Male,4130.0
19785,36-45,Male,9597.0
19786,65+,Male,1748.0
19787,26-35,Female,4811.0
19788,36-45,Male,12619.0
19789,36-45,Male,7363.0
19790,36-45,Male,4059.0
19791,26-35,Female,5813.0
19792,36-45,Male,5066.0
19793,46-55,Male,11925.0
19794,46-55,Female,13532.0
19795,26-35,Female,7773.0
19796,36-45,Male,3253.0
19797,46-55,Female,5812.0
19798,26-35,Female,2325.0
19799,26-35,Male,1982.0
19800,26-35,Male,8778.0
19801,26-35,Female,5939.0
19802,36-45,Female,5770.0
19803,46-55,Male,15457.0
19804,46-55,Male,16337.0
19805,36-45,Male,5209.0
19806,56-65,Male,5066.0
19807,36-45,Female,6491.0
19808,18-25,Female,1275.0
19809,26-35,Female,2905.0
19810,56-65,Female,11313.0
19811,36-45,Male,2654.0
19812,36-45,Male,5710.0
19813,56-65,Female,20930.0
19814,56-65,Female,7473.0
19815,26-35,Female,8422.0
19816,36-45,Male,8777.0
19817,46-55,Male,12266.0
19818,36-45,Male,4212.0
19819,56-65,Male,7423.0
19820,26-35,Male,2238.0
19821,46-55,Male,17315.0
19822,26-35,Male,2872.0
19823,36-45,Female,14820.0
19824,26-35,Female,3900.0
19825,36-45,Male,3640.0
19826,36-45,Male,5241.0
19827,18-25,Male,3171.0
19828,26-35,Female,10166.0
19829,36-45,Male,7281.0
19830,36-45,Male,9092.0
19831,26-35,Male,2303.0
19832,26-35,Male,12937.0
19833,36-45,Male,9395.0
19834,26-35,Male,7763.0
19835,36-45,Female,5119.0
19836,18-25,Male,3590.0
19837,36-45,Male,7589.0
19838,26-35,Male,5670.0
19839,46-55,Female,5863.0
19840,26-35,Male,5219.0
19841,26-35,Male,5519.0
19842,36-45,Male,8871.0
19843,56-65,Male,5936.0
19844,46-55,Male,15098.0
19845,36-45,Female,6661.0
19846,36-45,Male,4724.0
19847,26-35,Male,4259.0
19848,36-45,Male,5974.0
19849,46-55,Female,17355.0
19850,36-45,Male,8942.0
19851,56-65,Female,6105.0
19852,26-35,Male,4946.0
19853,46-55,Male,9893.0
19854,18-25,Male,1012.0
19855,46-55,Male,4606.0
19856,26-35,Female,2766.0
19857,26-35,Male,3499.0
19858,46-55,Male,7338.0
19859,18-25,Male,2020.0
19860,26-35,Female,4045.0
19861,36-45,Female,12747.0
19862,36-45,Male,14625.0
19863,46-55,Male,3381.0
19864,36-45,Male,20203.0
19865,26-35,Male,5808.0
19866,36-45,Male,2805.0
19867,36-45,Male,6633.0
19868,46-55,Male,10010.0
19869,18-25,Female,2409.0
19870,26-35,Male,3542.0
19871,26-35,Male,2686.0
19872,18-25,Male,3010.0
19873,36-45,Male,9973.0
19874,56-65,Male,12046.0
19875,36-45,Female,3170.0
19876,65+,Male,3659.0
19877,46-55,Female,12926.0
19878,36-45,Male,6440.0
19879,26-35,Male,6695.0
19880,46-55,Male,17052.0
19881,36-45,Female,5803.0
19882,36-45,Male,7013.0
19883,36-45,Female,6433.0
19884,26-35,Female,2435.0
19885,46-55,Female,12393.0
19886,26-35,Male,5403.0
19887,46-55,Male,10753.0
19888,26-35,Female,9515.0
19889,56-65,Male,5381.0
19890,26-35,Female,4569.0
19891,46-55,Female,6482.0
19892,26-35,Male,971.0
19893,46-55,Female,12639.0
19894,26-35,Female,1639.0
19895,46-55,Male,6473.0
19896,36-45,Male,10992.0
19897,26-35,Female,2998.0
19898,46-55,Male,6407.0
19899,36-45,Male,10098.0
19900,26-35,Male,2078.0
19901,26-35,Male,4525.0
19902,26-35,Male,4262.0
19903,26-35,Male,16400.0
19904,26-35,Female,3894.0
19905,26-35,Male,5282.0
19906,26-35,Female,2829.0
19907,46-55,Male,7133.0
19908,46-55,Female,9518.0
19909,36-45,Male,2499.0
19910,18-25,Male,4601.0
19911,36-45,Male,6935.0
19912,26-35,Male,3640.0
19913,26-35,Male,2171.0
19914,46-55,Female,9838.0
19915,26-35,Female,3367.0
19916,46-55,Female,8296.0
19917,46-55,Male,15586.0
19918,36-45,Female,8442.0
19919,26-35,Male,4777.0
19920,46-55,Female,11667.0
19921,36-45,Male,5855.0
19922,18-25,Male,4125.0
19923,26-35,Male,5793.0
19924,26-35,Female,4765.0
19925,46-55,Male,4357.0
19926,46-55,Female,13559.0
19927,26-35,Male,4964.0
19928,26-35,Female,13704.0
19929,56-65,Male,8243.0
19930,26-35,Male,5977.0
19931,36-45,Male,4134.0
19932,46-55,Female,6372.0
19933,56-65,Male,12139.0
19934,26-35,Male,3596.0
19935,46-55,Male,25536.0
19936,46-55,Male,3462.0
19937,36-45,Male,12896.0
19938,65+,Female,4966.0
19939,26-35,Male,2396.0
19940,46-55,Male,2500.0
19941,46-55,Male,2946.0
19942,56-65,Male,10164.0
19943,26-35,Female,1596.0
19944,26-35,Male,2157.0
19945,36-45,Male,4201.0
19946,46-55,Male,6192.0
19947,18-25,Male,3975.0
19948,36-45,Female,10828.0
19949,36-45,Female,4844.0
19950,26-35,Female,2471.0
19951,46-55,Male,7590.0
19952,46-55,Male,7354.0
19953,56-65,Male,4397.0
19954,56-65,Male,6133.0
19955,26-35,Male,5970.0
19956,26-35,Male,2954.0
19957,56-65,Male,6525.0
19958,46-55,Male,5977.0
19959,26-35,Female,2366.0
19960,36-45,Male,13642.0
19961,46-55,Male,10995.0
19962,65+,Female,9142.0
19963,36-45,Male,5044.0
19964,36-45,Female,13250.0
19965,26-35,Male,1938.0
19966,46-55,Male,20422.0
19967,26-35,Male,13997.0
19968,46-55,Male,8506.0
19969,36-45,Male,6452.0
19970,26-35,Female,4995.0
19971,36-45,Male,6516.0
19972,46-55,Male,15030.0
19973,26-35,Male,8629.0
19974,46-55,Male,5440.0
19975,36-45,Male,9357.0
19976,26-35,Female,2007.0
19977,26-35,Female,2701.0
19978,56-65,Female,16712.0
19979,65+,Male,1190.0
19980,26-35,Male,3162.0
19981,65+,Male,4932.0
19982,18-25,Male,2241.0
19983,18-25,Male,3972.0
19984,56-65,Male,9466.0
19985,56-65,Male,10071.0
19986,46-55,Female,5025.0
19987,46-55,Male,10284.0
19988,26-35,Male,3871.0
19989,46-55,Male,5026.0
19990,36-45,Male,6871.0
19991,36-45,Male,7473.0
19992,26-35,Male,3678.0
19993,46-55,Male,8065.0
19994,36-45,Male,12815.0
19995,56-65,Male,5821.0
19996,26-35,Female,3129.0
19997,46-55,Female,24384.0
19998,26-35,Male,8553.0
19999,36-45,Male,5661.0
20000,26-35,Female,2555.0
